Protocolo,data,hora,natureza,situacao,bairro,endereco,numero,detalhe_endereco_acidente,complemento,bairro_cruzamento,num_semaforo,sentido_via,tipo,auto,moto,ciclom,ciclista,pedestre,onibus,caminhao,viatura,outros,vitimas,vitimasfatais,acidente_verificado,tempo_clima,situacao_semaforo,sinalizacao,condicao_via,conservacao_via,ponto_controle,situacao_placa,velocidade_max_via,mao_direcao,divisao_via1,divisao_via2,divisao_via3
202200001,2022-01-01,,COM VÍTIMA,FINALIZADA,JORDÃO,AV MARIA IRENE,130,,,JORDÃO,,SUBURBIO,COLISÃO FRONTAL,1,1,0,0,0,0,0,0,0,1,0,Longo da via,Bom,Não existe,Não existente,Seca,Perfeito estado,Não existe,Não há placas,,Dupla,Não existe,,
202200007,2022-01-01,,SEM VÍTIMA,FINALIZADA,IMBIRIBEIRA,AV MARECHAL MASCARENHAS DE MORAES,,,LADO OPOSTO AO NÚMERO 4728,IMBIRIBEIRA,471,CIDADE,COLISÃO TRASEIRA,2,0,0,0,0,0,0,0,0,0,0,Longo da via,Bom,Sem defeito,Perfeito estado,Seca,Perfeito estado,Faixa de pedestre,Não há placas,,Dupla,Canteiro central,,
202200025,2022-01-01,,COM VÍTIMA,CANCELADA,CAXANGÁ,AV CAXANGA,,,PROX AO CRUZAMENTO  DE SAN MARTIN E/F A IGREJA SAO SEBASTIAO  S/T SUB,CAXANGÁ,,,COLISÃO TRASEIRA,1,1,0,0,0,0,0,0,0,2,0,,,,,,,,,,,,,
202200029,2022-01-01,,COM VÍTIMA,CANCELADA,JOANA BEZERRA,AV GOVERNADOR AGAMENON MAGALHAES,,,ENFRENTE AO FORUM DE JOANA BEZERRA SENTIDO BOA VIAGEM,JOANA BEZERRA,,,COLISÃO LATERAL,1,1,0,0,0,0,0,0,0,1,0,,,,,,,,,,,,,
202200082,2022-01-02,,COM VÍTIMA,FINALIZADA,AFLITOS,RUA MANUEL DE CARVALHO,432,RUA CARNEIRO VILELA,PRÓX AO CAMPO DO NAUTICO,AFLITOS,,SUBURBIO,COLISÃO LATERAL,1,1,0,0,0,0,0,0,0,1,0,Cruzamento,Bom,Não existe,Perfeito estado,Seca,Perfeito estado,,"Placas ""Pare""",,Única,Faixa contínua,,
202200085,2022-01-02,,COM VÍTIMA,FINALIZADA,TAMARINEIRA,AV NORTE MIGUEL ARRAES DE ALENCAR,,RUA CONEGO BARATA,SEMAFORO 062,TAMARINEIRA,62,SUBURBIO,COLISÃO LATERAL,1,1,0,0,0,0,0,0,0,1,0,Longo da via,Bom,Sem defeito,Perfeito estado,Seca,Perfeito estado,Faixa de pedestre,Outras,,,,,
202200086,2022-01-02,,COM VÍTIMA,FINALIZADA,IMBIRIBEIRA,AV MARECHAL MASCARENHAS DE MORAES,841,,"AO LADO DA MAGAZINE E E/F AO RECIFE RADIADORES / PRÓX A ESTAÇÃO, SNT AFOGADOS",IMBIRIBEIRA,,CIDADE,COLISÃO LATERAL,1,1,0,0,0,0,0,0,0,1,0,Longo da via,Chuvoso,,Perfeito estado,Molhada,Perfeito estado,Outros,,40 km/h,,,,
202200107,2022-01-03,,SEM VÍTIMA,FINALIZADA,VASCO DA GAMA,RUA NORDESTE,109,,EM FRENTE AO Nº 109,VASCO DA GAMA,,CIDADE,CAPOTAMENTO,0,0,0,0,0,1,0,0,0,0,0,,Chuvoso,Não existe,Não existente,Molhada,Perfeito estado,Não existe,Não há placas,,Dupla,Não existe,,
202200139,2022-01-03,,SEM VÍTIMA,FINALIZADA,TAMARINEIRA,RUA CONEGO BARATA,410,,EM FRENTE A BORRACHARIA,TAMARINEIRA,,SUBURBIO,,1,0,0,0,0,0,0,1,0,0,0,Longo da via,Bom,Sem defeito,Perfeito estado,Seca,Perfeito estado,Faixa de pedestre,,,Dupla,Faixa seccionada,Canteiro central,
202200154,2022-01-03,,COM VÍTIMA,CANCELADA,CAXANGÁ,AV CAXANGA,,,PROX AO POSTO DISLUBE,CAXANGÁ,,CAMARAGIBE,COLISÃO LATERAL,1,0,0,1,0,0,0,0,0,1,0,,,,,,,,,,,,,
202200165,2022-01-04,,COM VÍTIMA,FINALIZADA,ARRUDA,AV BEBERIBE,1253,RUA DAS MOCAS,EM FRENTE AO CAMPO DO ARRUDA E AO CERPE,ARRUDA,,CIDADE,COLISÃO LATERAL,1,1,0,0,0,0,0,0,0,1,0,Cruzamento,Chuvoso,Não existe,Perfeito estado,Molhada,Perfeito estado,Outros,Outras,,Dupla,Faixa contínua,,
202200176,2022-01-04,,COM VÍTIMA,FINALIZADA,APIPUCOS,RUA DE APIPUCOS,,RUA CORONEL JOAO BATISTA DO REGO BARROS,PROXIMO DO AÇUDE,APIPUCOS,540,SUBURBIO,COLISÃO TRANSVERSAL,1,1,0,0,0,0,0,0,0,1,0,Cruzamento,Chuvoso,Sem defeito,Perfeito estado,Molhada,Perfeito estado,Faixa de pedestre,Não há placas,,Dupla,Faixa contínua,,
202200178,2022-01-04,,COM VÍTIMA,FINALIZADA,GRAÇAS,AV RUI BARBOSA,1473,,EM FRENTE O COLÉGIO DAMAS,GRAÇAS,,CIDADE,ATROPELAMENTO DE PESSOA,1,0,0,0,1,0,0,0,0,1,0,Longo da via,Chuvoso,Não existe,Perfeito estado,Seca,Perfeito estado,Faixa de pedestre,Outras,60 km/h,Única,Faixa seccionada,,
202200179,2022-01-04,,COM VÍTIMA,FINALIZADA,ARRUDA,AV BEBERIBE,1020,,"EM FRENTE AO POSTO BR, SENT. ENCRUZILHADA",ARRUDA,,CIDADE,COLISÃO TRANSVERSAL,1,1,0,0,0,0,0,0,0,1,0,Longo da via,Bom,Não existe,Perfeito estado,Seca,Perfeito estado,Não existe,R-6a,60 km/h,Dupla,Faixa contínua,,
202200186,2022-01-04,,COM VÍTIMA,CANCELADA,BOA VIAGEM,AV ENGENHEIRO DOMINGOS FERREIRA,2200,,EM FRENTE A IMOBILIARIA PAULO MIRANDA,BOA VIAGEM,,,COLISÃO TRASEIRA,3,0,0,0,0,0,0,0,0,1,0,,,,,,,,,,,,,
202200189,2022-01-04,,COM VÍTIMA,FINALIZADA,IMBIRIBEIRA,AV MARECHAL MASCARENHAS DE MORAES,,,"E, BAIXO DA PASSARELA PROX AO EROPORTO S/T SUB",IMBIRIBEIRA,570,SUBURBIO,COLISÃO TRASEIRA,2,0,0,0,0,0,0,0,0,1,0,Longo da via,Bom,Sem defeito,Perfeito estado,Seca,Perfeito estado,Faixa de pedestre,R-6a,60 km/h,Única,Faixa contínua,,
202200194,2022-01-04,,COM VÍTIMA,FINALIZADA,CASA AMARELA,RUA MAJOR NEREU GUERRA,,RUA MAJOR AFONSO LEAL,E/F A BIBLIOTECA PUBLICA  - COLISÃO ENTRE AUTO E MOTO - ACIDENTE COM DUAS VÍTIMAS,CASA AMARELA,,CIDADE,COLISÃO LATERAL,1,1,0,0,0,0,0,0,0,2,0,Esquina,Bom,Não existe,Incompleta,Seca,Mal conservada,Não existe,Outras,,Única,Faixa seccionada,,
202200196,2022-01-04,,SEM VÍTIMA,FINALIZADA,VASCO DA GAMA,RUA PLANALTO,157,,COMUNIDADE ALTO NOSSA SENHORA DE FÁTIMA,VASCO DA GAMA,,SUBURBIO,CHOQUE,0,0,0,0,0,0,1,0,0,0,0,,Bom,,Perfeito estado,Seca,Perfeito estado,Não existe,Não há placas,,Dupla,Não existe,,
202200199,2022-01-04,,COM VÍTIMA,FINALIZADA,ILHA DO LEITE,RUA GENERAL JOAQUIM INACIO,,AV FREI MATIAS TEVES,EM FRENTE A FARMACIA INDEPENDENTE,ILHA DO LEITE,,SUBURBIO,COLISÃO LATERAL,1,1,0,0,0,0,0,0,0,1,0,Cruzamento,Bom,Sem defeito,Perfeito estado,Seca,Perfeito estado,Faixa de pedestre,R-6a,40 km/h,Dupla,Faixa seccionada,,
202200211,2022-01-04,,COM VÍTIMA,FINALIZADA,IMBIRIBEIRA,AV ANTONIO TORRES GALVAO,360,,E/F A AMERICA FORD,IMBIRIBEIRA,,,COLISÃO COM CICLISTA,1,0,0,1,0,0,0,0,0,1,0,Longo da via,Bom,Sem defeito,Perfeito estado,Seca,Perfeito estado,Agente,R-6a,,Única,Faixa seccionada,,
202200216,2022-01-04,,COM VÍTIMA,FINALIZADA,IPSEP,AV RECIFE,1810,RUA JEAN EMILE FAVRE,E/F A PADARIA VILA DO PAO / SEMÁFORO 130,IPSEP,130,SUBURBIO,COLISÃO TRASEIRA,1,1,0,0,0,0,0,0,0,1,0,Longo da via,Chuvoso,,Perfeito estado,Molhada,Perfeito estado,Faixa de pedestre,R-6a,,Dupla,Faixa contínua,Faixa seccionada,
202200238,2022-01-05,,COM VÍTIMA,FINALIZADA,DOIS IRMÃOS,RUA MANUEL DE MEDEIROS,450,,EM FRENTE A OFICINA MECANICA,DOIS IRMÃOS,,,COLISÃO LATERAL,1,1,0,0,0,0,1,0,0,1,0,Longo da via,Bom,Sem defeito,Perfeito estado,Seca,Perfeito estado,Não existe,,,Dupla,Faixa contínua,,
202200257,2022-01-05,,COM VÍTIMA,FINALIZADA,CABANGA,VIADUTO CAPITAO TEMUDO,SN,,PROXIMO AO IATE CLUBE,CABANGA,,CIDADE,COLISÃO TRASEIRA,0,2,0,0,0,0,0,0,0,2,0,Viaduto,Bom,Não existe,Perfeito estado,Seca,Perfeito estado,Não existe,Não há placas,60 km/h,Única,Blocos,,
202200259,2022-01-05,,COM VÍTIMA,CANCELADA,CAXANGÁ,AV CAXANGA,,,E/F AO MUSEU DA ABOLIÇAO PROX AO VIADUTO,CAXANGÁ,,,COLISÃO COM CICLISTA,1,0,0,1,0,0,0,0,0,1,0,,,,,,,,,,,,,
202200268,2022-01-05,,SEM VÍTIMA,FINALIZADA,ARRUDA,AV PROFESSOR JOSE DOS ANJOS,162,,EM FRENTE AO Nº 162 - SENTIDO CIDADE/SUBÚRBIO,ARRUDA,131,SUBURBIO,,0,1,0,0,0,0,0,1,0,0,0,Longo da via,Bom,Sem defeito,Perfeito estado,Seca,Perfeito estado,Não existe,R-4b,40 km/h,Dupla,Canal,,
202200269,2022-01-05,,COM VÍTIMA,FINALIZADA,ESPINHEIRO,RUA MARQUES DO PARANA,,RUA ALFREDO DE CARVALHO,PRÓX AO MARTELINHO DE OURO,ESPINHEIRO,,,COLISÃO TRANSVERSAL,0,0,0,0,0,1,1,0,0,2,0,Cruzamento,Bom,Não existe,Ilegível,Seca,Perfeito estado,Faixa de pedestre,R-4a,,Única,Não existe,,
202200278,2022-01-05,,COM VÍTIMA,FINALIZADA,IBURA,AV DOM HELDER CAMARA,,,AO LADO DO NUCLEO DE POLICIA NA ENTRADA DE IBURA DE BAIXO,IBURA,315,,COLISÃO TRASEIRA,1,1,0,0,0,0,0,0,0,1,0,Longo da via,Bom,Sem defeito,Perfeito estado,Seca,Perfeito estado,Faixa de retenção,Não há placas,,Dupla,Faixa contínua,,
202200288,2022-01-05,,SEM VÍTIMA,FINALIZADA,ÁGUA FRIA,EST VELHA DE AGUA FRIA,1110,,,ÁGUA FRIA,,SUBURBIO,CHOQUE,0,0,0,0,0,0,1,0,0,0,0,Longo da via,Bom,Não existe,Perfeito estado,Seca,Perfeito estado,Não existe,Outras,,Dupla,Canteiro central,,
202200293,2022-01-05,,COM VÍTIMA,FINALIZADA,BAIRRO DO RECIFE,AV MILITAR,,1PR DIAS COELHO,E/F AO FORTE DO BRUM,BAIRRO DO RECIFE,,S,COLISÃO LATERAL,1,1,0,0,0,0,0,0,0,1,0,Longo da via,Bom,Não existe,Perfeito estado,Seca,Perfeito estado,Não existe,R-6a,50 km/h,Única,,,
202200300,2022-01-05,,COM VÍTIMA,FINALIZADA,ILHA JOANA BEZERRA,AV GOVERNADOR AGAMENON MAGALHAES,,,E/F A ACADEMIA DA CIDADE,ILHA JOANA BEZERRA,,,CHOQUE,0,0,0,0,0,0,0,0,0,1,0,,,,,,,,,,,,,
202200302,2022-01-06,,COM VÍTIMA,FINALIZADA,ESPINHEIRO,AV JOAO DE BARROS,,,SOB O VIADUTO DA AGAMENOM MAGALHÃES / EM FRENTE A QUITANDARIA,ESPINHEIRO,,SUBURBIO,CHOQUE,0,1,0,0,0,0,0,0,0,2,0,Longo da via,Bom,Não existe,Perfeito estado,Seca,Perfeito estado,Não existe,Outras,,Única,Faixa seccionada,,
202200312,2022-01-06,,COM VÍTIMA,FINALIZADA,NOVA DESCOBERTA,RUA NOVA DESCOBERTA,211,,"LARGO DONA REGINA, EM FRENTE O ATACAREJO O CONDUTOR DO ÔNIBUS INFORMOU QUE O RAPAZ TERIA SE JOGADO NA FRENTE DO COLETIVO",NOVA DESCOBERTA,,,ATROPELAMENTO DE PESSOA,0,0,0,0,1,1,0,0,0,1,0,Longo da via,Nublado,Não existe,Incompleta,Seca,Perfeito estado,Não existe,,,Dupla,Faixa contínua,Faixa seccionada,
202200320,2022-01-06,,COM VÍTIMA,FINALIZADA,BARRO,AV DR JOSE RUFINO,1715,,"NO SEMAFORO 557,",BARRO,,CIDADE,COLISÃO TRANSVERSAL,1,1,0,0,0,0,0,0,0,1,0,Longo da via,Bom,Sem defeito,Perfeito estado,Seca,Perfeito estado,Não existe,R-6a,60 km/h,Dupla,Faixa contínua,,
202200323,2022-01-06,,COM VÍTIMA,FINALIZADA,CASA FORTE,AV DEZESSETE DE AGOSTO,969,,"E/F AO LABORATORIO CERPE, COLISÃO C/VITIMA ENTRE AUTO E MOTO",CASA FORTE,,CIDADE,COLISÃO TRASEIRA,1,1,0,0,0,0,0,0,0,2,0,Longo da via,Bom,Não existe,Perfeito estado,Seca,Perfeito estado,Não existe,Não há placas,,Dupla,Faixa contínua,,
202200333,2022-01-06,,SEM VÍTIMA,FINALIZADA,CASA AMARELA,RUA EUGENIO SAMICO,,RUA OSCAR DE BARROS,AO LADO DO CENTRO DE SAÚDE MÁRIO RAMOS ( PROFESSOR ),CASA AMARELA,,SUBURBIO,,2,0,0,0,0,0,0,0,0,0,0,Cruzamento,Bom,Não existe,,Seca,Perfeito estado,Faixa de pedestre,Outras,30 km/h,Dupla,Não existe,,
202200338,2022-01-06,,COM VÍTIMA,FINALIZADA,BOA VIAGEM,RUA VISCONDE DE JEQUITINHONHA,680,RUA BALTAZAR PASSOS,E/F AO EDIFICIO MARIA GUILHERMINA,BOA VIAGEM,154,,COLISÃO TRANSVERSAL,2,0,0,0,0,0,0,0,0,2,0,Cruzamento,Bom,Sem defeito,Perfeito estado,Seca,Perfeito estado,Faixa de pedestre,"Placas ""Pare""",60 km/h,Única,Faixa seccionada,Canteiro central,Canal
202200372,2022-01-06,,SEM VÍTIMA,FINALIZADA,SANTO ANTÔNIO,RUA IMPERADOR PEDRO SEGUNDO,,,"POR TRAS DO FORUM THOMAZ DE AQUINO, INFORMAÇÃO QUE UM POSTE DESABOU RUIU  SOBRE DOIS VEÍCULOS, CAUSANDO TRANSTONO NA VIA E DANOS MATERIAIS. EQUIPE DE ZONA AZUL MONITORANDO O LOCAL",SANTO ANTÔNIO,203,CIDADE,,3,0,0,0,0,0,0,0,0,0,0,Longo da via,Bom,Sem defeito,Perfeito estado,Seca,Perfeito estado,Faixa de pedestre,Outras,,Única,Faixa contínua,,
202200383,2022-01-06,,COM VÍTIMA,FINALIZADA,BOA VIAGEM,RUA DOS NAVEGANTES,785,RUA ERNESTO DE PAULA SANTOS,EM FRENTE AO EDIFICIO MARIA RENDA,BOA VIAGEM,,SUBURBIO,COLISÃO LATERAL,1,0,0,0,0,0,0,0,1,1,0,Longo da via,Bom,Não existe,Perfeito estado,Seca,Perfeito estado,Faixa de retenção,"Placas ""Pare""",,Única,Faixa seccionada,,
202200384,2022-01-06,,COM VÍTIMA,FINALIZADA,CORDEIRO,RUA PROFESSOR JOAQUIM XAVIER DE BRITO,166,RUA OCIDENTAL,NO SEMAFORO 541,CORDEIRO,541,,COLISÃO TRANSVERSAL,0,1,0,0,0,0,1,0,0,1,0,Cruzamento,Bom,Não existe,Perfeito estado,Seca,Perfeito estado,Não existe,Não há placas,30 km/h,Dupla,Canteiro central,,
202200399,2022-01-06,,COM VÍTIMA,FINALIZADA,IPUTINGA,AV MAURICIO DE NASSAU,455,EST DO BARBALHO,EM FRENTE AO JR HORTIFRUTI,IPUTINGA,246,,COLISÃO TRANSVERSAL,1,1,0,0,0,0,0,0,0,1,0,Cruzamento,Bom,Sem defeito,Perfeito estado,Seca,Perfeito estado,Faixa de pedestre,Não há placas,60 km/h,Dupla,Faixa contínua,,
202200425,2022-01-07,,COM VÍTIMA,FINALIZADA,SANTO AMARO,AV GOVERNADOR AGAMENON MAGALHAES,,,PROX AO POSTO  DISLUB / SENT OLINDA,SANTO AMARO,378,,COLISÃO TRASEIRA,1,1,0,0,0,0,0,0,0,1,0,Longo da via,Bom,Não existe,Perfeito estado,Seca,,,Não há placas,60 km/h,Dupla,Canteiro central,,
202200437,2022-01-07,,COM VÍTIMA,FINALIZADA,DERBY,AV GOVERNADOR AGAMENON MAGALHAES,,,PRAÇA DO DERBY,DERBY,75,BOA VIAGEM,COLISÃO TRASEIRA,0,2,0,0,0,0,0,0,0,2,0,Longo da via,Bom,Sem defeito,Perfeito estado,Seca,Perfeito estado,Agente,Outras,60 km/h,Dupla,Canteiro central,,
202200438,2022-01-07,,COM VÍTIMA,FINALIZADA,LINHA DO TIRO,RUA URIEL DE HOLANDA,274,,EM FRENTE A CLINICA CENTRAL,LINHA DO TIRO,,SUBURBIO,ATROPELAMENTO DE PESSOA,0,1,0,0,1,0,0,0,0,1,0,Longo da via,Bom,Não existe,Não existente,Seca,Perfeito estado,Não existe,Outras,30 km/h,Dupla,Não existe,,
202200439,2022-01-07,,SEM VÍTIMA,CANCELADA,BOA VISTA,AV CONDE DA BOA VISTA,,,E/F A GRÁFICA NACIONAL,BOA VISTA,,SUBURBIO,COLISÃO TRASEIRA,2,0,0,0,0,0,0,0,0,0,0,,,,,,,,,,,,,
202200453,2022-01-07,,COM VÍTIMA,CANCELADA,AFOGADOS,RUA CINCO DE NOVEMBRO,171,RUA JACIRA,PRÓX À IGREJA METODISTA  E BIBLIOTECA MUNICIPAL DE AFOGADOS,AFOGADOS,,,COLISÃO LATERAL,1,1,0,0,0,0,0,0,0,1,0,,,,,,,,,,,,,
202200472,2022-01-07,,COM VÍTIMA,FINALIZADA,PINA,AV ENCANTA MOCA,15,,PROX A LANCHONETE DO MAGAIVER,PINA,,SUBURBIO,COLISÃO FRONTAL,0,2,0,0,0,0,0,0,0,1,0,Longo da via,Bom,Não existe,Incompleta,Seca,Perfeito estado,Não existe,Não há placas,,Dupla,Não existe,,
202200483,2022-01-08,,COM VÍTIMA,FINALIZADA,JOANA BEZERRA,VIADUTO CAPITAO TEMUDO,,,NO SENTIDO  BOA VIAGEM,JOANA BEZERRA,,CIDADE,COLISÃO FRONTAL,1,1,0,0,0,0,0,0,0,1,0,Viaduto,Bom,Não existe,Perfeito estado,Seca,Perfeito estado,Não existe,Não há placas,60 km/h,Única,Faixa seccionada,,
202200541,2022-01-08,,COM VÍTIMA,FINALIZADA,AFOGADOS,RUA DA PAZ,204,RUA NICOLAU PEREIRA,EM FRENTE ACAIXA ECONOMICA FEDERAL. SITUAÇÃO ATIPICA ACIDENTE COM VÍTIMA ONDE O SUSPEITO DE FURTO FOI COLIDIDU POR OUTRO VEÍCULO REAGINDO A INVESTIDADO SUSPEITO QUE CONDUZIA UMA MOTO,AFOGADOS,,SUBURBIO,COLISÃO TRASEIRA,1,1,0,0,0,0,0,0,0,1,0,Longo da via,Bom,Não existe,Incompleta,Seca,Perfeito estado,Não existe,R-6a,,Única,Não existe,,
202200544,2022-01-08,,COM VÍTIMA,DUPLICIDADE,AFOGADOS,RUA DA PAZ,239,,EM FRENTE À CAIXA ECONÔMICA,AFOGADOS,,,COLISÃO TRASEIRA,1,1,0,0,0,0,0,0,0,1,0,,,,,,,,,,,,,
202200545,2022-01-08,,COM VÍTIMA,FINALIZADA,CASA AMARELA,RUA PADRE LEMOS,,,ENFRENTE AO MERCADO DE CASA AMARELA / ATACAREJO,CASA AMARELA,,CIDADE,ATROPELAMENTO DE PESSOA,0,1,0,0,1,0,0,0,0,1,0,Longo da via,Bom,Não existe,Perfeito estado,Seca,Perfeito estado,Não existe,Outras,,Dupla,Não existe,,
202200547,2022-01-08,,COM VÍTIMA,FINALIZADA,BOA VIAGEM,RUA DES JOAO PAES,656,,PROX AO RESTAURANTE BODE DO NO / EM FRENTE AO ED MERIDIEN,BOA VIAGEM,,SUBURBIO,CHOQUE,3,0,0,0,0,0,0,0,0,1,0,Longo da via,Bom,Não existe,Perfeito estado,Seca,Perfeito estado,Não existe,"Placas ""Pare""",30 km/h,Única,Não existe,,
202200548,2022-01-08,,COM VÍTIMA,FINALIZADA,SANTO AMARO,AV GOVERNADOR AGAMENON MAGALHAES,,,PRÓX AO POSTO DISLUB,SANTO AMARO,378,OLINDA,COLISÃO LATERAL,1,1,0,0,0,0,0,0,0,1,0,Longo da via,Bom,Sem defeito,Perfeito estado,Seca,Perfeito estado,Faixa de pedestre,Outras,60 km/h,Dupla,Canal,Faixa seccionada,
202200556,2022-01-08,,COM VÍTIMA,FINALIZADA,CASA FORTE,AV DEZESSETE DE AGOSTO,,RUA PIAUI,ENFRENTE AO CENTRO MEDICO SENADOR  / AO LADO POSTO DISLUB,CASA FORTE,251,,COLISÃO FRONTAL,1,1,0,0,0,0,0,0,0,1,0,Outros,Bom,Sem defeito,Perfeito estado,Seca,Perfeito estado,Faixa de pedestre,Não há placas,,Dupla,Não existe,,
202200571,2022-01-09,,COM VÍTIMA,FINALIZADA,BAIRRO DO RECIFE,CAIS DO APOLO,,,ANTES DA RUA RIO BRANCO / OPOSTO AO BANCO DO BRASIL,BAIRRO DO RECIFE,,,QUEDA,0,1,0,0,0,0,0,0,0,1,0,Longo da via,Bom,Sem defeito,Perfeito estado,Seca,Perfeito estado,Faixa de pedestre,Outras,,Dupla,Canteiro central,,
202200589,2022-01-09,,COM VÍTIMA,FINALIZADA,IPUTINGA,RUA SAO MATEUS,717,RUA JOSE FELIPE SANTIAGO,EM FRENTE A ASSEMBLEIA DE DEUS,IPUTINGA,,SUBURBIO,COLISÃO LATERAL,1,1,0,0,0,0,0,0,0,1,0,Longo da via,Bom,Não existe,Incompleta,Seca,Mal conservada,Não existe,Não há placas,,Dupla,Não existe,,
202200624,2022-01-09,,COM VÍTIMA,FINALIZADA,ESPINHEIRO,RUA ALFREDO DE CARVALHO,150,RUA ALFREDO DE MEDEIROS,PRÓX AO EXTRA,ESPINHEIRO,,SUBURBIO,CHOQUE,2,0,0,0,0,0,0,0,0,1,0,Longo da via,Bom,Não existe,Perfeito estado,Seca,Perfeito estado,Não existe,R-6b,30 km/h,Única,Não existe,,
202200633,2022-01-10,,SEM VÍTIMA,FINALIZADA,ILHA DO LEITE,AV GOVERNADOR AGAMENON MAGALHAES,4779,,EM FRENTE AO ISAAC NEWTON,ILHA DO LEITE,,,COLISÃO LATERAL,2,0,0,0,0,0,0,0,0,0,0,,,,,,,,,,,,,
202200655,2022-01-10,,COM VÍTIMA,FINALIZADA,CORDEIRO,AV CAXANGA,4038,EST DO BARBALHO,CRUZAMENTO,CORDEIRO,533,SUBURBIO,ATROPELAMENTO DE PESSOA,0,1,0,0,1,0,0,0,0,1,0,Longo da via,Bom,Sem defeito,Perfeito estado,Seca,Perfeito estado,Agente,Não há placas,60 km/h,Única,Faixa contínua,Faixa seccionada,Canteiro central
202200670,2022-01-10,,COM VÍTIMA,FINALIZADA,ESPINHEIRO,RUA AMELIA,,RUA ESMERALDINO BANDEIRA,EM FRENTE AO BAR E RESTAURANTE TRADICAO,ESPINHEIRO,675,CIDADE,COLISÃO TRANSVERSAL,1,1,0,0,0,0,0,0,0,1,0,Cruzamento,Bom,Com defeito,Perfeito estado,Seca,Perfeito estado,Faixa de pedestre,Outras,,Única,Faixa contínua,,
202200671,2022-01-10,,COM VÍTIMA,FINALIZADA,BOA VIAGEM,RUA BARAO DE SOUZA LEAO,1000,RUA ALMIRANTE NELSON FERNANDES,APOS O COLEGIO SANTOS DUMONT E/F AO POSTO IPIRANGA,BOA VIAGEM,,SUBURBIO,COLISÃO LATERAL,1,1,0,0,0,0,0,0,0,1,0,Longo da via,Bom,Não existe,Perfeito estado,Seca,Perfeito estado,Não existe,Não há placas,,Única,Faixa seccionada,,
202200672,2022-01-10,,COM VÍTIMA,FINALIZADA,BOA VIAGEM,RUA DOM JOSE LOPES,676,RUA CORONEL ANIZIO RODRIGUES COELHO,AO LADO DO BAR ESCRITORIO  / AO LADO COLEGIO E CURSO VENCER,BOA VIAGEM,,SUBURBIO,COLISÃO TRANSVERSAL,1,1,0,0,0,0,0,0,0,1,0,Cruzamento,Chuvoso,Não existe,Perfeito estado,Seca,Perfeito estado,Faixa de pedestre,"Placas ""Pare""",,Única,Faixa seccionada,,
202200676,2022-01-10,,COM VÍTIMA,CANCELADA,IPUTINGA,AV MAURICIO DE NASSAU,455,EST DO BARBALHO,PROX AO DETRAN,IPUTINGA,,,COLISÃO FRONTAL,1,1,0,0,0,0,0,0,0,1,0,,,,,,,,,,,,,
202200691,2022-01-10,,COM VÍTIMA,FINALIZADA,IPUTINGA,AV CAXANGA,4190,,"E/F A PAGUE MENOS E TI NOVA, SNT CAMARAGIBE / POR BAIXO DO VIADUTO",IPUTINGA,290,SUBURBIO,COLISÃO COM CICLISTA,0,1,0,1,0,0,0,0,0,1,0,Longo da via,Bom,Sem defeito,Perfeito estado,Seca,Perfeito estado,Faixa de pedestre,Não há placas,60 km/h,Única,Faixa seccionada,,
202200692,2022-01-10,,COM VÍTIMA,FINALIZADA,ESPINHEIRO,RUA DO ESPINHEIRO,200,RUA SANTO ELIAS,E/F AO POSTO IPIRANGA,ESPINHEIRO,,CIDADE,COLISÃO TRANSVERSAL,0,2,0,0,0,0,0,0,0,3,0,Cruzamento,Bom,Não existe,Ilegível,Seca,Perfeito estado,Faixa de pedestre,"Placas ""Pare""",,Única,Faixa seccionada,,
202200693,2022-01-10,,COM VÍTIMA,FINALIZADA,ENCRUZILHADA,AV BEBERIBE,,RUA DA CORAGEM,E/F AO POSTO SHEEL,ENCRUZILHADA,186,CIDADE,COLISÃO TRANSVERSAL,1,1,0,0,0,0,0,0,0,1,0,Cruzamento,Bom,Sem defeito,Perfeito estado,Seca,Perfeito estado,Outros,R-6a,40 km/h,Dupla,Faixa contínua,,
202200697,2022-01-10,,COM VÍTIMA,FINALIZADA,ALTO JOSÉ BONIFÁCIO,RUA CORREGO DO EUCLIDES,1410,,NA RUA DO ARMAZEM SHALON,ALTO JOSÉ BONIFÁCIO,,SUBURBIO,COLISÃO FRONTAL,1,1,0,0,0,0,0,0,0,1,0,Longo da via,Bom,Não existe,Não existente,Seca,,,,,Dupla,Faixa seccionada,,
202200699,2022-01-10,,COM VÍTIMA,CANCELADA,BOA VISTA,RUA DO PROGRESSO,95,,E/F AO CCE E PRÓX AO CONSULADO,BOA VISTA,,,COLISÃO FRONTAL,0,0,0,0,0,0,0,0,0,1,0,,,,,,,,,,,,,
202200700,2022-01-10,,SEM VÍTIMA,FINALIZADA,JOANA BEZERRA,VIADUTO CAPITAO TEMUDO,,,,JOANA BEZERRA,,CIDADE,CHOQUE,1,0,0,0,0,0,0,0,0,0,0,,,,,,,,,,,,,
202200706,2022-01-11,,COM VÍTIMA,FINALIZADA,MACAXEIRA,AV NORTE MIGUEL ARRAES DE ALENCAR,1069,,EM FRENTE A MERTERNIDADE BARROS LIMA E MEC MATERIAIS DE CONSTRUÇÃO.,MACAXEIRA,,CIDADE,COLISÃO TRASEIRA,2,1,0,0,0,0,0,0,0,1,0,Longo da via,Chuvoso,Sem defeito,Perfeito estado,Molhada,Perfeito estado,Faixa de pedestre,Não há placas,60 km/h,Dupla,Faixa contínua,Canteiro central,