Protocolo,data,hora,natureza,situacao,bairro,endereco,numero,detalhe_endereco_acidente,complemento,bairro_cruzamento,num_semaforo,sentido_via,tipo,auto,moto,ciclom,ciclista,pedestre,onibus,caminhao,viatura,outros,vitimas,vitimasfatais,acidente_verificado,tempo_clima,situacao_semaforo,sinalizacao,condicao_via,conservacao_via,ponto_controle,situacao_placa,velocidade_max_via,mao_direcao,divisao_via1,divisao_via2,divisao_via3
202201486,2022-01-23,,COM VÍTIMA,FINALIZADA,DERBY,AV GOVERNADOR AGAMENON MAGALHAES,,RUA HENRIQUE DIAS,PROX A ESTACAO DE ESGOTOS,DERBY,68,OLINDA,COLISÃO LATERAL,0,2,0,0,0,0,0,0,0,1,0,Cruzamento,Bom,Sem defeito,Perfeito estado,Seca,Perfeito estado,Faixa de pedestre,,,Única,Faixa contínua,,
202201496,2022-01-23,,COM VÍTIMA,FINALIZADA,PINA,PTE GOVERNADOR PAULO GUERRA,,,PROX AO ENTRADA DO SHOPPING RIOMAR   E/T BOA VIAGEM,PINA,,SUBURBIO,COLISÃO FRONTAL,1,1,0,0,0,0,0,0,0,1,0,Longo da via,Bom,Não existe,Perfeito estado,Seca,Perfeito estado,Não existe,Não há placas,60 km/h,Única,Faixa seccionada,,
202201504,2022-01-23,,COM VÍTIMA,FINALIZADA,BOA VIAGEM,RUA VISCONDE DE JEQUITINHONHA,1400,,POR TRAS DO PARQUE DONA LINDU BEIRA CANAL S/T PIEDADE,BOA VIAGEM,,SUBURBIO,ENGAVETAMENTO,3,0,0,0,0,0,0,0,0,3,0,Longo da via,Bom,Não existe,Perfeito estado,Seca,Perfeito estado,Faixa de retenção,Não há placas,,Única,Faixa seccionada,Outros,
202201508,2022-01-23,,COM VÍTIMA,FINALIZADA,CAMPO GRANDE,RUA JERONIMO VILELA,477,RUA DR MACHADO,E/F AO BAR ESQUENTA,CAMPO GRANDE,565,SUBURBIO,COLISÃO COM CICLISTA,0,1,0,2,0,0,0,0,0,1,0,Cruzamento,Bom,Sem defeito,Perfeito estado,Seca,Perfeito estado,Faixa de pedestre,R-28,,Dupla,Faixa seccionada,,
202201516,2022-01-23,,COM VÍTIMA,CANCELADA,ESPINHEIRO,RUA DO FUTURO,,RUA PADRE ROMA,E/F AO HOSPITAL ALBERT SABIN,ESPINHEIRO,,,COLISÃO LATERAL,1,1,0,0,0,0,0,0,0,1,0,,,,,,,,,,,,,
202201520,2022-01-23,,SEM VÍTIMA,CANCELADA,BOA VIAGEM,RUA PEDRO BERGAMO,109,,BOATE VITRINE,BOA VIAGEM,,,COLISÃO TRANSVERSAL,0,0,0,0,0,0,0,0,0,0,0,,,,,,,,,,,,,
202201521,2022-01-24,,SEM VÍTIMA,CANCELADA,NOVA DESCOBERTA,RUA BUJARU,55,,ENTRADA DO LARGO DONA REGINA - E/F A CASA DO QUEIJO,NOVA DESCOBERTA,,,COLISÃO TRANSVERSAL,2,0,0,0,0,0,0,0,0,0,0,,,,,,,,,,,,,
202201530,2022-01-24,,COM VÍTIMA,FINALIZADA,APIPUCOS,RUA DE APIPUCOS,1230,RUA CAETES,EM FRENTE AO DECIMO PRIMEIRO BATALHÃO,APIPUCOS,248,SUBURBIO,COLISÃO TRANSVERSAL,1,1,0,0,0,0,0,0,0,1,0,Cruzamento,Chuvoso,Sem defeito,Perfeito estado,Molhada,Perfeito estado,Faixa de pedestre,R-6a,,Dupla,Faixa contínua,,
202201536,2022-01-24,,COM VÍTIMA,FINALIZADA,BOA VIAGEM,AV BOA VIAGEM,6274,,50 METROS ANTES DO DONA LINDU,BOA VIAGEM,,CIDADE,COLISÃO LATERAL,1,1,0,0,0,0,0,0,0,1,0,Longo da via,Bom,Não existe,Perfeito estado,Seca,Perfeito estado,Não existe,Outras,,Única,Faixa contínua,,
202201547,2022-01-24,,COM VÍTIMA,FINALIZADA,ESPINHEIRO,RUA CONS PORTELA,665,RUA CARNEIRO VILELA,ACIDENTE COM VÍTIMA NA FRENTE DA GALERIA CONS. PORTELA. MOTO E AUTO COM 2 VÍTIMAS,ESPINHEIRO,,CIDADE,COLISÃO LATERAL,1,1,0,0,0,0,0,0,0,1,0,Longo da via,Bom,Não existe,Perfeito estado,Seca,Perfeito estado,,R-6c,,Única,Faixa seccionada,,
202201550,2022-01-24,,COM VÍTIMA,FINALIZADA,BOA VIAGEM,RUA SETUBAL,,RUA DR VICENTE GOMES,,BOA VIAGEM,60,CIDADE,COLISÃO TRANSVERSAL,2,0,0,0,0,0,0,0,0,2,0,Cruzamento,Bom,Sem defeito,Perfeito estado,Seca,Perfeito estado,Faixa de pedestre,R-4b,,Única,Não existe,,
202201557,2022-01-24,,COM VÍTIMA,FINALIZADA,AFLITOS,RUA MANUEL DE CARVALHO,1328,,"PROX AO CHINA 48, VEÍCULO TUCSON ATROPELOU UM PEDESTRE,",AFLITOS,,SUBURBIO,ATROPELAMENTO DE PESSOA,1,0,0,0,1,0,0,0,0,1,0,Longo da via,Bom,Não existe,Perfeito estado,Seca,Perfeito estado,Outros,Outras,,,,,
202201570,2022-01-24,,SEM VÍTIMA,FINALIZADA,DERBY,AV GOVERNADOR AGAMENON MAGALHAES,,PRC DO DERBY,SOB O SEMÁFORO 075,DERBY,75,,,1,1,0,0,0,0,0,0,0,0,0,Cruzamento,Bom,Sem defeito,Perfeito estado,Seca,Perfeito estado,Agente,Outras,60 km/h,Dupla,Canteiro central,Canal,
202201571,2022-01-24,,COM VÍTIMA,FINALIZADA,IPSEP,AV RECIFE,,RUA SAO NICOLAU,COLISÃO ENTRE TRES VEICULOS: VIATURA DA PM/PE - MOTO -  VEICULO USV.,IPSEP,16,CIDADE,COLISÃO TRANSVERSAL,1,1,0,0,0,0,0,0,0,1,0,,,,,,,,,,,,,
202201573,2022-01-24,,COM VÍTIMA,FINALIZADA,IMBIRIBEIRA,AV MARECHAL MASCARENHAS DE MORAES,,,EM BAIXO DO VIADUTO TANCREDO NEVES/ SENTIDO AEROPORTO,IMBIRIBEIRA,,SUBURBIO,COLISÃO LATERAL,0,1,0,0,0,0,0,0,0,1,0,Longo da via,Bom,Não existe,Não existente,Seca,Perfeito estado,Não existe,Não há placas,60 km/h,Dupla,Faixa seccionada,Canteiro central,
202201577,2022-01-24,,COM VÍTIMA,FINALIZADA,CASA FORTE,RUA AGRESTINA,201,RUA AMARAJI,ESQUINA DA ESCOLA RAÍZES,CASA FORTE,,CIDADE,COLISÃO LATERAL,1,1,0,0,0,0,0,0,0,1,0,Cruzamento,Bom,Não existe,Perfeito estado,Seca,Perfeito estado,,"Placas ""Pare""",30 km/h,Dupla,Não existe,,
202201583,2022-01-24,,COM VÍTIMA,FINALIZADA,CASA FORTE,RUA LEONARDO BEZERRA CAVALCANTE,790,RUA NESTOR SILVA,PERTO DO SHOPPING PLAZA E BIG BOMPREÇO,CASA FORTE,585,CIDADE,COLISÃO TRANSVERSAL,2,0,0,0,0,0,0,0,0,1,0,Cruzamento,Bom,Sem defeito,Perfeito estado,Seca,Perfeito estado,Faixa de pedestre,Não há placas,60 km/h,Única,Faixa seccionada,,
202201587,2022-01-25,,COM VÍTIMA,FINALIZADA,NOVA DESCOBERTA,AV VEREADOR OTACILIO AZEVEDO,2332,RUA DR ANTONIO DA ROSA BORGES,EM FRENE AO MECADO PUBLICO DE NOVA DESCOBERTA / FAIXA DA DIREITA,NOVA DESCOBERTA,,SUBURBIO,COLISÃO COM CICLISTA,1,0,0,1,0,0,0,0,0,1,0,Esquina,Bom,Não existe,Perfeito estado,Seca,Perfeito estado,,R-6a,,Dupla,Não existe,,
202201597,2022-01-25,,COM VÍTIMA,CANCELADA,CAXANGÁ,AV JOAQUIM RIBEIRO,,,EM CIMA DO VIADUTO // SENTIDO CIDADE // APÓS O SEMÁFORO 281,CAXANGÁ,,,COLISÃO LATERAL,1,1,0,0,0,0,0,0,0,1,0,,,,,,,,,,,,,
202201611,2022-01-25,,COM VÍTIMA,FINALIZADA,CASA AMARELA,RUA PADRE LEMOS,391,,EM FRENTE A CASA PIO,CASA AMARELA,,CIDADE,ATROPELAMENTO DE PESSOA,1,0,0,0,1,0,0,0,0,1,0,Longo da via,Bom,Não existe,Perfeito estado,Seca,Perfeito estado,Faixa de pedestre,R-6a,30 km/h,,Não existe,,
202201615,2022-01-25,,COM VÍTIMA,FINALIZADA,ROSARINHO,RUA DR JOSE MARIA,911,,AO LADO DO RESTAURANTE PORTAL DA PICANHA,ROSARINHO,,,COLISÃO LATERAL,1,1,0,0,0,0,0,0,0,1,0,,,,,,,,,,,,,
202201618,2022-01-25,,COM VÍTIMA,FINALIZADA,BOA VIAGEM,AV BOA VIAGEM,5090,,E/F AO EDIFICIO LULA CARDOSO AYRES,BOA VIAGEM,483,CIDADE,COLISÃO TRASEIRA,1,1,0,0,0,0,0,0,0,1,0,Longo da via,Bom,Sem defeito,Perfeito estado,Seca,Perfeito estado,Faixa de retenção,Não há placas,,Única,Faixa contínua,,
202201621,2022-01-25,,COM VÍTIMA,CANCELADA,CORDEIRO,RUA GOMES TABORDA,,AV GENERAL SAN MARTIN,PRÓX.  AO ATACAREJO IDEAL,CORDEIRO,,,COLISÃO FRONTAL,1,1,0,0,0,0,0,0,0,1,0,,,,,,,,,,,,,
202201622,2022-01-25,,SEM VÍTIMA,FINALIZADA,VÁRZEA,RUA GASTAO VIDIGAL,26,,PRÓXIMO A UPA DA CAXANGÁ,VÁRZEA,281,CIDADE,COLISÃO TRANSVERSAL,1,0,0,0,0,0,0,1,0,0,0,Longo da via,Bom,Sem defeito,Perfeito estado,Seca,Perfeito estado,,Não há placas,,Dupla,Faixa seccionada,,
202201624,2022-01-25,,COM VÍTIMA,FINALIZADA,CASA AMARELA,AV NORTE MIGUEL ARRAES DE ALENCAR,5121,RUA BELA VISTA,E/F AO REI DA PICANHA S/T CID,CASA AMARELA,677,CIDADE,COLISÃO TRASEIRA,1,0,0,0,0,1,0,0,0,1,0,Cruzamento,Bom,Sem defeito,Perfeito estado,Seca,Perfeito estado,Faixa de pedestre,R-6a,,Dupla,Faixa seccionada,Canteiro central,
202201627,2022-01-25,,COM VÍTIMA,FINALIZADA,PRADO,RUA CARLOS GOMES,153,RUA RICARDO SALAZAR,NO SEMFORO 623,PRADO,623,CIDADE,QUEDA,0,1,0,0,0,0,0,0,0,1,0,Longo da via,Bom,Sem defeito,Perfeito estado,Oleosa,Perfeito estado,Faixa de pedestre,"Placas ""Pare""",,Dupla,Faixa contínua,,
202201635,2022-01-25,,COM VÍTIMA,CANCELADA,BOA VIAGEM,RUA DR GASPAR REGUEIRA COSTA,57,RUA DOM JOSE LOPES,EM FRENTE AO SAN BOTEQUIM,BOA VIAGEM,,,COLISÃO LATERAL,1,1,0,0,0,0,0,0,0,1,0,,,,,,,,,,,,,
202201638,2022-01-25,,COM VÍTIMA,FINALIZADA,CASA AMARELA,AV NORTE MIGUEL ARRAES DE ALENCAR,4413,,E/F AO SESC DE CASA AMARELA  S/T CID,CASA AMARELA,364,CIDADE,COLISÃO LATERAL,1,0,0,0,0,1,0,0,0,1,0,Longo da via,Bom,Sem defeito,Perfeito estado,Seca,Perfeito estado,,Outras,60 km/h,Dupla,Faixa seccionada,,
202201655,2022-01-25,,SEM VÍTIMA,FINALIZADA,TAMARINEIRA,RUA JUNDIA,275,,PRÓX AO HOME CENTER FERREIRA COSTA,TAMARINEIRA,,,CHOQUE,0,0,0,0,0,0,0,0,0,0,0,,,,,,,,,,,,,
202201659,2022-01-25,,COM VÍTIMA,FINALIZADA,ENCRUZILHADA,AV BEBERIBE,600,RUA DR EDUARDO WANDERLEY,E/F À LOJA FERREIRA PINTO,ENCRUZILHADA,480,,COLISÃO LATERAL,1,1,0,0,0,0,0,0,0,1,0,Esquina,Bom,Sem defeito,Perfeito estado,Seca,Perfeito estado,Faixa de pedestre,Outras,,Dupla,Faixa seccionada,,
202201662,2022-01-26,,SEM VÍTIMA,FINALIZADA,PINA,AVENIDA CELSO FURTADO (VIA MANGUE),,,PRÓX. AO SHOPPING RIO MAR (SENT. PINA),PINA,,,CAPOTAMENTO,1,0,0,0,0,0,0,0,0,0,0,,,,,,,,,,,,,
202201690,2022-01-26,,COM VÍTIMA,FINALIZADA,DERBY,AV GOVERNADOR AGAMENON MAGALHAES,,RUA JOAQUIM NABUCO,EM FRNTE A ESCOLA BARBOSA LIMA / SENT BOA VIAGEM,DERBY,147,BOA VIAGEM,ENGAVETAMENTO,2,0,0,0,0,1,0,0,0,1,0,Longo da via,Bom,Sem defeito,Perfeito estado,Seca,Perfeito estado,Faixa de pedestre,,60 km/h,Dupla,Canteiro central,,
202201708,2022-01-26,,COM VÍTIMA,FINALIZADA,IMBIRIBEIRA,AV PRESIDENTE DUTRA,,,LADO OPOSTO AO ANTIGO OUT LET SENTIDO BOA VIAGEM,IMBIRIBEIRA,,,COLISÃO COM CICLISTA,0,1,0,1,0,0,0,0,0,1,0,Longo da via,Bom,Não existe,Perfeito estado,Seca,Perfeito estado,Não existe,Não há placas,,Única,Faixa seccionada,,
202201712,2022-01-26,,COM VÍTIMA,FINALIZADA,BOA VISTA,RUA JOAQUIM FELIPE,60,,E/F AO NUCE,BOA VISTA,,CIDADE,COLISÃO LATERAL,1,1,0,0,0,0,0,0,0,1,0,Longo da via,Bom,Não existe,Perfeito estado,Seca,Perfeito estado,Não existe,Outras,,Única,Faixa seccionada,,
202201717,2022-01-26,,COM VÍTIMA,FINALIZADA,BREJO DA GUABIRABA,AV VEREADOR OTACILIO AZEVEDO,1120,RUA SENHOR DO BONFIM,"PROX A GARAGEM DA GLOBO,  AZEVEDO MOTO PEÇAS",BREJO DA GUABIRABA,,CIDADE,COLISÃO TRANSVERSAL,0,1,0,0,0,0,0,1,0,1,0,Cruzamento,Bom,Não existe,Não existente,Seca,Perfeito estado,Não existe,Não há placas,30 km/h,Dupla,Não existe,,
202201718,2022-01-26,,SEM VÍTIMA,FINALIZADA,IPSEP,AV SALDANHA MARINHO,345,,E/F AO BAR DO GAIAMUM,IPSEP,,,COLISÃO LATERAL,0,0,0,0,0,0,0,0,0,0,0,,,,,,,,,,,,,
202201723,2022-01-26,,COM VÍTIMA,FINALIZADA,CAJUEIRO,AV CIDADE DE MONTEIRO,,,EM FRENTE AO ARMAZÉM CORAL,CAJUEIRO,,,COLISÃO LATERAL,1,1,0,0,0,0,0,0,0,1,0,Longo da via,Bom,Não existe,Perfeito estado,Seca,Perfeito estado,Não existe,Não há placas,,Única,Faixa contínua,,
202201743,2022-01-27,,SEM VÍTIMA,FINALIZADA,CASA AMARELA,AV NORTE MIGUEL ARRAES DE ALENCAR,,,EM FRENTE AO ARMAZEM CORAL,CASA AMARELA,,CIDADE,COLISÃO LATERAL,0,0,0,0,0,1,1,0,0,0,0,,,,,,,,,,,,,
202201744,2022-01-27,,COM VÍTIMA,FINALIZADA,BOA VIAGEM,AV CONSELHEIRO AGUIAR,82,RUA ARTUR MUNIZ,AO LADO EDIFICIO CALIFORNIA,BOA VIAGEM,5,CIDADE,COLISÃO LATERAL,1,1,0,0,0,0,0,0,0,1,0,Cruzamento,Bom,Sem defeito,Perfeito estado,Molhada,Perfeito estado,Faixa de pedestre,Não há placas,,Única,Não existe,,
202201747,2022-01-27,,COM VÍTIMA,FINALIZADA,JAQUEIRA,AV RUI BARBOSA,1672,,E/F A CEDIRE VIDEO ENDOSCOPIA,JAQUEIRA,292,CIDADE,COLISÃO LATERAL,1,1,0,0,0,0,0,0,0,1,0,Longo da via,Bom,Sem defeito,Perfeito estado,Seca,Perfeito estado,,R-6a,40 km/h,Única,Faixa contínua,,
202201759,2022-01-27,,COM VÍTIMA,FINALIZADA,BOA VIAGEM,AV DOM JOAO VI,,,SEMAFORO 639,BOA VIAGEM,639,,COLISÃO TRASEIRA,1,1,0,0,0,0,0,0,0,1,0,Longo da via,Bom,Sem defeito,Perfeito estado,Molhada,Perfeito estado,Faixa de pedestre,Não há placas,,Única,Não existe,,
202201781,2022-01-27,,COM VÍTIMA,FINALIZADA,SANTO AMARO,AV DR JAYME DA FONTE,,AV GOVERNADOR AGAMENON MAGALHAES,NO SEMÁFORO 049,SANTO AMARO,49,CIDADE,COLISÃO COM CICLISTA,1,0,0,1,0,0,0,0,0,1,0,Cruzamento,Chuvoso,Sem defeito,Perfeito estado,Seca,Perfeito estado,Faixa de pedestre,Não há placas,60 km/h,Dupla,Canteiro central,,
202201794,2022-01-27,,SEM VÍTIMA,FINALIZADA,APIPUCOS,AV DEZESSETE DE AGOSTO,,RUA MANDACARU,PRÓXIMO AO AÇUDE DE APIPUCOS,APIPUCOS,,,COLISÃO TRASEIRA,3,0,0,0,0,0,0,0,0,0,0,Longo da via,Bom,Sem defeito,Perfeito estado,Seca,Perfeito estado,,,60KM/H,Dupla,Faixa contínua,,
202201805,2022-01-28,,COM VÍTIMA,FINALIZADA,CAMPO GRANDE,RUA JERONIMO VILELA,86,EST DE BELEM,ESTRADA DE BELÉM - PROX À FARMACIA DROGASIL,CAMPO GRANDE,,SUBURBIO,COLISÃO TRANSVERSAL,1,1,0,0,0,0,0,0,0,1,0,Longo da via,Bom,Não existe,Ilegível,Seca,Mal iluminada,Não existe,Não há placas,,Dupla,Faixa seccionada,,
202201826,2022-01-28,,COM VÍTIMA,FINALIZADA,IBURA,AV DOIS RIOS,,,BR 101 SUL  SENTIDO LITORAL SUL,IBURA,,,TOMBAMENTO,0,0,0,0,0,0,0,0,0,1,0,,,,,,,,,,,,,
202201827,2022-01-28,,SEM VÍTIMA,FINALIZADA,SÍTIO DOS PINTOS,RUA DO SITIO SAO BRAZ,61,,E/F A IGREJA BATISTA MISSIONARIA EM  DOIS IRMÃOS,SÍTIO DOS PINTOS,,CIDADE,CHOQUE,1,0,0,0,0,0,1,0,0,0,0,Longo da via,Bom,Não existe,Perfeito estado,Seca,Perfeito estado,Não existe,Não há placas,30 km/h,Dupla,Não existe,,
202201849,2022-01-28,,SEM VÍTIMA,FINALIZADA,GRAÇAS,RUA DAS GRACAS,196,RUA DOM SEBASTIAO LEME,EM FRENTE A IGREJA DAS GRAÇAS,GRAÇAS,,,COLISÃO TRASEIRA,2,0,0,0,0,0,0,0,0,0,0,,,,,,,,,,,,,
202201868,2022-01-28,,SEM VÍTIMA,FINALIZADA,PINA,AVENIDA CELSO FURTADO (VIA MANGUE),,,VIA MANGUE / POR TRAS DO EXTRA,PINA,,,CHOQUE,0,0,0,0,0,0,0,0,0,0,0,,,,,,,,,,,,,
202201873,2022-01-29,,SEM VÍTIMA,FINALIZADA,SANTO AMARO,AV GOVERNADOR AGAMENON MAGALHAES,,,EM FRENTE A ACADEMIA DAS CIDADES SENTIDO OLINDA,SANTO AMARO,,SUBURBIO,COLISÃO LATERAL,2,0,0,0,0,0,0,0,0,0,0,,,,,,,,,,,,,
202201883,2022-01-29,,SEM VÍTIMA,FINALIZADA,IMBIRIBEIRA,AV GENERAL MAC ARTHUR,418,,EM FRENTE AO NÚMERO 418,IMBIRIBEIRA,,,CHOQUE,1,0,0,0,0,0,0,0,0,0,0,Longo da via,Chuvoso,Não existe,Perfeito estado,Seca,Perfeito estado,Não existe,R-6a,,Única,Faixa seccionada,,
202201894,2022-01-29,,COM VÍTIMA,FINALIZADA,PRADO,AV ENGENHEIRO ABDIAS DE CARVALHO,1233,RUA SANTA EDWIRGES,E/F A BOSH SERVICE,PRADO,354,CIDADE,COLISÃO TRASEIRA,3,0,0,0,0,0,0,0,0,1,0,Longo da via,Nublado,Sem defeito,Perfeito estado,Seca,Perfeito estado,Faixa de pedestre,Outras,40 km/h,Dupla,Canteiro central,,
202201905,2022-01-29,,COM VÍTIMA,FINALIZADA,CAXANGÁ,AV CAXANGA,,,EM FRENTE A  CAXANGÁ GOLF CLUBE,CAXANGÁ,,,CHOQUE,0,1,0,0,0,0,0,0,0,1,0,,,,,,,,,,,,,
202201926,2022-01-29,,COM VÍTIMA,FINALIZADA,VÁRZEA,RUA RIBEIRO PESSOA,,,E/F A UPA DA CAXANGA S/T UR7,VÁRZEA,281,CIDADE,COLISÃO LATERAL,1,1,0,0,0,0,0,0,0,1,0,Longo da via,Nublado,Sem defeito,Perfeito estado,Seca,Perfeito estado,Faixa de pedestre,Não há placas,,Dupla,Faixa seccionada,,
202201979,2022-01-30,,COM VÍTIMA,FINALIZADA,CORDEIRO,AV CAXANGA,1220,RUA GREGORIO JUNIOR,"PROX A FUNERARIA SANTA PAULA,  FUNERÁRIA SÃO JORGE",CORDEIRO,236,SUBURBIO,COLISÃO LATERAL,0,1,0,0,0,1,0,0,0,2,0,Cruzamento,Bom,Sem defeito,Perfeito estado,Seca,Perfeito estado,Faixa de pedestre,R-25d,60 km/h,Dupla,Faixa contínua,Canteiro central,
202201982,2022-01-30,,COM VÍTIMA,FINALIZADA,PORTO DA MADEIRA,AV BEBERIBE,,LAD DO SAPOTI,DALVA DE OLIVEIRA,PORTO DA MADEIRA,3677,,COLISÃO TRANSVERSAL,1,1,0,0,0,0,0,0,0,2,0,Cruzamento,Bom,Sem defeito,Perfeito estado,Seca,Perfeito estado,Não existe,Outras,,Dupla,Não existe,,
202201997,2022-01-30,,COM VÍTIMA,FINALIZADA,BOMBA DO HEMETÉRIO,RUA CHA DE ALEGRIA,20,,PRÓX AO ESPETINHO DA CEÇA,BOMBA DO HEMETÉRIO,,SUBURBIO,CHOQUE,1,0,0,0,0,0,0,0,0,2,0,Longo da via,Bom,Não existe,Perfeito estado,Seca,Mal conservada,Não existe,Outras,30 km/h,Dupla,Não existe,,
202202000,2022-01-30,,SEM VÍTIMA,FINALIZADA,PARNAMIRIM,EST DO ENCANAMENTO,,,PRÓX À SMART FIT E À DROGASIL,PARNAMIRIM,,,COLISÃO TRASEIRA,2,0,0,0,0,0,0,0,0,0,0,,,,,,,,,,,,,
202202006,2022-01-30,,COM VÍTIMA,FINALIZADA,CAMPO GRANDE,EST DE BELEM,1335,,PRÓX A LOJA DONA  SAMAMBAIA,CAMPO GRANDE,,,ATROPELAMENTO DE ANIMAL,0,0,0,0,0,0,0,0,0,1,0,,,,,,,,,,,,,
202202007,2022-01-30,,SEM VÍTIMA,FINALIZADA,MADALENA,RUA DOM JOAO DE SOUZA,333,,E/F AO EDF PRAÇA DAS FIGUEIRAS,MADALENA,,,CHOQUE,0,0,0,0,0,0,0,0,0,0,0,,,,,,,,,,,,,
202202010,2022-01-30,,COM VÍTIMA,FINALIZADA,CASA AMARELA,RUA OSCAR DE BARROS,150,RUA XAVANTES,E/F A CLINICA DE OLHOS CASA AMARELA,CASA AMARELA,,,COLISÃO TRANSVERSAL,1,1,0,0,0,0,0,0,0,1,0,Cruzamento,Bom,Não existe,Perfeito estado,Seca,Perfeito estado,Faixa de retenção,R-6a,,Dupla,Não existe,,
202202012,2022-01-30,,SEM VÍTIMA,CANCELADA,BOMBA DO HEMETÉRIO,RUA PROFESSOR JOSE AMARINO DOS REIS,660,,PRÓX AO CLUBE DO TEIMOSO,BOMBA DO HEMETÉRIO,,,COLISÃO TRASEIRA,0,0,0,0,0,0,0,0,0,0,0,,,,,,,,,,,,,
202202032,2022-01-31,,COM VÍTIMA,FINALIZADA,JOANA BEZERRA,AV GOVERNADOR AGAMENON MAGALHAES,,,VIADUTO CAPITAO TEMUDO,JOANA BEZERRA,,SUBURBIO,COLISÃO TRANSVERSAL,1,1,0,0,0,0,0,0,0,1,0,Viaduto,Bom,Não existe,Perfeito estado,Seca,Perfeito estado,Não existe,Não há placas,,Única,Faixa seccionada,,
202202035,2022-01-31,,VÍTIMA FATAL,FINALIZADA,CABANGA,VIADUTO CAPITAO TEMUDO,,,PRÓXIMO A ALÇA DE ACESSO PARA VIA MANGUE,CABANGA,,SUBURBIO,COLISÃO LATERAL,1,1,0,0,0,0,0,0,0,0,1,Viaduto,Bom,Não existe,Perfeito estado,Seca,Perfeito estado,,Não há placas,60 km/h,Dupla,Canteiro central,,
202202046,2022-01-31,,SEM VÍTIMA,FINALIZADA,APIPUCOS,AV DEZESSETE DE AGOSTO,,,PRÓXIMO AO AÇUDE DE APIPUCOS,APIPUCOS,,,COLISÃO LATERAL,0,0,0,0,0,0,0,0,0,0,0,Longo da via,Bom,Sem defeito,Perfeito estado,Seca,Perfeito estado,,Outras,,Dupla,Faixa contínua,,
202202052,2022-01-31,,SEM VÍTIMA,CANCELADA,SANTO AMARO,RUA PRINCESA IZABEL,,,ENTRE O TREZE DE MAIO  E  FACULDADE DE DIREITO,SANTO AMARO,,,COLISÃO LATERAL,2,0,0,0,0,0,0,0,0,0,0,,,,,,,,,,,,,
202202060,2022-01-31,,COM VÍTIMA,CANCELADA,BOA VISTA,AV CONDE DA BOA VISTA,,,E/F A FAFIRE,BOA VISTA,,,COLISÃO FRONTAL,1,0,0,0,0,1,0,0,0,1,0,,,,,,,,,,,,,
202202064,2022-01-31,,COM VÍTIMA,FINALIZADA,AFOGADOS,AV SUL,,RUA ANTONIO MACARIO,E/F AO POSTO PETRONAC,AFOGADOS,,CIDADE,COLISÃO LATERAL,1,1,0,0,0,0,0,0,0,1,0,Longo da via,Bom,Não existe,Perfeito estado,Seca,Perfeito estado,Não existe,Não há placas,,Única,Faixa seccionada,,
202202066,2022-01-31,,COM VÍTIMA,FINALIZADA,ENCRUZILHADA,AV NORTE MIGUEL ARRAES DE ALENCAR,,,AO LADO DA RENAULT S/T SUB,ENCRUZILHADA,665,SUBURBIO,COLISÃO LATERAL,1,1,0,0,0,0,0,0,0,1,0,Longo da via,Bom,Sem defeito,Perfeito estado,Seca,Perfeito estado,Faixa de pedestre,R-6a,,Dupla,Canteiro central,,
202202079,2022-01-31,,SEM VÍTIMA,CANCELADA,IPUTINGA,RUA DR VIRGINIO MARQUES,274,,PRÓX A IGREJA CATÓLICA DA IPUTINGA,IPUTINGA,,,CHOQUE,0,0,0,0,0,0,0,0,0,0,0,,,,,,,,,,,,,
202202082,2022-01-31,,SEM VÍTIMA,FINALIZADA,PINA,AV BOA VIAGEM,,,PRÓXIMO AO NÚCLEO DA POLICIA MILITAR,PINA,,CIDADE,COLISÃO TRASEIRA,2,0,0,0,0,0,0,0,0,0,0,,,,,,,,,,,,,
202202112,2022-02-01,,COM VÍTIMA,FINALIZADA,PARNAMIRIM,AV PARNAMIRIM,416,,E/F A TROIS BARBEARIA,PARNAMIRIM,,,QUEDA,0,1,0,0,0,1,0,0,0,1,0,Longo da via,Bom,Não existe,Perfeito estado,Seca,Perfeito estado,Outros,Outras,,Única,Faixa seccionada,,
202202135,2022-02-01,,COM VÍTIMA,FINALIZADA,IPSEP,RUA ITANAGE,11,,E/F IPSEP MOVEIS,IPSEP,,SUBURBIO,COLISÃO TRASEIRA,1,1,0,0,0,0,0,0,0,1,0,Longo da via,Bom,Não existe,Perfeito estado,Seca,Perfeito estado,Não existe,Não há placas,,Dupla,Não existe,,
202202143,2022-02-01,,COM VÍTIMA,CANCELADA,CAXANGÁ,AV JOAQUIM RIBEIRO,1250,,PRÓX À DISTRIBUIDORA DE ÁGUA PURELEVE - SENTIDO CAMARAGIBE,CAXANGÁ,,,COLISÃO FRONTAL,1,1,0,0,0,0,0,0,0,1,0,,,,,,,,,,,,,
202202156,2022-02-01,,COM VÍTIMA,FINALIZADA,SÃO JOSÉ,C SANTA RITA,,,TERMINAL CAIS DE SANTA RITA,SÃO JOSÉ,571,CIDADE,ATROPELAMENTO DE PESSOA,0,0,0,0,1,1,0,0,0,1,0,Outros,Bom,Sem defeito,Incompleta,Seca,Mal conservada,Não existe,Não há placas,,Dupla,Outros,,
202202164,2022-02-01,,SEM VÍTIMA,FINALIZADA,JARDIM SÃO PAULO,AV SAO PAULO,426,,ENFRENTE AO RENDI MAIS,JARDIM SÃO PAULO,,,COLISÃO FRONTAL,1,1,0,0,0,0,0,0,0,0,0,,,,,,,,,,,,,
202202188,2022-02-01,,COM VÍTIMA,FINALIZADA,VÁRZEA,RUA DIOGO DE VASCONCELOS,608,,ENFRENTE AO BAR ALTO JATO,VÁRZEA,,CIDADE,COLISÃO TRASEIRA,5,0,0,0,0,1,0,0,0,1,0,Longo da via,Bom,Não existe,Ilegível,Seca,Perfeito estado,Não existe,Não há placas,,Dupla,Não existe,,