Protocolo,data,hora,natureza,situacao,bairro,endereco,numero,detalhe_endereco_acidente,complemento,bairro_cruzamento,num_semaforo,sentido_via,tipo,auto,moto,ciclom,ciclista,pedestre,onibus,caminhao,viatura,outros,vitimas,vitimasfatais,acidente_verificado,tempo_clima,situacao_semaforo,sinalizacao,condicao_via,conservacao_via,ponto_controle,situacao_placa,velocidade_max_via,mao_direcao,divisao_via1,divisao_via2,divisao_via3
202206073,2022-03-19,,SEM VÍTIMA,FINALIZADA,TEJIPIÓ,AV DR JOSE RUFINO,,,AO LADO DA ESTAÇÃO DO METRÔ DE TEJIPIÓ ( ALÇA DE ACESSO),TEJIPIÓ,,SUBURBIO,,2,0,0,0,0,0,0,0,0,0,0,Longo da via,Bom,Não existe,Não existente,Seca,Perfeito estado,Não existe,Não há placas,,Única,Não existe,,
202206098,2022-03-20,,COM VÍTIMA,FINALIZADA,CASA AMARELA,EST DO ARRAIAL,,,EM FRENTE A IGREJA JESUS CRISTO DOS SANTOS DOS ULTIMOS DIAS,CASA AMARELA,291,SUBURBIO,COLISÃO COM CICLISTA,1,0,0,1,0,0,0,0,0,1,0,Longo da via,Bom,Sem defeito,Perfeito estado,Seca,Perfeito estado,Faixa de pedestre,Outras,,Única,,,
202206130,2022-03-20,,COM VÍTIMA,FINALIZADA,BOA VIAGEM,AV CONSELHEIRO AGUIAR,333,,E/F A RENOVE BATERIAS. POSTE B010360,BOA VIAGEM,,CIDADE,COLISÃO LATERAL,2,0,0,0,0,0,0,0,0,1,0,Longo da via,Bom,Não existe,,Seca,Perfeito estado,Não existe,R-6a,,Única,Faixa seccionada,,
202206133,2022-03-20,,COM VÍTIMA,FINALIZADA,NOVA DESCOBERTA,AV VEREADOR OTACILIO AZEVEDO,3018,,PROXIMO AO CAMPO DO FLUMINENSE E CASA PRIMAVERA RECEPÇÕES,NOVA DESCOBERTA,,SUBURBIO,COLISÃO TRANSVERSAL,0,1,0,0,0,0,0,1,0,1,0,Longo da via,Chuvoso,Não existe,Perfeito estado,Molhada,Perfeito estado,,,,Dupla,Faixa seccionada,,
202206148,2022-03-21,,SEM VÍTIMA,FINALIZADA,BOA VIAGEM,RUA PADRE BERNADINO PESSOA,778,,PROX. AO COLEGIO SANTA MARIA,BOA VIAGEM,,,COLISÃO LATERAL,2,0,0,0,0,0,0,0,0,0,0,,,,,,,,,,,,,
202206152,2022-03-21,,COM VÍTIMA,FINALIZADA,BOA VIAGEM,AVENIDA CELSO FURTADO (VIA MANGUE),,,AO LADO DO RESIDENCIAL LE PARK / BIFURCAÇÃO COM VIADUTO DOM JOÃO VI,BOA VIAGEM,,SUBURBIO,COLISÃO TRASEIRA,1,1,0,0,0,0,0,0,0,1,0,Longo da via,Bom,Não existe,Perfeito estado,Seca,Perfeito estado,Não existe,R-6a,60 km/h,Dupla,Canteiro central,,
202206154,2022-03-21,,COM VÍTIMA,FINALIZADA,SANTO AMARO,AV GOVERNADOR AGAMENON MAGALHAES,,,EN  FRENTE A UPE / SENT OLINDA. ANTES DO SEMÁFORO 684,SANTO AMARO,684,OLINDA,COLISÃO LATERAL,1,1,0,0,0,0,0,0,0,1,0,Longo da via,Bom,Sem defeito,Perfeito estado,Seca,Perfeito estado,,,,Dupla,Faixa seccionada,Canteiro central,
202206155,2022-03-21,,COM VÍTIMA,FINALIZADA,IPSEP,AV RECIFE,2528,RUA ADERBAL DE MELO,SENTIDO CEASA. LADO OPOSTO AO ATACAMAX 2528,IPSEP,,BR-101,ATROPELAMENTO DE PESSOA,0,1,0,0,1,0,0,0,0,2,0,Longo da via,Bom,Não existe,Não existente,Seca,Perfeito estado,Não existe,Não há placas,,Dupla,Canteiro central,,
202206156,2022-03-21,,SEM VÍTIMA,FINALIZADA,BOA VIAGEM,AV MARECHAL JUAREZ TAVORA,,,EM FRENTE A  CONSTRUTORA SANTO ANTONIO,BOA VIAGEM,556,SUBURBIO,,2,0,0,0,0,0,0,0,0,0,0,Longo da via,Bom,Sem defeito,Perfeito estado,Seca,Perfeito estado,Faixa de pedestre,Outras,,Única,Faixa contínua,Faixa seccionada,
202206161,2022-03-21,,SEM VÍTIMA,FINALIZADA,VÁRZEA,RUA TAMBIA,114,,PRÓXIMO A CASA LOTÉRICA LOTERIAS MEGA FÁCIL,VÁRZEA,,SUBURBIO,,0,0,0,0,0,1,0,0,0,0,0,Longo da via,Bom,Não existe,Perfeito estado,Seca,Perfeito estado,Não existe,R-6a,30 km/h,Dupla,Não existe,,
202206169,2022-03-21,,COM VÍTIMA,FINALIZADA,ILHA DO RETIRO,RUA SPORT CLUBE DO RECIFE,,,EM FRENTE A LOJA OFICIAL DO SPORTE CLUBE,ILHA DO RETIRO,367,CIDADE,COLISÃO LATERAL,1,1,0,0,0,0,0,0,0,1,0,Longo da via,Bom,Sem defeito,Perfeito estado,Seca,Perfeito estado,Faixa de pedestre,Não há placas,,Dupla,Canteiro central,,
202206181,2022-03-21,,COM VÍTIMA,FINALIZADA,BOA VIAGEM,AV BOA VIAGEM,306,,EM FRENTE AO EDIFICIO VERDE MAR,BOA VIAGEM,119,CIDADE,COLISÃO TRASEIRA,3,0,0,0,0,0,0,0,0,1,0,Longo da via,Bom,Sem defeito,Perfeito estado,Seca,Perfeito estado,Faixa de pedestre,R-4a,,Única,Faixa contínua,,
202206201,2022-03-21,,COM VÍTIMA,FINALIZADA,SAN MARTIN,AV JOAO CABRAL DE MELO NETO,2702,RUA TENENTE MINDELO,APOS  O GIRADOURO DA PRAÇA DE SAN MARTIN S/T AV RECIFE,SAN MARTIN,250,SUBURBIO,COLISÃO LATERAL,1,1,0,0,0,0,0,0,0,2,0,Esquina,Chuvoso,Sem defeito,Perfeito estado,Molhada,Perfeito estado,Faixa de pedestre,Outras,60 km/h,Dupla,Faixa contínua,Faixa seccionada,Canteiro central
202206209,2022-03-21,,COM VÍTIMA,FINALIZADA,IMBIRIBEIRA,AV MARECHAL MASCARENHAS DE MORAES,2967,RUA ITACARE,EM FRENTE À FERREIRA COSTA / BANCO  DO BRASIL.,IMBIRIBEIRA,386,CIDADE,COLISÃO LATERAL,1,1,0,0,0,0,0,0,0,1,0,Longo da via,Bom,Sem defeito,Perfeito estado,Seca,Perfeito estado,Outros,Outras,,Única,Faixa seccionada,,
202206218,2022-03-21,,SEM VÍTIMA,FINALIZADA,CASA FORTE,AV DEZESSETE DE AGOSTO,,,LADO OPOSTO AO EDIFÍCIO DE ESTACIONAMENTO DO SHOPPING PLAZA,CASA FORTE,,SUBURBIO,COLISÃO TRASEIRA,2,0,0,0,0,0,0,0,0,0,0,Longo da via,Chuvoso,Não existe,Perfeito estado,Molhada,Perfeito estado,Não existe,,,Dupla,Faixa seccionada,,
202206219,2022-03-21,,COM VÍTIMA,FINALIZADA,FUNDÃO,AV BEBERIBE,2616,,E/F AO COLEGIO PEDRO ALGUSTO,FUNDÃO,,SUBURBIO,ATROPELAMENTO DE PESSOA,1,0,0,0,1,0,0,0,0,1,0,Longo da via,Chuvoso,Não existe,Perfeito estado,Molhada,Perfeito estado,Não existe,Não há placas,,Dupla,Faixa seccionada,,
202206221,2022-03-21,,SEM VÍTIMA,FINALIZADA,IPUTINGA,AV CAXANGA,3342,,POR BAIXO DO VIADUTO / E/F AO SANTANDER,IPUTINGA,,,COLISÃO LATERAL,2,0,0,0,0,0,0,0,0,0,0,,,,,,,,,,,,,
202206245,2022-03-22,,COM VÍTIMA,FINALIZADA,ZUMBI,RUA SOUZA BANDEIRA,,RUA TOMAZ GONZAGA,NA ESQUINA DO COLÉGIO LUBIESKA,ZUMBI,448,CIDADE,COLISÃO FRONTAL,1,1,0,0,0,0,0,0,0,1,0,Cruzamento,Chuvoso,Sem defeito,Perfeito estado,Molhada,Perfeito estado,Faixa de pedestre,Outras,,Única,Outros,,
202206246,2022-03-22,,COM VÍTIMA,FINALIZADA,IBURA,RUA EXP FRANCISCO VITORIANO,98,,EM FRENTE AO SUPERMECADO TREVO E ALBANY CONFECÇÕES,IBURA,,SUBURBIO,COLISÃO LATERAL,1,1,0,0,0,0,0,0,0,1,0,Longo da via,Chuvoso,Não existe,Perfeito estado,Molhada,Perfeito estado,Não existe,R-6a,30 km/h,Dupla,Faixa seccionada,,
202206299,2022-03-22,,SEM VÍTIMA,FINALIZADA,VÁRZEA,RUA EVARISTO FERREIRA DA SILVA,472,,,VÁRZEA,,CIDADE,CHOQUE,3,0,0,0,0,0,0,0,0,0,0,Longo da via,Chuvoso,Não existe,Não existente,Molhada,Mal conservada,Não existe,Não há placas,,Dupla,Não existe,,
202206312,2022-03-22,,COM VÍTIMA,FINALIZADA,SÃO JOSÉ,RUA IMPERIAL,2194,,E/F AO MOTEL LUA DE MEL,SÃO JOSÉ,,SUBURBIO,COLISÃO LATERAL,1,1,0,0,0,0,0,0,0,1,0,Longo da via,Bom,Não existe,Perfeito estado,Molhada,Perfeito estado,Não existe,Não há placas,,Única,Não existe,,
202206318,2022-03-22,,SEM VÍTIMA,FINALIZADA,AREIAS,AV CAPITAO GREGORIO DE CALDAS,,AV RECIFE,EM FRENTE AO BIG BOMPREÇO,AREIAS,494,,,1,0,0,0,0,0,0,1,0,0,0,Cruzamento,Chuvoso,Sem defeito,,Molhada,Perfeito estado,Não existe,R-4a,30 km/h,Única,Canteiro central,,
202206324,2022-03-22,,COM VÍTIMA,FINALIZADA,ÁGUA FRIA,RUA SAO SEBASTIAO,130,,"POR TRÁS DO GIGANTE DOI SAMBA,  EM FRENTE AO ESPETINHO DA NEIDE",ÁGUA FRIA,,SUBURBIO,COLISÃO COM CICLISTA,1,0,0,1,0,0,0,0,0,1,0,Longo da via,Chuvoso,Não existe,Perfeito estado,Molhada,Perfeito estado,Não existe,Não há placas,,Dupla,Faixa contínua,,
202206337,2022-03-22,,COM VÍTIMA,FINALIZADA,PARNAMIRIM,RUA LEONARDO BEZERRA CAVALCANTE,587,RUA JOAO TUDE DE MELO,MUNDO PET,PARNAMIRIM,,,COLISÃO LATERAL,1,1,0,0,0,0,0,0,0,1,0,Longo da via,Chuvoso,Não existe,Perfeito estado,Molhada,Perfeito estado,Não existe,Outras,,,Não existe,,
202206345,2022-03-23,,COM VÍTIMA,FINALIZADA,BOA VIAGEM,RUA JORNALISTA FRANCISCO ALMEIDA,,AV CONSELHEIRO AGUIAR,PROX. AO POSTO POLICIAL E PRAÇA CIDADE DO PORTO,BOA VIAGEM,,,COLISÃO COM CICLISTA,1,0,0,1,0,0,0,0,0,1,0,,,,,,,,,,,,,
202206347,2022-03-23,,COM VÍTIMA,FINALIZADA,SANTO ANTÔNIO,AV MARTINS DE BARROS,,,EM FRENTE A SECRETÁRIA DA FAZENDA,SANTO ANTÔNIO,,,CHOQUE,3,0,0,0,0,0,0,0,0,1,0,Longo da via,Bom,Sem defeito,Perfeito estado,Seca,Perfeito estado,Faixa de pedestre,Não há placas,,Única,Faixa seccionada,,
202206368,2022-03-23,,SEM VÍTIMA,CANCELADA,SANTO AMARO,RUA DA UNIAO,,RUA MAMEDE SIMOES,AO LADO DO BAR BOI NEON,SANTO AMARO,,,COLISÃO TRANSVERSAL,1,0,0,0,0,1,0,0,0,0,0,Cruzamento,Bom,Não existe,Perfeito estado,Seca,Perfeito estado,Não existe,"Placas ""Pare""",,Única,Não existe,,
202206379,2022-03-23,,COM VÍTIMA,FINALIZADA,DERBY,AV GOVERNADOR CARLOS DE LIMA CAVALCANTI,229,AV GOVERNADOR AGAMENON MAGALHAES,LADO OPOSTO AO MC'DONALDS,DERBY,75,CIDADE,ATROPELAMENTO DE PESSOA,0,0,0,0,1,1,0,0,0,1,0,Cruzamento,Bom,Sem defeito,Perfeito estado,Seca,Perfeito estado,Faixa de pedestre,Não há placas,40 km/h,Dupla,Canteiro central,,
202206397,2022-03-23,,COM VÍTIMA,FINALIZADA,BOA VIAGEM,RUA VISCONDE DE JEQUITINHONHA,1656,RUA JOSE MOREIRA LEAL,PROX AO POSTO DE GASOLINA  SEM BANDEIRA,BOA VIAGEM,,SUBURBIO,COLISÃO LATERAL,1,1,0,0,0,0,0,0,0,1,0,Cruzamento,Chuvoso,Não existe,Perfeito estado,Molhada,Perfeito estado,Não existe,Não há placas,30 km/h,Única,Faixa seccionada,Canteiro central,
202206400,2022-03-23,,SEM VÍTIMA,FINALIZADA,CASA AMARELA,AV NORTE MIGUEL ARRAES DE ALENCAR,5359,,EM FRENTE A SUZY BIKE,CASA AMARELA,,CIDADE,COLISÃO TRASEIRA,2,0,0,0,0,0,0,0,0,0,0,Longo da via,Bom,Sem defeito,Perfeito estado,Seca,Perfeito estado,Não existe,R-6a,,Dupla,Canteiro central,,
202206437,2022-03-23,,COM VÍTIMA,FINALIZADA,SANTO AMARO,RUA DO POMBAL,,PRC DO CAMPO SANTO,AO LADO DA DELAGIA DA MULHER,SANTO AMARO,,SUBURBIO,COLISÃO LATERAL,1,1,0,0,0,0,0,0,0,1,0,Longo da via,Chuvoso,Não existe,Perfeito estado,Molhada,Perfeito estado,,,,,,,
202206440,2022-03-23,,COM VÍTIMA,FINALIZADA,IMBIRIBEIRA,AV MARECHAL MASCARENHAS DE MORAES,898,RUA OLIVIA MENELAU,"E/F A GRILO FLORES,",IMBIRIBEIRA,396,SUBURBIO,COLISÃO LATERAL,1,1,0,0,0,0,0,0,0,1,0,Longo da via,Bom,Sem defeito,Perfeito estado,Seca,Perfeito estado,Faixa de pedestre,Não há placas,,Única,Faixa contínua,,
202206450,2022-03-23,,SEM VÍTIMA,FINALIZADA,AFOGADOS,EST DOS REMEDIOS,1030,,PROX A FARMA PAULA,AFOGADOS,,,COLISÃO FRONTAL,2,0,0,0,0,0,0,0,0,0,0,,,,,,,,,,,,,
202206451,2022-03-23,,COM VÍTIMA,FINALIZADA,COQUEIRAL,RUA APRIGIO GUIMARAES,,RUA MATOSO DA CAMARA,PROX AO HOSPITAL OTAVIO DE FREITAS,COQUEIRAL,,,COLISÃO TRANSVERSAL,1,1,0,0,0,0,0,0,0,1,0,Cruzamento,Chuvoso,Não existe,Perfeito estado,Molhada,Perfeito estado,Faixa de retenção,Não há placas,,Dupla,Não existe,,
202206484,2022-03-24,,COM VÍTIMA,FINALIZADA,ILHA DO RETIRO,AV ENGENHEIRO ABDIAS DE CARVALHO,,EST DOS REMEDIOS,PRÓX À FARMÁCIA DROGASIL,ILHA DO RETIRO,52,SUBURBIO,QUEDA,0,1,0,0,0,0,0,0,0,1,0,Cruzamento,Chuvoso,Sem defeito,Perfeito estado,Molhada,Perfeito estado,Faixa de pedestre,Não há placas,60 km/h,Dupla,Canteiro central,,
202206489,2022-03-24,,COM VÍTIMA,FINALIZADA,CASA AMARELA,AV NORTE MIGUEL ARRAES DE ALENCAR,6465,,E/F A MATERNIDADE BARROS LIMA S/T CID,CASA AMARELA,256,CIDADE,ATROPELAMENTO DE PESSOA,0,1,0,0,1,0,0,0,0,2,0,Longo da via,Chuvoso,Sem defeito,Perfeito estado,Molhada,Perfeito estado,Faixa de pedestre,R-6a,40 km/h,Dupla,Canteiro central,,
202206492,2022-03-22,,COM VÍTIMA,FINALIZADA,BOA VISTA,RUA DOS PALMARES,130,,,BOA VISTA,,SUBURBIO,CAPOTAMENTO,0,1,0,0,0,0,0,0,0,1,0,Longo da via,Chuvoso,Não existe,Incompleta,Molhada,Outros,Não existe,Não há placas,,Única,Faixa seccionada,,
202206531,2022-03-24,,COM VÍTIMA,FINALIZADA,CAMPO GRANDE,RUA ODORICO MENDES,292,,PROX AO CLUBE DAS PAS,CAMPO GRANDE,,SUBURBIO,COLISÃO TRANSVERSAL,2,2,0,0,0,0,0,0,0,1,0,Longo da via,Bom,Não existe,Perfeito estado,Seca,Perfeito estado,Não existe,R-6a,,Dupla,Faixa seccionada,,
202206536,2022-03-24,,COM VÍTIMA,FINALIZADA,BOA VIAGEM,RUA TENENTE JOAO CICERO,,,PROX A VIA MANGUE,BOA VIAGEM,,CIDADE,COLISÃO LATERAL,1,1,0,0,0,0,0,0,0,1,0,Esquina,Bom,Não existe,Perfeito estado,Seca,Perfeito estado,,Outras,60 km/h,Única,,,
202206553,2022-03-25,,SEM VÍTIMA,FINALIZADA,VASCO DA GAMA,AV VEREADOR OTACILIO AZEVEDO,811,,EM FRENTE A THASIA SALLES STUDIO DE BELEZA,VASCO DA GAMA,,SUBURBIO,,0,0,0,0,0,1,0,1,0,0,0,Longo da via,Bom,Não existe,Perfeito estado,Seca,Perfeito estado,Não existe,Não há placas,30 km/h,Dupla,Faixa seccionada,,
202206556,2022-03-25,,COM VÍTIMA,FINALIZADA,PINA,AVENIDA CELSO FURTADO (VIA MANGUE),508,,EMBAIXO DA PASSARELA DO SHOPPING RIOMAR,PINA,,SUBURBIO,COLISÃO TRASEIRA,1,1,0,0,0,0,0,0,0,1,0,Longo da via,Bom,Não existe,Perfeito estado,Seca,Perfeito estado,Não existe,Não há placas,60 km/h,Única,Faixa seccionada,Canteiro central,
202206558,2022-03-25,,COM VÍTIMA,FINALIZADA,PINA,PTE GOVERNADOR PAULO GUERRA,,,"INICIO DA VIA MANGUE, SENT. BOA VIAGEM",PINA,,SUBURBIO,COLISÃO LATERAL,1,1,0,0,0,0,0,0,0,1,0,Ponte,Bom,Não existe,Perfeito estado,Seca,Perfeito estado,Não existe,Outras,60 km/h,Dupla,Faixa contínua,,
202206560,2022-03-25,,COM VÍTIMA,FINALIZADA,ILHA JOANA BEZERRA,PTE JOSE DE BARROS LIMA,,AV GOVERNADOR AGAMENON MAGALHAES,"ACIDENTE COM VÍTIMA, ENVOLVENDO CICLISTA, NO SENTIDO PAISSANDU / ILHA DO LEITE. SAMU NO LOCAL PRESTANDO SOCORRO.  EQUIPE DE BAT DA CTTU EM DESLOCAMENTO",ILHA JOANA BEZERRA,,SUBURBIO,QUEDA,0,0,0,1,0,0,0,0,0,1,0,Viaduto,Bom,Não existe,Perfeito estado,Seca,Perfeito estado,Não existe,Não há placas,60 km/h,Dupla,Canteiro central,,
202206565,2022-03-25,,COM VÍTIMA,FINALIZADA,CASA AMARELA,AV NORTE MIGUEL ARRAES DE ALENCAR,,,EM FRENTE A UPINHA,CASA AMARELA,,CIDADE,COLISÃO TRASEIRA,1,1,0,0,0,0,0,0,0,1,0,Longo da via,Bom,Não existe,Não existente,Seca,Perfeito estado,Não existe,Não há placas,60 km/h,Dupla,Canteiro central,,
202206574,2022-03-25,,SEM VÍTIMA,FINALIZADA,ILHA DO LEITE,PTE JOSE DE BARROS LIMA,,,,ILHA DO LEITE,,,,0,0,0,0,0,0,1,1,0,0,0,Ponte,Bom,Não existe,Perfeito estado,Seca,Perfeito estado,Não existe,,,Dupla,Faixa seccionada,,
202206578,2022-03-25,,COM VÍTIMA,FINALIZADA,CASA AMARELA,RUA DA HARMONIA,89,,NA RUA DA FARMÁCIA BOM JESUS // 50 METROS ANTES DA BR TECNOLOGIA,CASA AMARELA,,CIDADE,COLISÃO LATERAL,1,1,0,0,0,0,0,0,0,1,0,Longo da via,Bom,Não existe,Perfeito estado,Seca,Perfeito estado,Não existe,Outras,30 km/h,,Não existe,,
202206605,2022-03-25,,COM VÍTIMA,FINALIZADA,SANCHO,AV LIBERDADE,1259,AV TEMPO FELIZ,EM FRENTE A OFINA PLANALTO PEÇAS E PROXIMO AO PARQUE DAS FLORES,SANCHO,,SUBURBIO,COLISÃO LATERAL,1,1,0,0,0,0,0,0,0,1,0,Cruzamento,Bom,Não existe,Ilegível,Seca,Perfeito estado,Faixa de retenção,Não há placas,,Dupla,Não existe,,
202206628,2022-03-25,,COM VÍTIMA,FINALIZADA,CAMPO GRANDE,RUA ODORICO MENDES,123,,PRÓX. AO COLÉGIO JESUS CRUCIFICADO.,CAMPO GRANDE,,SUBURBIO,COLISÃO FRONTAL,1,1,0,0,0,0,0,0,0,1,0,Longo da via,Bom,Não existe,Perfeito estado,Seca,Perfeito estado,Não existe,Não há placas,,Dupla,Canteiro central,,
202206638,2022-03-25,,SEM VÍTIMA,FINALIZADA,MADALENA,AV VISCONDE DE ALBUQUERQUE,434,RUA BARTOLOMEU DE GUSMAO,EM FRENTE AO Nº 434,MADALENA,,SUBURBIO,COLISÃO TRANSVERSAL,1,0,0,0,0,0,0,1,0,0,0,Longo da via,Bom,Não existe,Perfeito estado,Seca,Perfeito estado,Não existe,Não há placas,60 km/h,Única,Faixa seccionada,,
202206652,2022-03-26,,COM VÍTIMA,FINALIZADA,BOA VIAGEM,AV CONSELHEIRO AGUIAR,,RUA TOME GIBSON,,BOA VIAGEM,2,SUBURBIO,COLISÃO FRONTAL,2,1,0,0,0,0,0,0,0,1,0,Cruzamento,Bom,Sem defeito,Perfeito estado,Seca,Perfeito estado,Faixa de retenção,Não há placas,,Única,Faixa seccionada,,
202206653,2022-03-26,,COM VÍTIMA,FINALIZADA,VÁRZEA,AV CAXANGA,,,EM FRENTE AO GOLF CLUB,VÁRZEA,609,SUBURBIO,COLISÃO TRANSVERSAL,1,1,0,0,0,0,0,0,0,1,0,Longo da via,Bom,Sem defeito,Perfeito estado,Seca,Perfeito estado,Faixa de pedestre,Não há placas,60 km/h,Única,Faixa contínua,Faixa seccionada,Canteiro central
202206666,2022-03-26,,COM VÍTIMA,CANCELADA,IPSEP,AV RECIFE,,,EM FRENTE O POSTO SHELL,IPSEP,,CIDADE,COLISÃO LATERAL,1,0,0,0,0,0,1,0,0,1,0,,,,,,,,,,,,,
202206671,2022-03-26,,COM VÍTIMA,FINALIZADA,BOA VIAGEM,AV BOA VIAGEM,6592,RUA PADRE LEANDRO CAMELO,EDIF. PORTO DE ALEXANDRIA,BOA VIAGEM,190,CIDADE,COLISÃO LATERAL,1,1,0,0,0,0,0,0,0,1,0,Longo da via,Bom,Sem defeito,Perfeito estado,Seca,Perfeito estado,Faixa de retenção,Não há placas,,Única,Faixa contínua,,
202206673,2022-03-26,,SEM VÍTIMA,FINALIZADA,BOA VISTA,RUA MARQUES AMORIM,234,RUA VISCONDE DE GOIANA,,BOA VISTA,,CIDADE,COLISÃO TRANSVERSAL,1,0,0,0,0,0,0,1,0,0,0,Cruzamento,Chuvoso,Não existe,Perfeito estado,Molhada,Perfeito estado,Faixa de retenção,"Placas ""Pare""",,,Não existe,,
202206675,2022-03-26,,COM VÍTIMA,FINALIZADA,DOIS IRMÃOS,RUA MANUEL DE MEDEIROS,S/N,,EM FRENTE AO  CEGOE,DOIS IRMÃOS,224,CIDADE,ATROPELAMENTO DE PESSOA,0,1,0,0,1,0,0,0,0,2,0,Longo da via,Chuvoso,Sem defeito,Incompleta,Molhada,Perfeito estado,Não existe,Outras,40 km/h,Dupla,Faixa seccionada,,
202206686,2022-03-26,,COM VÍTIMA,FINALIZADA,TORRE,RUA JOSE BONIFACIO,1143,RUA MARCOS ANDRE,AO DO CARREFOUR,TORRE,487,CIDADE,COLISÃO LATERAL,1,1,0,0,0,0,0,0,0,1,0,Cruzamento,Bom,Sem defeito,Perfeito estado,Seca,Perfeito estado,Faixa de pedestre,R-6a,,Única,Faixa seccionada,,
202206716,2022-03-26,,COM VÍTIMA,FINALIZADA,BOA VIAGEM,AV CONSELHEIRO AGUIAR,4599,RUA DOM JOSE LOPES,PROX AO SUPERMERCADO EXTRA,BOA VIAGEM,,CIDADE,COLISÃO TRANSVERSAL,0,1,0,0,0,1,0,0,0,1,0,Longo da via,Bom,Não existe,Perfeito estado,Seca,Perfeito estado,,Outras,,Única,Faixa seccionada,,
202206750,2022-03-27,,COM VÍTIMA,FINALIZADA,ESTÂNCIA,AV ESTANCIA,80,RUA MORAIS E SILVA,PRÓX À ESTAÇÃO SANTA LUZIA,ESTÂNCIA,,SUBURBIO,COLISÃO TRANSVERSAL,1,1,0,0,0,0,0,0,0,1,0,Cruzamento,Bom,Não existe,Perfeito estado,Seca,Perfeito estado,Não existe,Não há placas,,Única,Não existe,,
202206771,2022-03-28,,COM VÍTIMA,FINALIZADA,DOIS UNIDOS,AV HILDEBRANDO DE VASCONCELOS,963A,RUA SIMPLICIO MENDES,PRÓXIMO AO CIPCÃES PM/PE,DOIS UNIDOS,,SUBURBIO,CHOQUE,1,0,0,0,0,1,0,0,0,1,0,Longo da via,Chuvoso,Não existe,Incompleta,Molhada,Mal conservada,Não existe,Outras,,Dupla,Faixa seccionada,,
202206772,2022-03-28,,SEM VÍTIMA,FINALIZADA,AFOGADOS,RUA JACIRA,151,RUA CINCO DE NOVEMBRO,,AFOGADOS,,SUBURBIO,COLISÃO TRANSVERSAL,1,0,0,0,0,0,0,1,0,0,0,Cruzamento,Chuvoso,Não existe,Não existente,Molhada,Perfeito estado,Não existe,Não há placas,,Dupla,Não existe,,
202206815,2022-03-28,,SEM VÍTIMA,FINALIZADA,BOA VIAGEM,RUA JOAO CARDOSO AIRES,647,,HAP VIDA - SETÚBAL,BOA VIAGEM,,,PROTESTO,0,0,0,0,0,0,0,0,0,0,0,,,,,,,,,,,,,
202206817,2022-03-28,,COM VÍTIMA,FINALIZADA,ENCRUZILHADA,RUA AMARO COUTINHO,380,RUA PROFESSOR OTAVIO DE FREITAS,RUA DO BAR DO TONHÃO,ENCRUZILHADA,,,COLISÃO LATERAL,2,0,0,0,0,0,0,0,0,1,0,,,,,,,,,,,,,
202206841,2022-03-28,,COM VÍTIMA,FINALIZADA,TORRÕES,AV ENGENHEIRO ABDIAS DE CARVALHO,603,,PROX A DLP E/F AO POSTO SHELL  S/T CID,TORRÕES,,CIDADE,COLISÃO COM CICLISTA,1,0,0,1,0,0,0,0,0,1,0,Longo da via,Bom,Não existe,Perfeito estado,Seca,Perfeito estado,Não existe,Outras,60 km/h,Dupla,Canteiro central,,
202206852,2022-03-28,,COM VÍTIMA,FINALIZADA,BARRO,RUA AMADOR ARAUJO,135,RUA DA ESPERANCA,COM A RUA DA ESPERANÇA,BARRO,,,COLISÃO TRANSVERSAL,0,2,0,0,0,0,0,0,0,2,0,Cruzamento,Bom,,Perfeito estado,Seca,Perfeito estado,Não existe,Não há placas,,Única,,,
202206895,2022-03-29,,SEM VÍTIMA,FINALIZADA,CASA AMARELA,AV NORTE MIGUEL ARRAES DE ALENCAR,,,EM FRENTE A UPINHA,CASA AMARELA,,,COLISÃO TRASEIRA,1,1,0,0,0,1,0,0,0,0,0,,,,,,,,,,,,,
202206896,2022-03-29,,COM VÍTIMA,FINALIZADA,ARRUDA,AV BEBERIBE,1303,,LADO OPOSTO AO ARMAZEM CORAL,ARRUDA,,CIDADE,ATROPELAMENTO DE PESSOA,0,1,0,0,1,0,0,0,0,1,0,Longo da via,Bom,Não existe,Perfeito estado,Seca,Perfeito estado,Não existe,Não há placas,60 km/h,Dupla,Faixa contínua,,
202206903,2022-03-29,,COM VÍTIMA,FINALIZADA,IBURA,LAD DA COHAB,42,,PROXIMO A POLICLINICA,IBURA,,CIDADE,QUEDA,0,1,0,0,0,0,0,0,0,1,0,Longo da via,Chuvoso,Não existe,Ilegível,Molhada,Perfeito estado,Não existe,Não há placas,,Dupla,Não existe,,
202206913,2022-03-29,,COM VÍTIMA,FINALIZADA,SANTO AMARO,RUA COELHO LEITE,570,,LATERAL DA ANTIGA CTTU / BATEDOR CARLOS LIMA MOTO 05 NO QTH,SANTO AMARO,,SUBURBIO,CHOQUE,1,1,0,0,0,0,0,0,0,1,0,Longo da via,Bom,Não existe,Incompleta,Seca,,,,,Dupla,Não existe,,