Protocolo,data,hora,natureza,situacao,bairro,endereco,numero,detalhe_endereco_acidente,complemento,bairro_cruzamento,num_semaforo,sentido_via,tipo,auto,moto,ciclom,ciclista,pedestre,onibus,caminhao,viatura,outros,vitimas,vitimasfatais,acidente_verificado,tempo_clima,situacao_semaforo,sinalizacao,condicao_via,conservacao_via,ponto_controle,situacao_placa,velocidade_max_via,mao_direcao,divisao_via1,divisao_via2,divisao_via3
202206915,2022-03-29,,COM VÍTIMA,FINALIZADA,IPSEP,AV RECIFE,616,RUA GONCALVES DE MAGALHAES,AO LADO DO RESTAURANTE SAL E BRASA,IPSEP,393,SUBURBIO,QUEDA,0,1,0,0,0,0,0,0,0,1,0,Longo da via,Bom,Sem defeito,Perfeito estado,Seca,Perfeito estado,Não existe,R-4a,,Dupla,Faixa contínua,,
202206921,2022-03-29,,COM VÍTIMA,FINALIZADA,BOA VIAGEM,AV ENGENHEIRO DOMINGOS FERREIRA,1274,,E/F AO CANAL DA CONSTRUÇÃO & CONDOMÍNIOS. PISTA OESTE.,BOA VIAGEM,,SUBURBIO,ATROPELAMENTO DE PESSOA,1,0,0,0,1,0,0,0,0,1,0,Longo da via,Bom,Não existe,Perfeito estado,Seca,Perfeito estado,Não existe,Não há placas,,Única,Faixa contínua,Faixa seccionada,
202206942,2022-03-29,,SEM VÍTIMA,FINALIZADA,IBURA,RUA MARECHAL TAUMATURGO,346,,FRENTE GARAGEM AUTO  SERVICE,IBURA,,CIDADE,CHOQUE,1,0,0,0,0,0,0,0,0,0,0,Longo da via,Bom,Não existe,Perfeito estado,Seca,Perfeito estado,Não existe,Não há placas,,Dupla,Não existe,,
202206950,2022-03-29,,SEM VÍTIMA,DUPLICIDADE,IBURA,RUA MARECHAL TAUMATURGO,,,APOS O TERMINAL DE ONIBUS DA UR 5 E/F A OFICINA DE MAURICIO,IBURA,,,CHOQUE,1,0,0,0,0,0,0,0,0,0,0,,,,,,,,,,,,,
202206961,2022-03-29,,COM VÍTIMA,FINALIZADA,IPSEP,RUA POTENGI,87,RUA ARARAQUARA,REF: PRAÇA DA MAURICEIA,IPSEP,,SUBURBIO,COLISÃO COM CICLISTA,0,1,0,1,0,0,0,0,0,1,0,Cruzamento,Bom,Não existe,Incompleta,Seca,Perfeito estado,Não existe,Não há placas,,Única,Não existe,,
202206974,2022-03-30,,SEM VÍTIMA,FINALIZADA,BOA VIAGEM,RUA ERNESTO DE PAULA SANTOS,,AV FERNANDO SIMOES BARBOSA,,BOA VIAGEM,,,COLISÃO TRANSVERSAL,1,0,0,0,0,0,1,0,0,0,0,,,,,,,,,,,,,
202206984,2022-03-30,,COM VÍTIMA,FINALIZADA,BOA VIAGEM,AV BOA VIAGEM,6732,RUA BRIGADEIRO CYRO,APÓS O CLUB DA AERONÁUTICA,BOA VIAGEM,,CIDADE,COLISÃO LATERAL,1,1,0,0,0,0,0,0,0,1,0,Longo da via,Bom,Não existe,Perfeito estado,Seca,Perfeito estado,Não existe,Não há placas,60 km/h,Única,Faixa seccionada,,
202206996,2022-03-30,,COM VÍTIMA,FINALIZADA,SANTO AMARO,AV CRUZ CABUGA,,,EM FRENTE AO HOSPITAL NAVAL,SANTO AMARO,,SUBURBIO,ATROPELAMENTO DE PESSOA,0,1,0,0,1,0,0,0,0,2,0,Longo da via,Bom,Não existe,Perfeito estado,Seca,Perfeito estado,Não existe,Não há placas,60 km/h,Dupla,Faixa contínua,,
202207005,2022-03-30,,SEM VÍTIMA,FINALIZADA,AREIAS,RUA JOSE NATARIO,,,EM FRENTE A DROGASIL,AREIAS,,,COLISÃO TRASEIRA,1,1,0,0,0,0,0,1,0,0,0,Longo da via,Bom,Não existe,Perfeito estado,Seca,Perfeito estado,Não existe,R-6a,,Dupla,Faixa seccionada,,
202207028,2022-03-30,,COM VÍTIMA,FINALIZADA,ILHA DO LEITE,RUA ESTADO DE ISRAEL,205,RUA JORNALISTA TRAJANO CHACON,PROX A  SOS MAOS  NA CALÇADA DO HAPVIDA,ILHA DO LEITE,,CIDADE,COLISÃO TRANSVERSAL,1,1,0,0,0,0,0,0,0,1,0,Cruzamento,Bom,Não existe,Perfeito estado,Seca,Perfeito estado,Faixa de pedestre,Outras,,Única,Faixa seccionada,,
202207045,2022-03-30,,COM VÍTIMA,FINALIZADA,TEJIPIÓ,AV DR JOSE RUFINO,2993,,"E/F AO 4°BPEE E  AO COLEGIO ALBERTO TORRES, SNT JABOATAO",TEJIPIÓ,,,COLISÃO LATERAL,2,1,0,0,0,0,0,0,0,1,0,Longo da via,Bom,Não existe,Perfeito estado,Seca,Perfeito estado,Não existe,Não há placas,60 km/h,Dupla,Faixa contínua,,
202207057,2022-03-30,,COM VÍTIMA,FINALIZADA,SANTO ANTÔNIO,AV MARTINS DE BARROS,,,PROX AO ITAU,SANTO ANTÔNIO,194,SUBURBIO,COLISÃO COM CICLISTA,1,0,0,1,0,0,0,0,0,1,0,Cruzamento,Bom,Sem defeito,Perfeito estado,Seca,Perfeito estado,Faixa de pedestre,Outras,30 km/h,Única,,,
202207099,2022-03-31,,COM VÍTIMA,FINALIZADA,BOA VIAGEM,AV DOM JOAO VI,,,EM FRENTE AO COLEGIO MOTIVO,BOA VIAGEM,,SUBURBIO,CHOQUE,0,1,0,0,0,0,0,0,0,1,0,Longo da via,Bom,Não existe,Perfeito estado,Seca,Perfeito estado,Não existe,Outras,50 km/h,Única,Faixa seccionada,,
202207151,2022-03-31,,COM VÍTIMA,FINALIZADA,PINA,RUA MANOEL DE BRITO,711,AV CONSUL JOSEPH NOUJAIM,EM FRENTE A FACULDADE IDE,PINA,659,SUBURBIO,COLISÃO COM CICLISTA,0,0,0,1,0,1,0,0,0,1,0,Cruzamento,Bom,Sem defeito,Perfeito estado,Seca,Perfeito estado,Não existe,R-6a,,Única,Não existe,,
202207161,2022-03-31,,COM VÍTIMA,CANCELADA,IMBIRIBEIRA,AV MARECHAL MASCARENHAS DE MORAES,,,,IMBIRIBEIRA,,,QUEDA,0,0,0,0,0,1,0,0,0,1,0,,,,,,,,,,,,,
202207166,2022-03-31,,COM VÍTIMA,CANCELADA,BOA VIAGEM,AVENIDA CELSO FURTADO (VIA MANGUE),,,NA DECIDA DA ANTONIO FALCAO,BOA VIAGEM,,,CAPOTAMENTO,1,0,0,0,0,0,0,0,0,1,0,,,,,,,,,,,,,
202207167,2022-03-31,,COM VÍTIMA,FINALIZADA,IMBIRIBEIRA,RUA GENERAL GOES MONTEIRO,,RUA CONEGO LIRA,"NO CRUZAMENTO, AO LADO DO NÚMERO 320, RESTAURANTE TRATTORIA PROVENCE.",IMBIRIBEIRA,,SUBURBIO,COLISÃO TRASEIRA,1,1,0,0,0,0,0,0,0,1,0,Cruzamento,Bom,Não existe,Não existente,Seca,Perfeito estado,Não existe,Não há placas,,Dupla,Não existe,,
202207170,2022-04-01,,COM VÍTIMA,CANCELADA,AREIAS,AV RECIFE,,,EM FRENTE AO HOSPITAL DO IDOSO,AREIAS,,,ATROPELAMENTO DE PESSOA,1,0,0,0,1,0,0,0,0,1,0,,,,,,,,,,,,,
202207173,2022-04-01,,SEM VÍTIMA,FINALIZADA,SANTO AMARO,AV CRUZ CABUGA,,PRC GENERAL ABREU E LIMA,PRÓX. AO EMITÉRIO DOS INGLESES,SANTO AMARO,,,CHOQUE,1,0,0,0,0,0,0,0,0,0,0,,,,,,,,,,,,,
202207185,2022-04-01,,COM VÍTIMA,FINALIZADA,ARRUDA,AV BEBERIBE,,RUA MEM DE SA,EM FRENTE A PEDRAGON,ARRUDA,63,,COLISÃO LATERAL,1,1,0,0,0,0,0,0,0,1,0,Cruzamento,Bom,Sem defeito,Perfeito estado,Seca,Perfeito estado,Faixa de pedestre,Outras,60 km/h,Dupla,Faixa contínua,,
202207196,2022-04-01,,COM VÍTIMA,FINALIZADA,VÁRZEA,AV AFONSO OLINDENSE,1327,,"CASA / FARMÁCIA PAGUE MENOS, EM FRENTE AO EDF. BRAGANÇA.",VÁRZEA,,SUBURBIO,COLISÃO LATERAL,1,1,0,0,0,0,0,0,0,1,0,Longo da via,Bom,Não existe,,Seca,Perfeito estado,Não existe,Não há placas,,Dupla,Faixa contínua,,
202207234,2022-04-01,,COM VÍTIMA,FINALIZADA,IMBIRIBEIRA,RUA DUQUE ESTRADA,110,,E/F AO LE PARC E EDF. ARAPUAN,IMBIRIBEIRA,,SUBURBIO,COLISÃO TRANSVERSAL,1,1,0,0,0,0,0,0,0,1,0,Longo da via,Bom,Não existe,Não existente,Seca,Perfeito estado,Não existe,Não há placas,,Dupla,Não existe,,
202207239,2022-04-01,,COM VÍTIMA,FINALIZADA,BOA VIAGEM,RUA JOSE MARIA DE MIRANDA,300,AVENIDA CELSO FURTADO (VIA MANGUE),BARRACA DO DECA/ SENTIDO PINA. EM FRENTE AO NÚMERO 328,BOA VIAGEM,,CIDADE,CHOQUE,0,1,0,0,0,0,0,0,0,1,0,Longo da via,Bom,Não existe,Incompleta,Seca,Perfeito estado,Não existe,Não há placas,,Dupla,Não existe,,
202207253,2022-04-01,,COM VÍTIMA,FINALIZADA,TEJIPIÓ,AV DR JOSE RUFINO,,,EM FRENTE À ESTAÇÃO TEJIPIÓ,TEJIPIÓ,,,COLISÃO LATERAL,1,1,0,0,0,0,0,0,0,1,0,,,,,,,,,,,,,
202207254,2022-04-01,,COM VÍTIMA,FINALIZADA,ESPINHEIRO,AV JOAO DE BARROS,1769,,EM FRENTE AO ETEPAM,ESPINHEIRO,,SUBURBIO,COLISÃO TRASEIRA,1,1,0,0,0,0,0,0,0,1,0,Longo da via,Bom,Não existe,Perfeito estado,Seca,Perfeito estado,Faixa de pedestre,R-25b,,Única,Faixa contínua,,
202207256,2022-04-01,,COM VÍTIMA,FINALIZADA,BOA VISTA,AV CONDE DA BOA VISTA,250,RUA SETE DE SETEMBRO,FARMACIAS INDEPENDENTE,BOA VISTA,486,SUBURBIO,ATROPELAMENTO DE PESSOA,0,0,0,0,1,1,0,0,0,1,0,Cruzamento,Bom,Sem defeito,Perfeito estado,Seca,Perfeito estado,Outros,R-19,40 km/h,Dupla,Canteiro central,,
202207257,2022-04-01,,COM VÍTIMA,FINALIZADA,ILHA DO LEITE,RUA DAS FRONTEIRAS,127,,EM FRENTE AO HOSPITAL MEMORIAL SÃO JOSÉ / VÍTIMA SOCORRIDA PARA O PRÓPRIO HOSPITAL,ILHA DO LEITE,,,CHOQUE,1,0,0,0,0,0,0,0,0,1,0,Outros,Bom,Não existe,Perfeito estado,Seca,Perfeito estado,Não existe,R-6a,,Única,Não existe,,
202207264,2022-04-01,,COM VÍTIMA,FINALIZADA,BARRO,AV CENTRAL,,,E/F A ESTAÇÃO DO BARRO / PORTAO DE ENTRADA,BARRO,,SUBURBIO,ATROPELAMENTO DE PESSOA,0,0,0,0,1,1,0,0,0,1,0,Longo da via,Bom,Não existe,Perfeito estado,Seca,Perfeito estado,Não existe,Não há placas,20 km/h,Única,Faixa seccionada,,
202207334,2022-04-02,,COM VÍTIMA,FINALIZADA,AREIAS,AV DR JOSE RUFINO,1349,RUA DONA ANA AURORA,ENFRENTE AO COMERCIAL NOVO LAR,AREIAS,,CIDADE,COLISÃO TRANSVERSAL,1,1,0,0,0,0,0,0,0,1,0,Cruzamento,Bom,Não existe,Ilegível,Seca,Mal conservada,Não existe,R-6a,60 km/h,Dupla,Faixa contínua,Faixa seccionada,
202207344,2022-04-02,,COM VÍTIMA,FINALIZADA,MADALENA,RUA CARLOS GOMES,,RUA HERCULES FLORENCE,PROX A PAGMENOS E AO NÚMERO 914,MADALENA,,,COLISÃO LATERAL,1,0,0,0,0,1,0,0,0,1,0,Cruzamento,Bom,Não existe,Incompleta,Seca,Perfeito estado,Faixa de pedestre,Não há placas,40 km/h,,Faixa seccionada,,
202207346,2022-04-02,,SEM VÍTIMA,FINALIZADA,CASA FORTE,RUA DR JOAO SANTOS FILHO,,,ENFRENTE  AO SHOPPING AO LADO DA RUA DO MEC DONALD,CASA FORTE,,,COLISÃO LATERAL,2,0,0,0,0,0,0,0,0,0,0,,,,,,,,,,,,,
202207351,2022-04-02,,COM VÍTIMA,FINALIZADA,TORRÕES,RUA DR MIGUEL VIEIRA FERREIRA,375,,PROX AO MERCADINHO SACOLAO,TORRÕES,,SUBURBIO,ATROPELAMENTO DE PESSOA,1,0,0,0,1,0,0,0,0,1,0,Longo da via,Bom,Não existe,Perfeito estado,Seca,Perfeito estado,Não existe,Não há placas,,Dupla,Não existe,,
202207357,2022-04-02,,SEM VÍTIMA,FINALIZADA,JORDÃO,RUA ALBERTO LUNDGREN,450,,,JORDÃO,,CIDADE,COLISÃO TRASEIRA,3,0,0,0,0,0,0,0,0,0,0,Longo da via,Bom,Sem defeito,Perfeito estado,Seca,Perfeito estado,Não existe,Não há placas,,Única,Faixa seccionada,,
202207416,2022-04-03,,COM VÍTIMA,FINALIZADA,ILHA JOANA BEZERRA,VIADUTO CAPITAO TEMUDO,,,"NA DESCIDA DO VIADUTO, SNT BV. ALÇA DE ACESSO À RUA IMPERIAL.",ILHA JOANA BEZERRA,,SUBURBIO,CHOQUE,0,1,0,0,0,0,0,0,0,2,0,Viaduto,Bom,Não existe,Não existente,Seca,Perfeito estado,,Não há placas,60 km/h,Dupla,Outros,,
202207430,2022-04-04,,COM VÍTIMA,FINALIZADA,AREIAS,AV RECIFE,758,RUA CAPITAO ESTEVAO FERNANDES,AO LADO DA CLINICA OK DOUTOR,AREIAS,85,,COLISÃO LATERAL,1,1,0,0,0,0,0,0,0,1,0,Esquina,Bom,Sem defeito,Perfeito estado,Seca,Perfeito estado,Faixa de pedestre,R-6a,,Dupla,Faixa contínua,Canteiro central,
202207460,2022-04-04,,COM VÍTIMA,FINALIZADA,IMBIRIBEIRA,AV MARECHAL MASCARENHAS DE MORAES,2100,,"SENT. AEROPORTO, EM FRENTE A EUROVIA RENAULT",IMBIRIBEIRA,,SUBURBIO,COLISÃO TRASEIRA,2,1,0,0,0,0,0,0,0,1,0,Longo da via,Bom,Sem defeito,Perfeito estado,Seca,Perfeito estado,Faixa de pedestre,Não há placas,,Única,Faixa seccionada,Canteiro central,
202207469,2022-04-04,,COM VÍTIMA,FINALIZADA,BAIRRO DO RECIFE,AV RIO BRANCO,,CAIS DO APOLO,E/F AO BANCO DO BRASIL,BAIRRO DO RECIFE,,,COLISÃO LATERAL,1,1,0,0,0,0,0,0,0,1,0,Cruzamento,Bom,Sem defeito,Perfeito estado,Seca,Perfeito estado,Faixa de pedestre,Outras,,Dupla,Faixa contínua,,
202207482,2022-04-04,,VÍTIMA FATAL,FINALIZADA,IMBIRIBEIRA,AV SUL,,,DENTRO DO TERMINAL INTEGRADO TANCREDO NEVES,IMBIRIBEIRA,,,ATROPELAMENTO DE PESSOA,0,0,0,0,1,1,0,0,0,0,1,Longo da via,Bom,Não existe,Não existente,Seca,Perfeito estado,Não existe,Não há placas,,Única,Não existe,,
202207484,2022-04-04,,COM VÍTIMA,FINALIZADA,IPUTINGA,RUA BOM PASTOR,335,,PROX ACADEMIA BIO FORMA  EO BAR SEU JORGE,IPUTINGA,,CIDADE,COLISÃO LATERAL,1,1,0,0,0,0,0,0,0,1,0,Cruzamento,Bom,Não existe,Incompleta,Seca,Mal conservada,Não existe,R-6a,40 km/h,Dupla,Não existe,,
202207504,2022-04-04,,COM VÍTIMA,FINALIZADA,ESTÂNCIA,AV DR JOSE RUFINO,321,RUA ANDRE VIEIRA DE MELO,E/F AO COLEGIO VISAO,ESTÂNCIA,,,ATROPELAMENTO DE PESSOA,1,0,0,0,1,0,0,0,0,1,0,Esquina,Bom,Sem defeito,Perfeito estado,Seca,Perfeito estado,Faixa de pedestre,Outras,60 km/h,Dupla,Faixa contínua,,
202207509,2022-04-05,,COM VÍTIMA,FINALIZADA,SANTO ANTÔNIO,AV GUARARAPES,,RUA DO SOL,EM FRENTE AO CORREIOS,SANTO ANTÔNIO,,,COLISÃO TRANSVERSAL,1,0,0,0,0,1,0,0,0,1,0,,,,,,,,,,,,,
202207529,2022-04-05,,COM VÍTIMA,FINALIZADA,SÃO JOSÉ,AV SUL,457,,PRÓXIMO A PRAÇA SÉRGIO LORETO. EM FRENTE AO POSTO BR.,SÃO JOSÉ,,CIDADE,QUEDA,0,1,0,0,0,0,0,0,0,2,0,Longo da via,Bom,Não existe,Perfeito estado,Seca,Perfeito estado,Não existe,Não há placas,,Única,Faixa seccionada,,
202207531,2022-04-05,,COM VÍTIMA,FINALIZADA,PARNAMIRIM,AV DEZESSETE DE AGOSTO,121,,E/F A HORTFRUIT ALÉM DO CAMPO,PARNAMIRIM,,SUBURBIO,CHOQUE,2,1,0,0,0,0,0,0,0,2,0,Longo da via,Bom,Não existe,Perfeito estado,Seca,Perfeito estado,Não existe,Outras,40 km/h,Dupla,Faixa contínua,,
202207534,2022-04-05,,COM VÍTIMA,FINALIZADA,GRAÇAS,AV CONS ROSA E SILVA,215,,E/F AO CLUBE PORTUGUES,GRAÇAS,,SUBURBIO,ATROPELAMENTO DE PESSOA,1,0,0,0,2,0,0,0,0,2,0,Longo da via,Bom,Não existe,Perfeito estado,Seca,Perfeito estado,Outros,R-6a,,Única,Faixa seccionada,,
202207552,2022-04-05,,COM VÍTIMA,CANCELADA,AREIAS,AV RECIFE,194,,POR TRAS DO HOSPITAL DA MULHER  S/T BOA VIAGEM,AREIAS,,,COLISÃO FRONTAL,1,1,0,0,0,0,0,0,0,1,0,,,,,,,,,,,,,
202207553,2022-04-05,,COM VÍTIMA,FINALIZADA,BONGI,RUA DONA MARIA AUGUSTA NOGUEIRA,341,RUA DELMIRO GOUVEIA,POR TRAS DA CELPE  NA RUA SECRETARIA DE SAUDE. EM FRENTE A IGREJA PRESTITERIANA BOAS NOVAS.,BONGI,,CIDADE,COLISÃO TRANSVERSAL,1,1,0,0,0,0,0,0,0,1,0,Esquina,Bom,Não existe,Perfeito estado,Seca,Perfeito estado,Não existe,Outras,,Dupla,Faixa seccionada,,
202207554,2022-04-05,,COM VÍTIMA,CANCELADA,CASA AMARELA,RUA DA HARMONIA,566,,EM FRENTE AO CENTRO EDUCACIONAL VILA SEZAMO,CASA AMARELA,,,COLISÃO LATERAL,1,1,0,0,0,0,0,0,0,1,0,,,,,,,,,,,,,
202207557,2022-04-05,,SEM VÍTIMA,FINALIZADA,BOA VIAGEM,AV ENGENHEIRO DOMINGOS FERREIRA,2284,RUA DONA BENVINDA DE FARIAS,,BOA VIAGEM,139,SUBURBIO,COLISÃO TRASEIRA,1,0,0,0,0,1,0,0,0,0,0,Cruzamento,Bom,Sem defeito,Perfeito estado,Seca,Perfeito estado,Faixa de pedestre,Não há placas,,Única,Canteiro central,,
202207571,2022-04-05,,SEM VÍTIMA,FINALIZADA,PINA,AV BOA VIAGEM,,,TERCEIRO JARDIM,PINA,117,CIDADE,,1,0,0,0,0,0,0,1,0,0,0,Longo da via,Bom,Sem defeito,Perfeito estado,Seca,Perfeito estado,Faixa de retenção,Não há placas,,Única,Faixa contínua,,
202207572,2022-04-05,,COM VÍTIMA,FINALIZADA,SAN MARTIN,AV GENERAL SAN MARTIN,,,NA ROTATÓRIA S/T  AFOGADOS . EM FRENTE À IGREJA UNIVERSAL,SAN MARTIN,,SUBURBIO,COLISÃO FRONTAL,2,0,0,0,0,0,0,0,0,1,0,Rotatória,Bom,Não existe,Incompleta,Seca,Perfeito estado,Não existe,Não há placas,,Única,Outros,,
202207608,2022-04-06,,COM VÍTIMA,FINALIZADA,DERBY,AV GOVERNADOR AGAMENON MAGALHAES,,PRC DO DERBY,SOBRE A FAIXA DE PEDESTRES (SENTIDO CAMARAGIBE) E/F À ESTAÇÃO BRT,DERBY,75,BOA VIAGEM,COLISÃO TRASEIRA,0,1,0,0,0,1,0,0,0,1,0,Longo da via,Bom,Intermitente,Perfeito estado,Molhada,Perfeito estado,Faixa de pedestre,R-4a,60 km/h,Dupla,Faixa seccionada,,
202207610,2022-04-06,,SEM VÍTIMA,FINALIZADA,MACAXEIRA,AV NORTE MIGUEL ARRAES DE ALENCAR,,,ANTES DE CHEGAR NA INTEGRAÇAO DA MACAXEIRA,MACAXEIRA,,,COLISÃO TRASEIRA,2,0,0,0,0,0,0,0,0,0,0,,,,,,,,,,,,,
202207659,2022-04-06,,SEM VÍTIMA,FINALIZADA,BOA VIAGEM,RUA PEDRO BERGAMO,109,,EM FRENTE AO EDIFÍCIO BENIDORM,BOA VIAGEM,,,,2,0,0,0,0,0,0,0,0,0,0,Longo da via,Bom,Não existe,Perfeito estado,Seca,Perfeito estado,Não existe,Não há placas,,Única,Não existe,,
202207672,2022-04-06,,COM VÍTIMA,FINALIZADA,ESTÂNCIA,AV RECIFE,,,EM FRENTE AO GALETOS/ SENTIDO BOA VIAGEM,ESTÂNCIA,,,COLISÃO LATERAL,0,2,0,0,0,0,0,0,0,2,0,,,,,,,,,,,,,
202207680,2022-04-06,,COM VÍTIMA,FINALIZADA,LINHA DO TIRO,RUA URIEL DE HOLANDA,932,,E/F A  CHURRASCARIA CACHOEIRA,LINHA DO TIRO,,CIDADE,COLISÃO LATERAL,1,1,0,0,0,0,0,0,0,1,0,Longo da via,Bom,Não existe,Ilegível,Seca,Mal iluminada,Não existe,Não há placas,,Dupla,Faixa seccionada,,
202207688,2022-04-06,,COM VÍTIMA,FINALIZADA,BOA VIAGEM,AV ENGENHEIRO DOMINGOS FERREIRA,3067,,E/F AO CARREFOUR / SEMÁFORO 145,BOA VIAGEM,145,SUBURBIO,ATROPELAMENTO DE PESSOA,1,0,0,0,1,0,0,0,0,1,0,Longo da via,Bom,Sem defeito,Perfeito estado,Seca,Perfeito estado,Faixa de pedestre,Não há placas,,Única,Faixa seccionada,Canteiro central,
202207719,2022-04-07,,COM VÍTIMA,FINALIZADA,BOA VIAGEM,RUA DEZ DE JULHO,139,RUA CAMBOIM,EM FRENTE AO MOTEL MAISON CRISTAL. PRÓXIMO A CONFORT LOCADORA DE CARROS.,BOA VIAGEM,,CIDADE,COLISÃO TRANSVERSAL,1,1,0,0,0,0,0,0,0,1,0,Cruzamento,Bom,Não existe,Perfeito estado,Seca,Perfeito estado,Faixa de retenção,Não há placas,,Dupla,Faixa contínua,,
202207724,2022-04-07,,COM VÍTIMA,FINALIZADA,TORRE,RUA PROFESSOR TRAJANO DE MENDONCA,320,,EM FRENTE AO RESTAURANTE DO IRMAO / LADO DO ATACADO DOS PRESENTES,TORRE,,CIDADE,COLISÃO TRASEIRA,0,2,0,0,0,0,0,0,0,2,0,Longo da via,Chuvoso,Não existe,Perfeito estado,Molhada,Perfeito estado,Não existe,Não há placas,40 km/h,Única,Faixa seccionada,,
202207734,2022-04-07,,COM VÍTIMA,FINALIZADA,CORDEIRO,AV PROFESSOR ESTEVAO FRANCISCO DA COSTA,,,,CORDEIRO,80,SUBURBIO,CHOQUE,0,1,0,0,0,0,0,0,0,1,0,Cruzamento,Bom,Sem defeito,Perfeito estado,Seca,Perfeito estado,Faixa de pedestre,Outras,,Única,Faixa contínua,,
202207743,2022-04-07,,SEM VÍTIMA,FINALIZADA,,AV GOVERNADOR AGAMENON MAGALHAES,,,EM FRENTE AO REAL HOSPITAL PORTUGUÊS ( PISTA LOCAL ),,69,SUBURBIO,,0,0,0,0,0,0,1,1,0,0,0,Longo da via,Bom,Sem defeito,Perfeito estado,Seca,Perfeito estado,Faixa de retenção,Não há placas,,Única,Faixa seccionada,,
202207747,2022-04-07,,COM VÍTIMA,FINALIZADA,IMBIRIBEIRA,AV MARECHAL MASCARENHAS DE MORAES,,,EM FRENTE DA FACULDADE PERNAMBUCANA,IMBIRIBEIRA,530,CIDADE,COLISÃO TRASEIRA,1,1,0,0,0,0,0,0,0,1,0,Longo da via,Bom,Sem defeito,Perfeito estado,Seca,Perfeito estado,Faixa de pedestre,Outras,60 km/h,Dupla,Faixa contínua,Faixa seccionada,Canteiro central
202207766,2022-04-07,,COM VÍTIMA,FINALIZADA,JOANA BEZERRA,VDO PAPA JOAO PAULO II,,,AO LADO DO FÓRUM / SENTIDO BOA VIAGEM,JOANA BEZERRA,,SUBURBIO,COLISÃO TRASEIRA,0,1,0,0,0,1,0,0,0,1,0,Viaduto,Bom,Não existe,Não existente,Seca,Perfeito estado,Não existe,Não há placas,,Dupla,Canteiro central,,
202207771,2022-04-07,,COM VÍTIMA,FINALIZADA,AREIAS,RUA IPOJUCA,273,RUA CARUARU,PROX A IGREJA PRESBITERIANA. EM FRENTE À ESCOLA MUNICIPAL DE AREIAS.,AREIAS,,SUBURBIO,COLISÃO FRONTAL,2,0,0,0,0,0,0,0,0,1,0,Longo da via,Bom,Não existe,Não existente,Seca,Perfeito estado,Não existe,Não há placas,40 km/h,Dupla,Faixa seccionada,,
202207806,2022-04-08,,SEM VÍTIMA,FINALIZADA,IMBIRIBEIRA,RUA JOSE DA SILVA LUCENA,241,RUA SARGENTO SILVINO DE MACEDO,RUA DO COLEGIO GGE. LITÍGIO,IMBIRIBEIRA,,CIDADE,COLISÃO LATERAL,1,1,0,0,0,0,0,0,0,0,0,Cruzamento,Chuvoso,Não existe,Perfeito estado,Molhada,Perfeito estado,Faixa de pedestre,Não há placas,,Dupla,Não existe,,
202207819,2022-04-08,,COM VÍTIMA,FINALIZADA,AREIAS,AV TENENTE FELIPE BANDEIRA DE MELO,119,,PROX. AO HIPER,AREIAS,,,COLISÃO LATERAL,1,1,0,0,0,0,0,0,0,1,0,,,,,,,,,,,,,
202207822,2022-04-08,,COM VÍTIMA,FINALIZADA,AREIAS,AV RECIFE,,,"SOB A AV DR JOSE RUFINO, AO LADO DO ARMAZÉM CORAL, PRÓXIMO A AV ESTANCIA, RETORNO.",AREIAS,,CIDADE,QUEDA,0,1,0,0,0,0,0,0,0,1,0,Viaduto,Chuvoso,Não existe,Perfeito estado,Molhada,Perfeito estado,Não existe,Não há placas,60 km/h,Dupla,Faixa seccionada,Canteiro central,
202207823,2022-04-08,,COM VÍTIMA,FINALIZADA,ARRUDA,AV PROFESSOR JOSE DOS ANJOS,,RUA PETRONILA BOTELHO,SEMAFORO 554,ARRUDA,554,CIDADE,COLISÃO LATERAL,1,1,0,0,0,0,0,0,0,1,0,Cruzamento,Chuvoso,Sem defeito,Perfeito estado,Molhada,Perfeito estado,Faixa de pedestre,Outras,,Dupla,Faixa seccionada,,
202207845,2022-04-08,,COM VÍTIMA,FINALIZADA,ÁGUA FRIA,AV BEBERIBE,2692,,EM FRENTE A EQUIPADORA NÓS,ÁGUA FRIA,307,SUBURBIO,COLISÃO COM CICLISTA,0,0,0,1,0,1,0,0,0,1,0,Longo da via,Bom,Sem defeito,Perfeito estado,Seca,Perfeito estado,Faixa de pedestre,Outras,,Dupla,Faixa contínua,,
202207852,2022-04-08,,COM VÍTIMA,FINALIZADA,SAN MARTIN,AV ENGENHEIRO ABDIAS DE CARVALHO,,RUA QUINZE DE MARCO,COLISÃO COM VÍTIMA,SAN MARTIN,,SUBURBIO,COLISÃO FRONTAL,0,2,0,0,0,0,0,0,0,1,0,,,,,,,,,,,,,
202207857,2022-04-08,,SEM VÍTIMA,FINALIZADA,BAIRRO DO RECIFE,RUA DO SOL,S/N,,TEATRO  SANTA ISABEL,BAIRRO DO RECIFE,,CIDADE,COLISÃO TRASEIRA,1,0,0,0,0,1,0,0,0,0,0,Longo da via,Bom,Não existe,Perfeito estado,Seca,Perfeito estado,Não existe,Não há placas,40 km/h,Única,Faixa seccionada,,
202207915,2022-04-09,,SEM VÍTIMA,FINALIZADA,ESPINHEIRO,RUA MANUEL DE CARVALHO,359,,EDIFÍCIO BELLINI,ESPINHEIRO,,SUBURBIO,CHOQUE,1,0,0,0,0,0,0,0,0,0,0,Longo da via,Bom,Não existe,Perfeito estado,Molhada,Perfeito estado,Não existe,Não há placas,,Única,Não existe,,