Protocolo,data,hora,natureza,situacao,bairro,endereco,numero,detalhe_endereco_acidente,complemento,bairro_cruzamento,num_semaforo,sentido_via,tipo,auto,moto,ciclom,ciclista,pedestre,onibus,caminhao,viatura,outros,vitimas,vitimasfatais,acidente_verificado,tempo_clima,situacao_semaforo,sinalizacao,condicao_via,conservacao_via,ponto_controle,situacao_placa,velocidade_max_via,mao_direcao,divisao_via1,divisao_via2,divisao_via3
202208817,2022-04-21,,COM VÍTIMA,FINALIZADA,IBURA,AV DOIS RIOS,,,"APOS A  SUBIDA DA LADEIRA  AO LADO DA POLICLINICA E MATERNIDADE PROFESSOR ARNALDO MAGALHÃES, PROXIMO AO TREVO.",IBURA,,SUBURBIO,COLISÃO FRONTAL,2,0,0,0,0,0,0,0,0,1,0,Cruzamento,Bom,Não existe,Ilegível,Seca,Perfeito estado,Não existe,"Placas ""Pare""",,Dupla,Não existe,,
202208843,2022-04-22,,SEM VÍTIMA,FINALIZADA,CABANGA,AV ENGENHEIRO JOSE ESTELITA,214,,FERNANDO LINS ADVOGADOS,CABANGA,,SUBURBIO,,0,0,0,0,0,1,0,1,0,0,0,Longo da via,Bom,Não existe,Perfeito estado,Seca,Perfeito estado,,,,Única,Canteiro central,,
202208847,2022-04-22,,COM VÍTIMA,FINALIZADA,DERBY,PRC DO DERBY,,RUA JENER DE SOUZA,EM FRENTE O QUARTEL,DERBY,40,CIDADE,COLISÃO COM CICLISTA,0,0,0,1,0,1,0,0,0,1,0,Cruzamento,Bom,Sem defeito,Perfeito estado,Seca,Perfeito estado,Faixa de pedestre,,50 km/h,Dupla,Faixa seccionada,Canteiro central,
202208859,2022-04-22,,COM VÍTIMA,FINALIZADA,JIQUIÁ,RUA SAO MIGUEL,1452,RUA DRA ITAMAR DE MORAIS E SILVA,EM FRENTE AO POSTO  BANDEIRA BRANCA,JIQUIÁ,,SUBURBIO,COLISÃO TRANSVERSAL,1,1,0,0,0,0,0,0,0,1,0,Cruzamento,Bom,Não existe,Perfeito estado,Seca,Perfeito estado,Não existe,Não há placas,,Dupla,Faixa contínua,Faixa seccionada,
202208860,2022-04-22,,COM VÍTIMA,FINALIZADA,SANTO AMARO,AV CRUZ CABUGA,,RUA FREI CASSIMIRO,ENTRADA DA CONTAX  NA ESQUINA /  EM FRENTE DA RUA DA ANTIGA CTTU,SANTO AMARO,,SUBURBIO,COLISÃO LATERAL,0,1,0,0,0,1,0,0,0,1,0,Longo da via,Bom,Não existe,Perfeito estado,Seca,Perfeito estado,Não existe,Não há placas,,Dupla,Faixa seccionada,,
202208863,2022-04-22,,COM VÍTIMA,FINALIZADA,CASA AMARELA,AV NORTE MIGUEL ARRAES DE ALENCAR,5916,AV PEDRO ALLAIN,EM FRENTE AO SUPERMERCADO MAIS VOCE SENT. CIDADE,CASA AMARELA,95,CIDADE,ATROPELAMENTO DE PESSOA,1,0,0,0,1,0,0,0,0,1,0,Cruzamento,Bom,Sem defeito,Perfeito estado,Seca,Perfeito estado,Faixa de pedestre,Outras,60 km/h,Dupla,,Canteiro central,
202208874,2022-04-22,,COM VÍTIMA,FINALIZADA,TAMARINEIRA,AV NORTE MIGUEL ARRAES DE ALENCAR,3868,,PROX A FERREIRA COSTA,TAMARINEIRA,,CIDADE,ATROPELAMENTO DE PESSOA,0,1,0,0,1,0,0,0,0,1,0,Longo da via,Bom,Não existe,Perfeito estado,Seca,Perfeito estado,Não existe,R-6a,60 km/h,Dupla,Faixa seccionada,Canteiro central,
202208901,2022-04-22,,COM VÍTIMA,CANCELADA,BOA VIAGEM,RUA ERNESTO DE PAULA SANTOS,172,,NA RUA DA CONE TEMAKERIA,BOA VIAGEM,,,COLISÃO LATERAL,1,1,0,0,0,0,0,0,0,1,0,,,,,,,,,,,,,
202208903,2022-04-22,,COM VÍTIMA,FINALIZADA,BOA VIAGEM,AVENIDA CELSO FURTADO (VIA MANGUE),,,PROX AO SUPERMERCADO EXTRA  S/T PINA,BOA VIAGEM,,CIDADE,COLISÃO TRASEIRA,1,1,0,0,0,0,0,0,0,1,0,Cruzamento,Bom,Não existe,Perfeito estado,Seca,Perfeito estado,Não existe,Outras,60 km/h,Dupla,Canteiro central,,
202208904,2022-04-22,,VÍTIMA FATAL,FINALIZADA,JOANA BEZERRA,RUA JARAGUARI,,,AO LADO DO TERMINAL DA INTEGRAÇÃO JOANA BEZERRA,JOANA BEZERRA,,,COLISÃO LATERAL,0,1,0,0,0,1,0,0,0,0,1,Longo da via,Bom,Não existe,Não existente,Seca,Perfeito estado,Não existe,Não há placas,,Única,Não existe,,
202208909,2022-04-22,,COM VÍTIMA,FINALIZADA,SANTO AMARO,RUA AURORA,,RUA JOAO LIRA,NO CRUZAMENTO,SANTO AMARO,,SUBURBIO,COLISÃO TRASEIRA,1,1,0,0,0,0,0,0,0,1,0,Cruzamento,Bom,Não existe,Não existente,Seca,Perfeito estado,Não existe,Não há placas,60 km/h,,,,
202208916,2022-04-22,,COM VÍTIMA,FINALIZADA,TEJIPIÓ,AV DR JOSE RUFINO,3131,,E/F AO 4 BCOM,TEJIPIÓ,208,JABOATAO,COLISÃO TRANSVERSAL,1,2,0,0,0,0,0,0,0,1,0,Longo da via,Bom,Sem defeito,Incompleta,Seca,Mal conservada,Faixa de pedestre,Não há placas,,Dupla,Faixa contínua,,
202208917,2022-04-22,,SEM VÍTIMA,FINALIZADA,JOANA BEZERRA,AV GOVERNADOR AGAMENON MAGALHAES,,,E/F A ACADEMIA DA CIDADE,JOANA BEZERRA,,,COLISÃO LATERAL,0,1,0,0,0,0,0,1,0,0,0,Longo da via,Bom,Não existe,Perfeito estado,Seca,Perfeito estado,Não existe,Outras,,Dupla,Canteiro central,,
202208923,2022-04-22,,COM VÍTIMA,FINALIZADA,CABANGA,AV SUL,,RUA CARLOS COELHO LEAL VALENTE,PROX AO QUARTEL,CABANGA,260,SUBURBIO,COLISÃO LATERAL,1,0,0,0,0,1,0,0,0,1,0,Cruzamento,Chuvoso,Sem defeito,Perfeito estado,Molhada,Perfeito estado,Faixa de retenção,Não há placas,,Dupla,Não existe,,
202208928,2022-04-23,,SEM VÍTIMA,FINALIZADA,BOA VIAGEM,AV ENGENHEIRO DOMINGOS FERREIRA,,RUA TOME GIBSON,NO CRUZAMENTO,BOA VIAGEM,200,,COLISÃO FRONTAL,2,0,0,0,0,0,0,0,0,0,0,Cruzamento,Chuvoso,Sem defeito,Perfeito estado,Molhada,Perfeito estado,Faixa de pedestre,,,Dupla,Canteiro central,,
202208944,2022-04-23,,COM VÍTIMA,FINALIZADA,BOA VIAGEM,RUA RIBEIRO DE BRITO,253,RUA CORONEL ANIZIO RODRIGUES COELHO,PRX AO FAZENDO A FESTA,BOA VIAGEM,697,SUBURBIO,COLISÃO TRANSVERSAL,1,0,1,0,0,0,0,0,0,1,0,Cruzamento,Chuvoso,Sem defeito,Perfeito estado,Molhada,Perfeito estado,Faixa de retenção,Não há placas,,Única,Faixa contínua,,
202208963,2022-04-23,,COM VÍTIMA,FINALIZADA,TAMARINEIRA,RUA NETO DE MENDONCA,165,RUA CORONEL URIEL SERGIO GARDIM,EM  FRENTE AO RESIDENCIAL,TAMARINEIRA,,CIDADE,COLISÃO LATERAL,1,1,0,0,0,0,0,0,0,1,0,Esquina,Bom,Não existe,Perfeito estado,Seca,Perfeito estado,Faixa de pedestre,Outras,,Única,Não existe,,
202208991,2022-04-23,,COM VÍTIMA,FINALIZADA,BAIRRO DO RECIFE,AV MILITAR,,,E/F AO MUSEU DO TRIBUNAL DE JUSTIÇA,BAIRRO DO RECIFE,,SUBURBIO,COLISÃO FRONTAL,1,1,0,0,0,0,0,0,0,1,0,Longo da via,Bom,Não existe,Ilegível,Seca,Perfeito estado,Não existe,Não há placas,,Única,Faixa seccionada,,
202208996,2022-04-23,,COM VÍTIMA,FINALIZADA,DERBY,AV GOVERNADOR AGAMENON MAGALHAES,,PRC DO DERBY,E/F A PRAÇA DO DERBY  S/T BOA VIAGEM,DERBY,417,SUBURBIO,COLISÃO FRONTAL,2,0,0,0,0,0,0,0,0,1,0,Longo da via,Chuvoso,Sem defeito,Perfeito estado,Molhada,Perfeito estado,Faixa de pedestre,Outras,,Única,Faixa seccionada,,
202209021,2022-04-23,,COM VÍTIMA,CANCELADA,PONTO DE PARADA,AV BEBERIBE,,,COM A RUA MEN DE SÁ,PONTO DE PARADA,,,COLISÃO LATERAL,1,0,0,0,0,0,0,0,0,1,0,,,,,,,,,,,,,
202209022,2022-04-23,,COM VÍTIMA,FINALIZADA,PRADO,RUA GOMES TABORDA,,,PROX AO SINDICATO DO COMBUSTIVEL,PRADO,,SUBURBIO,COLISÃO TRANSVERSAL,1,1,0,0,0,0,0,0,0,1,0,Longo da via,Bom,Não existe,Perfeito estado,Seca,Perfeito estado,Não existe,Outras,,Dupla,Faixa contínua,Faixa seccionada,
202209032,2022-04-24,,VÍTIMA FATAL,FINALIZADA,DOIS UNIDOS,AV HILDEBRANDO DE VASCONCELOS,296,,PROXIMO A CIP CÃES,DOIS UNIDOS,,SUBURBIO,CHOQUE,0,1,0,0,0,0,0,0,0,1,1,Longo da via,Chuvoso,Não existe,Incompleta,Molhada,Perfeito estado,Não existe,R-6a,,Dupla,Não existe,,
202209068,2022-04-24,,COM VÍTIMA,FINALIZADA,CABANGA,AV SUL,20,,NA ENTRADA DO CABANGA,CABANGA,,CIDADE,COLISÃO LATERAL,0,1,0,0,0,0,0,1,0,1,0,Longo da via,Bom,Não existe,Perfeito estado,Seca,Perfeito estado,Não existe,Não há placas,40 km/h,Dupla,Faixa seccionada,Canteiro central,
202209071,2022-04-24,,SEM VÍTIMA,CANCELADA,JIQUIÁ,RUA JUAREZ MILLET,,,EM FRENTE AO MERCADINHO VITÓRIA,JIQUIÁ,,,COLISÃO FRONTAL,2,0,0,0,0,0,0,0,0,0,0,,,,,,,,,,,,,
202209081,2022-04-24,,COM VÍTIMA,FINALIZADA,BOA VIAGEM,RUA DOM JOSE LOPES,757,,EDF SALONICA / PRÓX A IGREJA NOVA DE BV E AO ENTRE AMIGOS,BOA VIAGEM,,,COLISÃO FRONTAL,0,0,0,0,0,0,0,0,0,1,0,,,,,,,,,,,,,
202209083,2022-04-24,,COM VÍTIMA,FINALIZADA,IMBIRIBEIRA,RUA ITACARE,2284,AV MARECHAL MASCARENHAS DE MORAES,SEMAFORO 386,IMBIRIBEIRA,386,SUBURBIO,COLISÃO TRANSVERSAL,1,1,0,0,0,0,0,0,0,2,0,Cruzamento,Bom,Sem defeito,Perfeito estado,Seca,Perfeito estado,Faixa de pedestre,Não há placas,,Dupla,Faixa seccionada,Canteiro central,
202209101,2022-04-25,,COM VÍTIMA,FINALIZADA,MADALENA,RUA JOSE OSORIO,,AV VISCONDE DE ALBUQUERQUE,EM FRENTE A FARMÁCIA EXTRA FARMA,MADALENA,50,CIDADE,COLISÃO LATERAL,1,1,0,0,0,0,0,0,0,1,0,Cruzamento,Chuvoso,Sem defeito,Perfeito estado,Molhada,Perfeito estado,Faixa de pedestre,Outras,,Única,Faixa seccionada,,
202209104,2022-04-25,,COM VÍTIMA,FINALIZADA,IBURA,AV DOIS RIOS,1170,RUA ECOPORANGA,RUA RIO CHUI,IBURA,475,,COLISÃO TRANSVERSAL,1,1,0,0,0,0,0,0,0,1,0,Longo da via,Bom,Sem defeito,Perfeito estado,Seca,Perfeito estado,Faixa de retenção,Não há placas,,Dupla,Faixa contínua,,
202209106,2022-04-25,,COM VÍTIMA,CANCELADA,VÁRZEA,RUA JORNALISTA MURILO MARROQUIM,220,,ESQ COM A CLIMAX TRANSPORTE  / ESQ COM AS LOJAS NAGEM,VÁRZEA,,,COLISÃO LATERAL,0,1,0,0,0,0,1,0,0,1,0,,,,,,,,,,,,,
202209110,2022-04-25,,COM VÍTIMA,FINALIZADA,BOA VIAGEM,AV ENGENHEIRO DOMINGOS FERREIRA,4659,RUA PROFESSOR ALOISIO PESSOA DE ARAUJO,E/F A DELEGACIA DE BOA VIAGEM,BOA VIAGEM,,SUBURBIO,COLISÃO LATERAL,1,1,0,0,0,0,0,0,0,1,0,Cruzamento,Bom,Não existe,Perfeito estado,Seca,Perfeito estado,Não existe,"Placas ""Pare""",,Única,Canteiro central,,
202209111,2022-04-25,,SEM VÍTIMA,FINALIZADA,SANTO AMARO,RUA DOIS DE JULHO,,AV CRUZ CABUGA,PROX A ACADEMIA HAVANA,SANTO AMARO,,,COLISÃO LATERAL,1,0,0,0,0,0,0,1,0,0,0,,,,,,,,,,,,,
202209113,2022-04-25,,COM VÍTIMA,DUPLICIDADE,CASA AMARELA,AV NORTE MIGUEL ARRAES DE ALENCAR,,,PRÓXIMO À MATERNIDADE BARROS LIMA,CASA AMARELA,,CIDADE,COLISÃO LATERAL,0,0,0,0,0,0,0,0,0,1,0,,,,,,,,,,,,,
202209116,2022-04-25,,COM VÍTIMA,FINALIZADA,CASA AMARELA,AV NORTE MIGUEL ARRAES DE ALENCAR,,,EM FRENTE AO POSTO SÃO SEBASTÃO,CASA AMARELA,,CIDADE,COLISÃO TRASEIRA,0,1,0,0,0,1,0,0,0,1,0,,,,,,,,,,,,,
202209122,2022-04-25,,COM VÍTIMA,FINALIZADA,BEBERIBE,AV BEBERIBE,2395,,SOBRADO BEBERIBE EMPRESARIAL / PROX AO PAGODE DA PRESSÃO,BEBERIBE,153,CIDADE,COLISÃO LATERAL,0,2,0,0,0,0,0,0,0,1,0,Longo da via,Chuvoso,Sem defeito,Perfeito estado,Molhada,Perfeito estado,Não existe,Não há placas,,Dupla,Faixa contínua,,
202209131,2022-04-25,,COM VÍTIMA,FINALIZADA,SAN MARTIN,AV GENERAL SAN MARTIN,,AV ENGENHEIRO ABDIAS DE CARVALHO,PRÓX. AO NOVO ATACAREJO,SAN MARTIN,693,SUBURBIO,COLISÃO TRANSVERSAL,1,1,0,0,0,0,0,0,0,1,0,Cruzamento,Chuvoso,Sem defeito,Perfeito estado,Molhada,Perfeito estado,Faixa de pedestre,Outras,,Dupla,Outros,,
202209166,2022-04-25,,COM VÍTIMA,CANCELADA,IPSEP,AV RECIFE,,,AO LADO DO POSTO FEDERAL  ANTES DA ENTRADA DO IBURA   S/T BR,IPSEP,,,COLISÃO FRONTAL,2,0,0,0,0,0,0,0,0,1,0,,,,,,,,,,,,,
202209184,2022-04-25,,COM VÍTIMA,FINALIZADA,BOA VIAGEM,RUA ANTONIO FALCAO,,RUA MINISTRO NELSON HUNGRIA,E/F A PADARIA PARQUE DO TRIGO,BOA VIAGEM,,SUBURBIO,COLISÃO TRANSVERSAL,1,1,0,0,0,0,0,0,0,1,0,Cruzamento,Bom,Não existe,Perfeito estado,Seca,Perfeito estado,Não existe,"Placas ""Pare""",,Única,Faixa seccionada,,
202209215,2022-04-26,,SEM VÍTIMA,FINALIZADA,AREIAS,AV DR JOSE RUFINO,1243,,EM FRENTE AO SUPERMERCADO ARCO MIX,AREIAS,,CIDADE,CHOQUE,0,0,0,0,0,0,1,0,0,0,0,Longo da via,Bom,Não existe,Perfeito estado,Seca,Outros,Não existe,R-6a,,Dupla,Faixa contínua,,
202209217,2022-04-26,,COM VÍTIMA,FINALIZADA,CABANGA,AV SUL,1500,,EMPRESA DE MAQUINAS PORTELA,CABANGA,260,,COLISÃO LATERAL,1,1,0,0,0,0,0,0,0,1,0,Longo da via,Bom,Sem defeito,Perfeito estado,Seca,Perfeito estado,Não existe,Não há placas,,Única,Não existe,,
202209260,2022-04-26,,SEM VÍTIMA,FINALIZADA,IMBIRIBEIRA,AV MARECHAL MASCARENHAS DE MORAES,,,FLOR E ARTE,IMBIRIBEIRA,,,COLISÃO TRASEIRA,0,0,0,0,0,0,0,0,0,0,0,,,,,,,,,,,,,
202209264,2022-04-26,,COM VÍTIMA,FINALIZADA,BOA VIAGEM,RUA BARAO DE AGUA BRANCA,376,,E/F AO LE PARC,BOA VIAGEM,,,COLISÃO FRONTAL,2,0,0,0,0,0,0,0,0,1,0,,,,,,,,,,,,,
202209269,2022-04-26,,SEM VÍTIMA,FINALIZADA,CAMPO GRANDE,RUA PROFESSOR FRANCISCO DA TRINDADE,,RUA SAO CAETANO,PROX A LOJA RPL,CAMPO GRANDE,,,COLISÃO FRONTAL,1,0,0,0,0,0,1,0,0,0,0,,,,,,,,,,,,,
202209295,2022-04-26,,COM VÍTIMA,FINALIZADA,BOA VIAGEM,AV ENGENHEIRO DOMINGOS FERREIRA,,RUA ARTUR MUNIZ,E/F AO SPETTUS,BOA VIAGEM,380,,COLISÃO TRANSVERSAL,1,1,0,0,0,0,0,0,0,1,0,Cruzamento,Bom,Sem defeito,Perfeito estado,Seca,Perfeito estado,Faixa de pedestre,R-6a,,Única,Não existe,,
202209376,2022-04-27,,COM VÍTIMA,FINALIZADA,CASA FORTE,AV DEZESSETE DE AGOSTO,,EST REAL DO POCO,E/F A PRC DE CASA FORTE,CASA FORTE,,CIDADE,COLISÃO TRANSVERSAL,1,1,0,0,0,0,0,0,0,1,0,Esquina,Bom,Não existe,Perfeito estado,Seca,Perfeito estado,,Não há placas,40 km/h,Dupla,Faixa contínua,,
202209377,2022-04-27,,COM VÍTIMA,CANCELADA,SANTO AMARO,AV NORTE MIGUEL ARRAES DE ALENCAR,,RUA DA AURORA,SEMAFORO 243,SANTO AMARO,,,COLISÃO TRASEIRA,1,1,0,0,0,0,0,0,0,1,0,,,,,,,,,,,,,
202209378,2022-04-27,,COM VÍTIMA,FINALIZADA,BARRO,AV DR JOSE RUFINO,,,APÓS AO COLEGIO ALBERTO TORRES / POR CIMA DA PONTE,BARRO,,CIDADE,COLISÃO TRASEIRA,1,1,0,0,0,0,0,0,0,1,0,Longo da via,Bom,Não existe,Perfeito estado,Seca,Perfeito estado,Não existe,Não há placas,,Dupla,Faixa contínua,Faixa seccionada,
202209391,2022-04-28,,COM VÍTIMA,FINALIZADA,BOA VIAGEM,RUA PADRE CARAPUCEIRO,3575,AV CONSELHEIRO AGUIAR,E/F A EMPRESARIAL RIO AVE,BOA VIAGEM,115,CIDADE,COLISÃO TRASEIRA,2,0,0,1,0,0,0,0,0,1,0,Cruzamento,Bom,Sem defeito,Perfeito estado,Seca,Perfeito estado,Faixa de pedestre,R-6a,60 km/h,Única,Faixa contínua,,
202209396,2022-04-28,,COM VÍTIMA,FINALIZADA,ZUMBI,AV CAXANGA,426,,EM FRENTE AO COMPAZ,ZUMBI,489,CIDADE,ATROPELAMENTO DE PESSOA,0,0,0,0,1,1,0,0,0,1,0,Longo da via,Bom,Sem defeito,Perfeito estado,Seca,Perfeito estado,Faixa de pedestre,Não há placas,60 km/h,Dupla,Blocos,,
202209405,2022-04-28,,COM VÍTIMA,FINALIZADA,BOA VIAGEM,RUA ALMIRANTE TAMANDARE,230,RUA PADRE CABRAL,EM FRENTE AO EDF. ANTONIO MESQUITA,BOA VIAGEM,,SUBURBIO,COLISÃO TRANSVERSAL,1,1,0,0,0,0,0,0,0,2,0,Cruzamento,Bom,Não existe,Incompleta,Seca,Mal conservada,Não existe,Outras,,Única,Não existe,,
202209445,2022-04-28,,SEM VÍTIMA,FINALIZADA,AFOGADOS,RUA SAO MIGUEL,10,EST DOS REMEDIOS,EM FRENTE AO ESTABELECIMENTO COMERCIAL GERAÇÃO INFANTIL,AFOGADOS,53,SUBURBIO,,0,0,0,0,0,0,1,1,0,0,0,Cruzamento,Bom,Sem defeito,Perfeito estado,Seca,Perfeito estado,Não existe,R-3,,Dupla,Não existe,,
202209492,2022-04-29,,COM VÍTIMA,FINALIZADA,CASA AMARELA,AV NORTE MIGUEL ARRAES DE ALENCAR,5121,RUA CABO EPITACIO LUCENA,"DE ESQUINA COM O REI DA PICANHA, SENT. CASA AMARELA",CASA AMARELA,677,SUBURBIO,COLISÃO LATERAL,1,1,0,0,0,0,0,0,0,1,0,Longo da via,Chuvoso,Sem defeito,Perfeito estado,Molhada,Perfeito estado,Faixa de pedestre,R-6a,60 km/h,Única,Faixa contínua,,
202209519,2022-04-29,,COM VÍTIMA,CANCELADA,AREIAS,AV DR JOSE RUFINO,,,E/F AO SENAI DE AREIAS,AREIAS,,,COLISÃO FRONTAL,1,1,0,0,0,0,0,0,0,1,0,,,,,,,,,,,,,
202209524,2022-04-29,,COM VÍTIMA,FINALIZADA,ESTÂNCIA,AV RECIFE,,,AO LADO DO CERPE/ SENTIDO BR,ESTÂNCIA,259,SUBURBIO,COLISÃO TRANSVERSAL,1,1,0,0,0,0,0,0,0,1,0,Longo da via,Chuvoso,Sem defeito,Perfeito estado,Molhada,Perfeito estado,Agente,R-5a,60 km/h,Única,Não existe,,
202209534,2022-04-29,,SEM VÍTIMA,FINALIZADA,ILHA DO LEITE,RUA PAISSANDU,678,,LADO OPOSTO AO HOSPITAL SÃO MARCOS,ILHA DO LEITE,,SUBURBIO,COLISÃO TRASEIRA,2,0,0,0,0,0,0,0,0,0,0,Longo da via,Chuvoso,Não existe,Perfeito estado,Molhada,Perfeito estado,Não existe,R-6a,40 km/h,Dupla,Canteiro central,,
202209536,2022-04-29,,COM VÍTIMA,FINALIZADA,IBURA,AV DOIS RIOS,,,EM FRENTE A POLICLINICA ARNALDO MARQUES,IBURA,,,COLISÃO FRONTAL,2,0,0,0,0,0,0,0,0,2,0,,,,,,,,,,,,,
202209549,2022-04-29,,COM VÍTIMA,FINALIZADA,JORDÃO,AV MARIA IRENE,405B,,POSTO JORDÃO,JORDÃO,,CIDADE,COLISÃO LATERAL,0,2,0,0,0,0,0,0,0,1,0,Longo da via,Bom,Não existe,Incompleta,Seca,Perfeito estado,Não existe,Não há placas,,Dupla,Não existe,,
202209601,2022-04-30,,COM VÍTIMA,FINALIZADA,BOA VIAGEM,AV BOA VIAGEM,6166,,EM FRENTE AO EDF. VEREDA DO MAR,BOA VIAGEM,,CIDADE,COLISÃO LATERAL,1,1,0,0,0,0,0,0,0,2,0,Longo da via,Bom,Sem defeito,Perfeito estado,Seca,Perfeito estado,Não existe,R-19,60 km/h,Única,Faixa contínua,,
202209621,2022-04-30,,COM VÍTIMA,FINALIZADA,SÃO JOSÉ,RUA DO PEIXOTO,709,RUA FLORIANO PEIXOTO,PRÓX. AO RESTAURANTE POPULAR JOSUÉ DE CASTRO,SÃO JOSÉ,,,COLISÃO FRONTAL,0,1,0,0,0,1,0,0,0,1,0,Cruzamento,Bom,Não existe,Perfeito estado,Seca,Perfeito estado,Não existe,Não há placas,40 km/h,Única,Faixa,,
202209622,2022-04-30,,COM VÍTIMA,FINALIZADA,JAQUEIRA,RUA LEONARDO BEZERRA CAVALCANTE,300,,PRÓX. AO EDIFÍCIO ESTAÇÃO JAQUEIRA,JAQUEIRA,,SUBURBIO,COLISÃO COM CICLISTA,1,0,0,1,0,0,0,0,0,1,0,Esquina,Bom,Não existe,Incompleta,Seca,Perfeito estado,Não existe,,,Única,Faixa contínua,,
202209637,2022-04-30,,COM VÍTIMA,CANCELADA,ESPINHEIRO,RUA DA HORA,,RUA SANTO ELIAS,PRÓX. À PADARIA DONA MARIA - CASA DO PÃO,ESPINHEIRO,,,COLISÃO COM CICLISTA,1,0,0,1,0,0,0,0,0,1,0,,,,,,,,,,,,,
202209639,2022-04-30,,COM VÍTIMA,FINALIZADA,IPUTINGA,AV CAXANGA,,RUA DR PAULO CORREIA,PRÓX. AO CAXANGÁ GOLF & COUNTRY CLUB,IPUTINGA,,CIDADE,COLISÃO LATERAL,1,1,0,0,0,0,0,0,0,2,0,Longo da via,Bom,Não existe,Incompleta,Seca,Perfeito estado,Não existe,Outras,60 km/h,Dupla,Faixa contínua,Faixa seccionada,Canteiro central
202209656,2022-04-30,,COM VÍTIMA,FINALIZADA,BOA VISTA,AV GOVERNADOR AGAMENON MAGALHAES,,PRC PARQUE AMORIM,ENFRENTE AO BOMPREÇO DA AGAMENON,BOA VISTA,,SUBURBIO,COLISÃO TRANSVERSAL,0,1,0,0,0,1,0,0,0,1,0,Esquina,Bom,Não existe,Perfeito estado,Seca,Perfeito estado,Outros,Não há placas,,Única,Faixa contínua,Faixa seccionada,Canteiro central
202209696,2022-05-01,,COM VÍTIMA,FINALIZADA,AFOGADOS,RUA MOTOCOLOMBO,184,,AO LADO DA IGREJA CATOLICA DE AFOGADOS E IGREJA PRESBITERIANA,AFOGADOS,,SUBURBIO,COLISÃO FRONTAL,2,0,0,0,0,0,0,0,0,2,0,Longo da via,Bom,Não existe,Perfeito estado,Seca,Perfeito estado,Não existe,R-6a,,Única,Faixa seccionada,,
202209735,2022-05-02,,COM VÍTIMA,FINALIZADA,CASA AMARELA,AV NORTE MIGUEL ARRAES DE ALENCAR,6465,,EM FRENTE A BARROS LIMA SENT. CIDADE,CASA AMARELA,,CIDADE,COLISÃO TRASEIRA,0,1,0,0,0,1,0,0,0,1,0,Longo da via,Chuvoso,Não existe,Perfeito estado,Molhada,Perfeito estado,Não existe,Não há placas,,Dupla,Canteiro central,,
202209737,2022-05-02,,COM VÍTIMA,FINALIZADA,BOA VIAGEM,AV CONSELHEIRO AGUIAR,1951,,EM FRENTE A PADARIA AUGUSTA,BOA VIAGEM,,CIDADE,COLISÃO TRASEIRA,1,1,0,0,0,0,0,0,0,1,0,Longo da via,Chuvoso,Não existe,Perfeito estado,Molhada,Perfeito estado,Não existe,Outras,,Única,Faixa seccionada,,
202209749,2022-05-02,,COM VÍTIMA,FINALIZADA,CAMPO GRANDE,AV GOVERNADOR AGAMENON MAGALHAES,,,EM FRENTE A FABRICA TECARUNA / SENT DERBY,CAMPO GRANDE,,,ATROPELAMENTO DE PESSOA,0,1,0,0,2,0,0,0,0,2,0,Longo da via,Bom,Não existe,Perfeito estado,Seca,Perfeito estado,Não existe,Outras,60 km/h,Dupla,Faixa seccionada,Outros,
202209759,2022-05-02,,COM VÍTIMA,FINALIZADA,MADALENA,RUA LOPES DE CARVALHO,256,RUA HERMOGENES DE MORAIS,RUA DO MARTELINHO DE OURO,MADALENA,,CIDADE,COLISÃO TRANSVERSAL,1,1,0,0,0,0,0,0,0,1,0,Esquina,Bom,Não existe,Perfeito estado,Seca,Perfeito estado,Não existe,"Placas ""Pare""",,Dupla,Não existe,,
202209760,2022-05-02,,COM VÍTIMA,FINALIZADA,BOA VIAGEM,AV CONSELHEIRO AGUIAR,960,RUA TOME GIBSON,E/F A PADARIA MIRAMAR,BOA VIAGEM,2,CIDADE,COLISÃO LATERAL,1,1,0,0,0,0,0,0,0,1,0,Cruzamento,Bom,Sem defeito,Perfeito estado,Seca,Perfeito estado,Faixa de pedestre,Outras,60 km/h,Única,Faixa contínua,,
202209761,2022-05-02,,COM VÍTIMA,FINALIZADA,JAQUEIRA,RUA PADRE ROMA,195,RUA DO FUTURO,EM FRENTE  A POLI ALBERT SABIN,JAQUEIRA,223,,COLISÃO TRASEIRA,0,1,0,0,0,0,0,0,0,1,0,Esquina,Chuvoso,Sem defeito,Perfeito estado,Molhada,Perfeito estado,Faixa de pedestre,Outras,,Dupla,Faixa contínua,Faixa seccionada,Canteiro central
202209781,2022-05-02,,COM VÍTIMA,FINALIZADA,ESTÂNCIA,,168,,1ª TRAVESSA PRINCIPE DA BEIRA/ APÓS O MERCADINHO VITORIA,ESTÂNCIA,,,COLISÃO TRASEIRA,1,1,0,0,0,0,0,0,0,2,0,,,,,,,,,,,,,
202209783,2022-05-02,,COM VÍTIMA,FINALIZADA,IPSEP,AV RECIFE,,,EM FRENTE À PETRO SERVICE CAR / SENTIDO BOA VIAGEM,IPSEP,,,COLISÃO TRASEIRA,0,0,0,0,0,2,0,0,0,7,0,,,,,,,,,,,,,
202209796,2022-05-02,,SEM VÍTIMA,FINALIZADA,BOA VISTA,AV MONTEVIDEU,196,PRC PARQUE AMORIM,RUA AO LADO DO HOSPITAL DE FRATURAS  POR TRAS DO BOMPREÇO,BOA VISTA,,,COLISÃO TRASEIRA,2,0,0,0,0,0,0,0,0,0,0,,,,,,,,,,,,,