Protocolo,data,hora,natureza,situacao,bairro,endereco,numero,detalhe_endereco_acidente,complemento,bairro_cruzamento,num_semaforo,sentido_via,tipo,auto,moto,ciclom,ciclista,pedestre,onibus,caminhao,viatura,outros,vitimas,vitimasfatais,acidente_verificado,tempo_clima,situacao_semaforo,sinalizacao,condicao_via,conservacao_via,ponto_controle,situacao_placa,velocidade_max_via,mao_direcao,divisao_via1,divisao_via2,divisao_via3
202209799,2022-05-02,,COM VÍTIMA,FINALIZADA,SANTO AMARO,AV GOVERNADOR AGAMENON MAGALHAES,,,PRÓX. AO MINISTÉRIO DO TRABALHO E EMPREGO. / OPOSTO A REITORIA UPE,SANTO AMARO,,CIDADE,COLISÃO TRASEIRA,1,1,0,0,0,0,0,0,0,1,0,Longo da via,Bom,Não existe,Perfeito estado,Seca,Perfeito estado,Não existe,Não há placas,60 km/h,Única,Faixa seccionada,,
202209806,2022-05-02,,SEM VÍTIMA,FINALIZADA,AFOGADOS,RUA COTUNGUBA,180,,ESTABELECIMENTO SARAIVA EQUIPAMENTOS ( EM FRENTE),AFOGADOS,,SUBURBIO,CHOQUE,1,0,0,0,0,0,1,0,0,0,0,Longo da via,Bom,Não existe,Não existente,Seca,Perfeito estado,Não existe,Não há placas,,Dupla,Não existe,,
202209821,2022-05-02,,COM VÍTIMA,FINALIZADA,SAN MARTIN,RUA DELMIRO GOUVEIA,,,E/F A CHESF,SAN MARTIN,,,APOIO EMLURB,0,2,0,0,0,0,0,0,0,1,0,,,,,,,,,,,,,
202209824,2022-05-03,,SEM VÍTIMA,FINALIZADA,PRADO,RUA JOAO IVO DA SILVA,,,"PROX A EUROVIA RENAULT, PISTA LESTE",PRADO,,,MONITORAMENTO,0,0,0,0,0,0,0,0,0,0,0,,,,,,,,,,,,,
202209829,2022-05-03,,SEM VÍTIMA,FINALIZADA,ALTO DO MANDU,RUA IMBIRIBA,43,,PROX A ESCOLA VILA SÉZAMO,ALTO DO MANDU,,,CHOQUE,1,1,0,0,0,0,0,0,0,0,0,,,,,,,,,,,,,
202209851,2022-05-03,,COM VÍTIMA,FINALIZADA,BOA VISTA,RUA VISCONDE DE GOIANA,234,RUA MARQUES AMORIM,RUA MARQUES  AMORIM,BOA VISTA,,CIDADE,COLISÃO TRANSVERSAL,1,0,0,0,0,1,0,0,0,1,0,Cruzamento,Chuvoso,Não existe,Perfeito estado,Molhada,Perfeito estado,Faixa de pedestre,"Placas ""Pare""",,Única,Não existe,,
202209880,2022-05-03,,COM VÍTIMA,FINALIZADA,AREIAS,AV DR JOSE RUFINO,955,RUA COSTA HONORATO,E/F A HONDA  VT 28 NO LOCAL,AREIAS,,SUBURBIO,ATROPELAMENTO DE ANIMAL,0,1,0,0,0,0,0,0,0,1,0,Longo da via,Chuvoso,Não existe,Perfeito estado,Molhada,Perfeito estado,Não existe,R-6c,50 km/h,Dupla,Faixa contínua,Faixa seccionada,
202209905,2022-05-03,,COM VÍTIMA,FINALIZADA,ENCRUZILHADA,AV NORTE MIGUEL ARRAES DE ALENCAR,,RUA ALFREDO DE CASTRO,E/F A RENAULT S/T SUB  NO SEMAFORO 665,ENCRUZILHADA,665,SUBURBIO,COLISÃO LATERAL,1,1,0,0,0,0,0,0,0,1,0,Cruzamento,Bom,Sem defeito,Perfeito estado,Seca,Perfeito estado,Faixa de pedestre,Outras,,Dupla,Canteiro central,,
202209918,2022-05-03,,COM VÍTIMA,FINALIZADA,PORTO DA MADEIRA,AV BEBERIBE,3916,RUA DONA VIRTUOSA DE LUCENA,PROXIMO AO SEST SENAT,PORTO DA MADEIRA,,SUBURBIO,COLISÃO TRANSVERSAL,1,0,0,0,0,1,0,0,0,1,0,Longo da via,Bom,Não existe,Incompleta,Seca,Perfeito estado,Não existe,Não há placas,,Dupla,Faixa seccionada,,
202209926,2022-05-03,,SEM VÍTIMA,FINALIZADA,SÃO JOSÉ,RUA IMPERIAL,1524,,,SÃO JOSÉ,87,SUBURBIO,COLISÃO TRASEIRA,1,0,0,0,0,0,0,1,0,0,0,Longo da via,Bom,Sem defeito,Perfeito estado,Seca,Perfeito estado,Não existe,,40 km/h,Única,Faixa seccionada,,
202209949,2022-05-04,,SEM VÍTIMA,FINALIZADA,PRADO,RUA JOAO IVO DA SILVA,,RUA PANDIA CALOGERAS,CLÍNICA CORPO E EQUILIBRIO,PRADO,,SUBURBIO,,1,0,0,0,0,0,0,1,0,0,0,,Bom,Não existe,Perfeito estado,Seca,Perfeito estado,Não existe,Não há placas,,Única,Canal,,
202209954,2022-05-04,,SEM VÍTIMA,FINALIZADA,BOA VIAGEM,AV BOA VIAGEM,6432,,E/F AO EDIFCIO NOBILE RESIDENCE MARIA FRAZÃO,BOA VIAGEM,,,COLISÃO LATERAL,1,1,0,0,0,0,0,0,0,0,0,,,,,,,,,,,,,
202209970,2022-05-04,,SEM VÍTIMA,CANCELADA,PINA,AV DR DIRCEU VELLOSO TOSCANO DE BRITO,,,EM FRENTE A BARBEARIA IMPERIO DO HOMEM,PINA,,,COLISÃO LATERAL,0,0,0,0,0,0,2,0,0,0,0,,,,,,,,,,,,,
202209997,2022-05-04,,SEM VÍTIMA,FINALIZADA,DOIS IRMÃOS,RUA MANUEL DE MEDEIROS,,,PRÓXIMO AO SEMÁFORO 224 / EM FRENTE AO Z3 DA UFRPE,DOIS IRMÃOS,,CIDADE,CHOQUE,0,1,0,0,0,0,0,1,0,0,0,Longo da via,Bom,Sem defeito,Perfeito estado,Seca,Perfeito estado,Não existe,Não há placas,,Dupla,Faixa seccionada,,
202210010,2022-05-04,,COM VÍTIMA,FINALIZADA,BOA VISTA,RUA AURORA,,RUA PRINCESA IZABEL,SEMAFORO 387,BOA VISTA,,CIDADE,COLISÃO TRASEIRA,1,1,0,0,0,0,0,0,0,1,0,Cruzamento,Bom,Sem defeito,Perfeito estado,Seca,Perfeito estado,Faixa de pedestre,R-6a,,Única,Faixa contínua,,
202210017,2022-05-04,,COM VÍTIMA,FINALIZADA,ILHA JOANA BEZERRA,PTE JOSE DE BARROS LIMA,,,NA DESCIDA DO VIADUTO / E/F AO FORUM / SOB A PASSARELA,ILHA JOANA BEZERRA,,,ATROPELAMENTO DE PESSOA,1,0,0,0,1,0,0,0,0,1,0,Viaduto,Bom,Não existe,Perfeito estado,Seca,Perfeito estado,,,,,,,
202210020,2022-05-04,,COM VÍTIMA,FINALIZADA,TORRÕES,AV ENGENHEIRO ABDIAS DE CARVALHO,461,,"E/F A SOS AUTO PEÇAS - LOMBADA ELETRONICA,  SEMAFORO 272. SNT CID",TORRÕES,272,CIDADE,COLISÃO TRASEIRA,1,1,0,0,0,0,0,0,0,1,0,Longo da via,Bom,Sem defeito,Perfeito estado,Seca,Perfeito estado,Faixa de pedestre,R-6a,60 km/h,Dupla,Faixa contínua,Canteiro central,
202210023,2022-05-04,,COM VÍTIMA,FINALIZADA,ARRUDA,AV BEBERIBE,,RUA DAS MOCAS,EM FRENTE AO ESTÁDIO JOSÉ DO REGO MACIEL,ARRUDA,,SUBURBIO,COLISÃO LATERAL,1,1,0,0,0,0,0,0,0,2,0,Cruzamento,Bom,Não existe,Perfeito estado,Seca,Perfeito estado,Não existe,Não há placas,,Dupla,Faixa contínua,Faixa seccionada,
202210029,2022-05-04,,COM VÍTIMA,FINALIZADA,IMBIRIBEIRA,RUA ARQUITETO LUIZ NUNES,,,E/F A PRAÇA ARQUITETO LUIZ NUNES,IMBIRIBEIRA,,CIDADE,COLISÃO LATERAL,1,1,0,0,0,0,0,0,0,1,0,Outros,Bom,Não existe,Perfeito estado,Seca,Perfeito estado,Não existe,Não há placas,,Única,Faixa contínua,,
202210058,2022-05-05,,SEM VÍTIMA,FINALIZADA,TOTÓ,RUA ONZE DE AGOSTO,,,TERMINAL DE ÔNIBUS DA LINHA 203,TOTÓ,,,CHOQUE,1,0,0,0,0,1,0,0,0,0,0,Outros,Bom,Não existe,Não existente,Seca,Mal conservada,Não existe,Não há placas,,Única,Não existe,,
202210060,2022-05-05,,COM VÍTIMA,FINALIZADA,PRADO,RUA PADRE TEOFILO TWORZ,,RUA CARLOS GOMES,AO LADO DA BIG CAR,PRADO,,CIDADE,COLISÃO TRANSVERSAL,1,1,0,0,0,0,0,0,0,1,0,Cruzamento,Bom,Não existe,Perfeito estado,Seca,Perfeito estado,Faixa de pedestre,Outras,40 km/h,Única,Não existe,,
202210062,2022-05-05,,COM VÍTIMA,FINALIZADA,SANTO AMARO,AV GOVERNADOR AGAMENON MAGALHAES,,,PRÓXIMO A FABRICA TACARUNA,SANTO AMARO,,,COLISÃO LATERAL,0,2,0,0,0,0,0,0,0,2,0,,,,,,,,,,,,,
202210063,2022-05-05,,COM VÍTIMA,FINALIZADA,CASA FORTE,AV DEZESSETE DE AGOSTO,892,,EM FRENTE A PIZZARIA HUT,CASA FORTE,,SUBURBIO,COLISÃO LATERAL,1,1,0,0,0,0,0,0,0,1,0,Longo da via,Bom,Não existe,Perfeito estado,Seca,Perfeito estado,Não existe,R-6a,,Dupla,Faixa contínua,,
202210066,2022-05-05,,SEM VÍTIMA,FINALIZADA,CORDEIRO,RUA PEREIRA DE MORAES,748,RUA PAES CABRAL,,CORDEIRO,,,,2,0,0,0,0,0,0,0,0,0,0,Cruzamento,Bom,Não existe,Não existente,Seca,Perfeito estado,Não existe,Não há placas,,Dupla,Não existe,,
202210072,2022-05-05,,COM VÍTIMA,FINALIZADA,CIDADE UNIVERSITÁRIA,AV PROFESSOR ARTUR DE SA,1118,,AO LADO DO HOSPITAL DAS CLÍNICAS,CIDADE UNIVERSITÁRIA,,SUBURBIO,COLISÃO TRANSVERSAL,1,1,0,0,0,0,0,0,0,1,0,Longo da via,Bom,Não existe,Perfeito estado,Seca,Perfeito estado,Não existe,Não há placas,,Dupla,Faixa contínua,,
202210081,2022-05-05,,SEM VÍTIMA,FINALIZADA,SANTO AMARO,AV GOVERNADOR AGAMENON MAGALHAES,,RUA BARROS BARRETO,EM FRENTE A REITORIA DA UPE,SANTO AMARO,,SUBURBIO,,1,0,0,0,0,0,0,1,0,0,0,Longo da via,Bom,Não existe,Perfeito estado,Seca,Perfeito estado,Não existe,Não há placas,60 km/h,Dupla,Faixa seccionada,Canteiro central,Canal
202210085,2022-05-05,,COM VÍTIMA,FINALIZADA,IMBIRIBEIRA,AV MARECHAL MASCARENHAS DE MORAES,3421,,EM FRENTE A CONCESSIONARIA MERCEDES BENZ / SENTIDO CIDADE,IMBIRIBEIRA,289,CIDADE,COLISÃO LATERAL,0,2,0,0,0,0,0,0,0,1,0,Longo da via,Bom,Sem defeito,Perfeito estado,Seca,Perfeito estado,Faixa de pedestre,Não há placas,60 km/h,Única,Faixa contínua,,
202210094,2022-05-05,,COM VÍTIMA,FINALIZADA,CAJUEIRO,AV CIDADE DE MONTEIRO,380,,EM FRENTE AO ARMAZÉM CORAL.,CAJUEIRO,,,COLISÃO LATERAL,1,0,0,0,0,0,1,0,0,2,0,Longo da via,Bom,Não existe,Perfeito estado,Seca,Perfeito estado,Faixa de pedestre,Outras,,Dupla,Faixa contínua,,
202210100,2022-05-05,,COM VÍTIMA,FINALIZADA,BOA VISTA,RUA AURORA,,RUA PRINCESA IZABEL,RUA PRINCESA IZABEL,BOA VISTA,22,,COLISÃO LATERAL,0,2,0,0,0,0,0,0,0,1,0,Cruzamento,Bom,Sem defeito,Perfeito estado,Seca,Perfeito estado,Faixa de pedestre,Outras,,Única,Faixa contínua,,
202210112,2022-05-05,,SEM VÍTIMA,CANCELADA,SANTO AMARO,AV GOVERNADOR AGAMENON MAGALHAES,,,E/F AO BRADESCO SEGUROS,SANTO AMARO,,OLINDA,COLISÃO TRASEIRA,3,0,0,0,0,0,0,0,0,0,0,,,,,,,,,,,,,
202210120,2022-05-05,,COM VÍTIMA,FINALIZADA,BEBERIBE,RUA URIEL DE HOLANDA,,RUA MELANIO DE BARROS CORREIA,E/F AO COLEGIO  PEDRO CELSO,BEBERIBE,,SUBURBIO,ATROPELAMENTO DE PESSOA,0,1,0,0,1,0,0,0,0,1,0,Longo da via,Bom,Não existe,Perfeito estado,Seca,Perfeito estado,Não existe,R-6a,40 km/h,Dupla,Não existe,,
202210121,2022-05-05,,COM VÍTIMA,FINALIZADA,MADALENA,RUA DEMOCRITO DE SOUZA FILHO,477,RUA PROFESSOR JOSE TORRES PIRES,GARDEN BELEZA CAFÉ MODA,MADALENA,,SUBURBIO,COLISÃO TRANSVERSAL,1,1,0,0,0,0,0,0,0,1,0,Cruzamento,Bom,Não existe,Incompleta,Seca,Perfeito estado,Não existe,Não há placas,,Única,Não existe,,
202210144,2022-05-06,,COM VÍTIMA,FINALIZADA,IBURA,AV DOIS RIOS,550C,,EM FRENTE A IGREJA ELSHADAY,IBURA,,SUBURBIO,COLISÃO TRANSVERSAL,2,1,0,0,0,0,0,0,0,1,0,Longo da via,Bom,Não existe,Perfeito estado,Seca,Perfeito estado,Não existe,R-6a,,Dupla,Faixa contínua,,
202210162,2022-05-06,,COM VÍTIMA,FINALIZADA,BOA VISTA,RUA DA SOLEDADE,170,RUA DO PROGRESSO,EM FRENTE A FUNDAÇÃO ALTINO VENTURA.,BOA VISTA,578,AV CDE DA BOA VISTA,COLISÃO TRASEIRA,1,1,0,0,0,0,0,0,0,1,0,Longo da via,Bom,Sem defeito,Perfeito estado,Seca,Perfeito estado,Faixa de pedestre,Outras,30 km/h,Única,Não existe,,
202210166,2022-05-06,,COM VÍTIMA,FINALIZADA,SANTO AMARO,AV GOVERNADOR AGAMENON MAGALHAES,,,EM FRENTE AO SHOPPING TACARUNA SENT. BOA VIAGEM. ANTIGA FÁBRICA TACARUNA.,SANTO AMARO,,CIDADE,QUEDA,0,0,1,0,0,0,0,0,0,1,0,Longo da via,Bom,Não existe,Perfeito estado,,Mal conservada,Não existe,Não há placas,60 km/h,Dupla,Faixa seccionada,Canteiro central,
202210176,2022-05-06,,COM VÍTIMA,FINALIZADA,TORRÕES,AV ENGENHEIRO ABDIAS DE CARVALHO,,,PROX AO GIROURO DA CHESF S/T SAN MARTIN NO SEMAFORO 375. LADO OPOSTO AO KIYOI GALETOS.,TORRÕES,375,CIDADE,ATROPELAMENTO DE PESSOA,0,1,0,0,1,0,0,0,0,1,0,Longo da via,Bom,Sem defeito,Perfeito estado,Seca,Perfeito estado,Faixa de pedestre,Não há placas,60 km/h,Única,Canteiro central,,
202210183,2022-05-06,,COM VÍTIMA,FINALIZADA,SÃO JOSÉ,C SANTA RITA,,,,SÃO JOSÉ,,,QUEDA,0,1,0,0,0,0,0,0,0,1,0,,,,,,,,,,,,,
202210197,2022-05-06,,COM VÍTIMA,FINALIZADA,SANTO AMARO,AV GOVERNADOR AGAMENON MAGALHAES,,,SOBRE O VIADUTO DA AV JOÃO DE BARROS,SANTO AMARO,,OLINDA,ATROPELAMENTO DE PESSOA,0,1,0,0,1,0,0,0,0,2,0,Viaduto,Bom,Não existe,Perfeito estado,Seca,Perfeito estado,Não existe,R-32,60 km/h,Dupla,Faixa contínua,Faixa seccionada,Canteiro central
202210226,2022-05-06,,COM VÍTIMA,FINALIZADA,APIPUCOS,RUA DE APIPUCOS,,,EM FRENTE AO ARCADIA RECEPÇÕES.,APIPUCOS,,CIDADE,COLISÃO LATERAL,1,1,0,0,0,0,0,0,0,2,0,Longo da via,Bom,Não existe,Perfeito estado,Seca,Perfeito estado,Não existe,Não há placas,,Dupla,Faixa contínua,,
202210245,2022-05-07,,COM VÍTIMA,FINALIZADA,BAIRRO DO RECIFE,CAIS DO APOLO,,AV MILITAR,EM FRENTE AO ESTACIONAMENTO DA PREFEITURA.,BAIRRO DO RECIFE,436,CIDADE,QUEDA,0,1,0,0,0,0,0,0,0,1,0,Cruzamento,Bom,Sem defeito,Perfeito estado,Seca,Perfeito estado,Faixa de pedestre,Outras,,Única,Faixa contínua,,
202210258,2022-05-07,,COM VÍTIMA,FINALIZADA,JARDIM SÃO PAULO,RUA LEANDRO BARRETO,533,,EM FRENTE À PADARIA LA ROQUE,JARDIM SÃO PAULO,,SUBURBIO,QUEDA,0,1,0,0,0,0,0,0,0,1,0,Longo da via,Chuvoso,Não existe,Ilegível,Molhada,Mal conservada,Não existe,Não há placas,40 km/h,Dupla,Faixa contínua,,
202210264,2022-05-07,,SEM VÍTIMA,FINALIZADA,TAMARINEIRA,RUA GUIMARAES PEIXOTO,80,,EM FRENTE A ACADEMIA CROSS BOX,TAMARINEIRA,,,COLISÃO LATERAL,1,0,0,0,0,0,1,0,0,0,0,Longo da via,Chuvoso,Não existe,Perfeito estado,Molhada,Perfeito estado,,,20km/h,Única,Não existe,,
202210284,2022-05-07,,COM VÍTIMA,FINALIZADA,JAQUEIRA,AV RUI BARBOSA,405,RUA DEPUTADO PEDRO PIRES FERREIRA,PARQUE DA JAQUEIRA,JAQUEIRA,,,COLISÃO LATERAL,1,1,0,0,0,0,0,0,0,1,0,Cruzamento,Bom,Não existe,Perfeito estado,Molhada,Perfeito estado,Faixa de pedestre,R-6a,,Única,Faixa contínua,,
202210296,2022-05-07,,COM VÍTIMA,FINALIZADA,TAMARINEIRA,AV NORTE MIGUEL ARRAES DE ALENCAR,,RUA CONEGO BARATA,PROXIMO A FERREIRA COSTA. ATALANTA COLCHÕES,TAMARINEIRA,62,,COLISÃO TRANSVERSAL,1,1,0,0,0,0,0,0,0,1,0,Cruzamento,Bom,Sem defeito,Perfeito estado,Seca,Perfeito estado,Faixa de retenção,Outras,60 km/h,Dupla,Blocos,,
202210333,2022-05-08,,COM VÍTIMA,FINALIZADA,CAXANGÁ,AV CAXANGA,653,,EM FRENTE AO COMPAZ MIGUEL ARRAES.,CAXANGÁ,489,CIDADE,COLISÃO TRASEIRA,1,1,0,0,0,0,0,0,0,2,0,Longo da via,Bom,Sem defeito,Incompleta,Seca,Perfeito estado,Agente,Não há placas,60 km/h,Única,Não existe,,
202210344,2022-05-08,,COM VÍTIMA,FINALIZADA,JORDÃO,AV DONA CARENTINA,1479,RUA ATALAIA,E/F A CAIXA D'ÁGUA. LADO OPOSTO AO Nº 1479.,JORDÃO,,SUBURBIO,COLISÃO LATERAL,1,1,0,0,0,0,0,0,0,1,0,Longo da via,Bom,Não existe,Incompleta,Seca,Mal conservada,Não existe,R-6a,,Dupla,Não existe,,
202210346,2022-05-08,,SEM VÍTIMA,FINALIZADA,SÃO JOSÉ,RUA IMPERIAL,1898,,E/F A PREVENÇÃO EXTINTORES,SÃO JOSÉ,,,COLISÃO LATERAL,0,1,0,0,0,0,0,1,0,0,0,Cruzamento,Bom,Não existe,Perfeito estado,Seca,Perfeito estado,Não existe,Não há placas,60km/h,Única,Faixa seccionada,,
202210354,2022-05-08,,SEM VÍTIMA,FINALIZADA,BONGI,RUA ISAAC MARKMAN,,,ENFRENTE A UPINHA DO BONGI,BONGI,,,COLISÃO LATERAL,2,0,0,0,0,0,0,0,0,0,0,,,,,,,,,,,,,
202210355,2022-05-08,,SEM VÍTIMA,FINALIZADA,ÁGUA FRIA,RUA EGAS MUNIZ,206,,LA LADEIRA DO BATUTA,ÁGUA FRIA,,,CHOQUE,1,0,0,0,0,0,0,0,0,0,0,,,,,,,,,,,,,
202210361,2022-05-08,,COM VÍTIMA,FINALIZADA,IMBIRIBEIRA,AV MARECHAL MASCARENHAS DE MORAES,6133,,EMBAIXO DA ALÇA DE RETORNO / EM FRENTE AO ESTACIONAMENTO RECIFE PARK,IMBIRIBEIRA,,CIDADE,CHOQUE,0,1,0,0,0,0,0,0,0,1,0,Longo da via,Bom,Não existe,Não existente,Seca,Perfeito estado,Não existe,Não há placas,,Única,Não existe,,
202210369,2022-05-08,,COM VÍTIMA,FINALIZADA,BOA VIAGEM,RUA SA E SOUZA,245,,PRÓX A PADARIA SANTA ROSA. ESCRITÓRIO CARVALHO E ANDRADE.,BOA VIAGEM,,CIDADE,COLISÃO LATERAL,1,1,0,0,0,0,0,0,0,1,0,Longo da via,Chuvoso,Não existe,Perfeito estado,Molhada,Perfeito estado,Não existe,Não há placas,,Dupla,Faixa seccionada,,
202210375,2022-05-09,,COM VÍTIMA,FINALIZADA,IPUTINGA,AV CAXANGA,,,SOB O VIADUTO,IPUTINGA,,,CHOQUE,1,0,0,0,0,0,0,0,0,1,0,,,,,,,,,,,,,
202210389,2022-05-09,,COM VÍTIMA,FINALIZADA,DOIS UNIDOS,AV HILDEBRANDO DE VASCONCELOS,121,,PROX. AO CANIL. ACADEMIA OXY,DOIS UNIDOS,,CIDADE,COLISÃO COM CICLISTA,0,0,0,1,0,1,0,0,0,1,0,Longo da via,Bom,Não existe,Não existente,Seca,Perfeito estado,Não existe,Não há placas,,Dupla,Não existe,,
202210395,2022-05-09,,COM VÍTIMA,FINALIZADA,IPSEP,AV RECIFE,2528,,"SENT. BOA VIAGEM,  EM FRENTE A AVANT MULTIMARCAS",IPSEP,,SUBURBIO,COLISÃO LATERAL,1,1,0,0,0,0,0,0,0,1,0,Longo da via,Bom,Não existe,Perfeito estado,Seca,Perfeito estado,Não existe,Outras,,Dupla,Faixa seccionada,,
202210402,2022-05-09,,COM VÍTIMA,FINALIZADA,JARDIM SÃO PAULO,AV SAO PAULO,655,,E/F A FARMACIA PAGUE MENOS,JARDIM SÃO PAULO,,SUBURBIO,COLISÃO LATERAL,1,1,0,0,0,0,0,0,0,1,0,Longo da via,Bom,Não existe,Ilegível,Seca,Mal conservada,Não existe,Não há placas,,Dupla,Faixa seccionada,,
202210421,2022-05-09,,SEM VÍTIMA,FINALIZADA,BAIRRO DO RECIFE,AV ALFREDO LISBOA,,,EM FRENTE O CAIS DO SERTÃO E AO LADO DA SECRETÁRIA CIÊNCIAS E TECNOLOGIA,BAIRRO DO RECIFE,,,COLISÃO TRASEIRA,2,0,0,0,0,0,0,0,0,0,0,,,,,,,,,,,,,
202210447,2022-05-09,,COM VÍTIMA,FINALIZADA,BAIRRO DO RECIFE,AV MILITAR,70,,EM FRENTE AO MUSEU MILITAR DO FORTE DO BRUM,BAIRRO DO RECIFE,,SUBURBIO,COLISÃO TRANSVERSAL,1,1,0,0,0,0,0,0,0,1,0,Longo da via,Bom,Não existe,Perfeito estado,Seca,Perfeito estado,Não existe,Outras,60 km/h,,Faixa seccionada,,
202210450,2022-05-09,,SEM VÍTIMA,FINALIZADA,SÃO JOSÉ,RUA CORACAO DE MARIA,,,EM FRENTE AO BATALHÃO 16º,SÃO JOSÉ,,,COLISÃO TRASEIRA,1,0,0,0,0,0,0,1,0,0,0,Longo da via,Bom,Não existe,Perfeito estado,Seca,Perfeito estado,Não existe,Outras,,Dupla,Canteiro central,,
202210474,2022-05-09,,COM VÍTIMA,CANCELADA,IMBIRIBEIRA,AV RECIFE,,,E/F AO  RESTAURANTE SAL E BRASA,IMBIRIBEIRA,,,COLISÃO LATERAL,0,1,0,0,0,0,1,0,0,1,0,,,,,,,,,,,,,
202210509,2022-05-10,,COM VÍTIMA,FINALIZADA,CORDEIRO,RUA DR JOAO LACERDA,588,RUA TEOTONIO FREIRE,PRÓXIMO AO DHPP,CORDEIRO,,SUBURBIO,COLISÃO TRANSVERSAL,1,1,0,0,0,0,0,0,0,1,0,Cruzamento,Chuvoso,Não existe,Perfeito estado,Molhada,Perfeito estado,Não existe,"Placas ""Pare""",,Dupla,Não existe,,
202210564,2022-05-10,,SEM VÍTIMA,FINALIZADA,SOLEDADE,AV JOAO DE BARROS,,,DESCIDA DO VIADUTO S/T OLINDA - PISTA LOCAL PRÓX. À POLICLÍNICA AGAMENON MAGALHÃES,SOLEDADE,,,COLISÃO LATERAL,2,0,0,0,0,0,0,0,0,0,0,Longo da via,Bom,Não existe,Perfeito estado,Seca,Perfeito estado,,,,Única,Canteiro central,,
202210569,2022-05-10,,COM VÍTIMA,FINALIZADA,PORTO DA MADEIRA,RUA DALVA DE OLIVEIRA,257,RUA NOVA ESPERANCA,E/F A IGREJA BATISTA DO VALE,PORTO DA MADEIRA,,CIDADE,COLISÃO TRANSVERSAL,1,1,0,0,0,0,0,0,0,1,0,Cruzamento,Bom,Não existe,Incompleta,Seca,Perfeito estado,Não existe,Outras,,Dupla,Não existe,,
202210582,2022-05-10,,SEM VÍTIMA,FINALIZADA,ÁGUA FRIA,RUA JORNALISTA JOSE CAMPELO JUNIOR,892,,PROX A PIZZARIA VICIOS,ÁGUA FRIA,,,CHOQUE,0,0,0,0,0,0,1,0,0,0,0,Longo da via,Bom,Não existe,Perfeito estado,Seca,Perfeito estado,Não existe,Não há placas,,Dupla,Não existe,Faixa contínua,
202210596,2022-05-11,,COM VÍTIMA,FINALIZADA,BOA VISTA,RUA DA UNIAO,410,RUA MAMEDE SIMOES,,BOA VISTA,,CIDADE,COLISÃO TRANSVERSAL,1,1,0,0,0,0,0,0,0,1,0,Cruzamento,Chuvoso,Não existe,Perfeito estado,Molhada,Perfeito estado,Não existe,"Placas ""Pare""",,Única,Não existe,,
202210597,2022-05-11,,SEM VÍTIMA,FINALIZADA,CAXANGÁ,AV CAXANGA,,,EM FRENTE A ASSEMBLEIA DE DEUS,CAXANGÁ,232,CIDADE,COLISÃO LATERAL,1,0,0,0,0,0,0,1,0,0,0,Esquina,Bom,Sem defeito,Perfeito estado,Seca,Perfeito estado,Faixa de pedestre,Outras,,Dupla,Faixa seccionada,,
202210600,2022-05-11,,COM VÍTIMA,FINALIZADA,COELHOS,RUA DOS COELHOS,,,DESCIDA DA PONTE DA PONTE JOAQUIM CARDOSO. UNIDADE BÁSICA DA FAMÍLIA 1,COELHOS,,CIDADE,QUEDA,0,1,0,0,1,0,0,0,0,1,0,Longo da via,Chuvoso,Não existe,Perfeito estado,Molhada,Perfeito estado,Faixa de pedestre,Outras,,Dupla,Canteiro central,,
202210607,2022-05-11,,SEM VÍTIMA,FINALIZADA,JARDIM SÃO PAULO,RUA DR HOLMES DO REGO BARROS,742,,RUA E/F AO COLÉGIO PLANTE INFANTIL,JARDIM SÃO PAULO,,,COLISÃO LATERAL,1,0,0,0,0,0,1,0,0,0,0,Longo da via,Bom,Não existe,Não existente,Molhada,Mal iluminada,Não existe,Não há placas,,Dupla,Não existe,,
202210613,2022-05-11,,COM VÍTIMA,FINALIZADA,CAXANGÁ,AV CAXANGA,,AV PROFESSOR MORAES REGO,EMBAIXO DO VIADUTO. EM FRENTE AO TERMINAL SEVERINO LUIZ NUNES PEREIRA - GRANDE RECIFE.,CAXANGÁ,,CIDADE,QUEDA,0,1,0,0,0,0,0,0,0,1,0,Longo da via,Bom,Sem defeito,Perfeito estado,Oleosa,Perfeito estado,Não existe,Outras,,Dupla,Faixa seccionada,,
202210623,2022-05-11,,SEM VÍTIMA,FINALIZADA,MADALENA,RUA REAL DA TORRE,562,,E/F AO MERCADO DA MADALENA,MADALENA,,,COLISÃO LATERAL,1,0,0,0,0,0,0,1,0,0,0,Esquina,Chuvoso,Não existe,Perfeito estado,Molhada,Perfeito estado,Não existe,,,Única,Faixa seccionada,,
202210640,2022-05-11,,COM VÍTIMA,FINALIZADA,IMBIRIBEIRA,RUA ARQUITETO LUIZ NUNES,673,,EM FRENTE A ESCOLA PINHEIROS / PROX  A LAGOA DO ARAÇA,IMBIRIBEIRA,560,CIDADE,ATROPELAMENTO DE PESSOA,1,0,0,0,1,0,0,0,0,1,0,Longo da via,Bom,Sem defeito,Perfeito estado,Seca,Perfeito estado,Faixa de pedestre,R-19,30 km/h,Dupla,Faixa contínua,,
202210656,2022-05-11,,COM VÍTIMA,FINALIZADA,BOA VIAGEM,RUA DOS NAVEGANTES,2621,,EM FRENTE AO EDIFICIO PORTAL DOS NAVEGANTES,BOA VIAGEM,,SUBURBIO,COLISÃO TRANSVERSAL,2,1,0,0,0,0,0,0,0,1,0,Longo da via,Bom,Não existe,Perfeito estado,Seca,Perfeito estado,Não existe,Não há placas,,Única,Não existe,,