Protocolo,data,hora,natureza,situacao,bairro,endereco,numero,detalhe_endereco_acidente,complemento,bairro_cruzamento,num_semaforo,sentido_via,tipo,auto,moto,ciclom,ciclista,pedestre,onibus,caminhao,viatura,outros,vitimas,vitimasfatais,acidente_verificado,tempo_clima,situacao_semaforo,sinalizacao,condicao_via,conservacao_via,ponto_controle,situacao_placa,velocidade_max_via,mao_direcao,divisao_via1,divisao_via2,divisao_via3
202212685,2022-06-04,,SEM VÍTIMA,DATA / HORA (PREENCHER),CASA AMARELA,AV NORTE MIGUEL ARRAES DE ALENCAR,991,RUA MANDACARU,CASA MÃE MÓVEIS,CASA AMARELA,,CIDADE,,2,0,0,0,0,0,0,0,0,0,0,Longo da via,Bom,Não existe,Não existente,Seca,Perfeito estado,Não existe,Não há placas,,Única,Não existe,,
202212686,2022-06-04,,COM VÍTIMA,FINALIZADA,CASA AMARELA,AV NORTE MIGUEL ARRAES DE ALENCAR,,COR DO BARTOLOMEU,,CASA AMARELA,79,CIDADE,COLISÃO TRANSVERSAL,0,2,0,0,0,0,0,0,0,2,0,Longo da via,Chuvoso,Sem defeito,Perfeito estado,Molhada,Perfeito estado,Faixa de pedestre,R-6a,,Dupla,Blocos,,
202212711,2022-06-05,,COM VÍTIMA,FINALIZADA,MANGABEIRA,RUA JACOB,306,RUA DO CINEMA,RECANTO DA DANDA/SAPA DA DANDA,MANGABEIRA,,SUBURBIO,COLISÃO TRASEIRA,1,0,0,0,0,0,0,1,0,1,0,Longo da via,Chuvoso,Não existe,Incompleta,Molhada,Perfeito estado,Não existe,Outras,,Dupla,Não existe,,
202212729,2022-06-05,,SEM VÍTIMA,FINALIZADA,ÁGUA FRIA,RUA SAO BENTO,325,EST VELHA DE AGUA FRIA,POSTO NORTE BRAZ,ÁGUA FRIA,,SUBURBIO,COLISÃO TRASEIRA,2,0,0,0,0,0,0,0,0,0,0,,Bom,Não existe,Incompleta,Seca,Perfeito estado,,R-6a,,Única,Outros,,
202212739,2022-06-05,,COM VÍTIMA,FINALIZADA,BOA VIAGEM,RUA DEZ DE JULHO,115,RUA CAMBOIM,,BOA VIAGEM,,CIDADE,COLISÃO TRANSVERSAL,1,1,0,0,0,0,0,0,0,1,0,Cruzamento,Bom,Não existe,Perfeito estado,Seca,Perfeito estado,Faixa de pedestre,"Placas ""Pare""",,Única,Faixa seccionada,,
202212767,2022-06-05,,COM VÍTIMA,FINALIZADA,ARRUDA,AV BEBERIBE,975,,PRÓXIMO AO CAMPO DO SANTA CRUZ / EM FRENTE AO LOJÃO DO PETRÓLEO,ARRUDA,,SUBURBIO,COLISÃO LATERAL,1,1,0,0,0,0,0,0,0,1,0,Longo da via,Bom,Não existe,Perfeito estado,Seca,Perfeito estado,Não existe,Não há placas,,Dupla,Faixa seccionada,,
202212790,2022-06-06,,COM VÍTIMA,FINALIZADA,TEJIPIÓ,RUA GENERAL MANUEL RABELO,498,,EM FRENTE A PRAÇA DO PACHECO,TEJIPIÓ,,SUBURBIO,COLISÃO COM CICLISTA,1,1,0,1,0,0,0,0,0,3,0,Longo da via,Chuvoso,Não existe,Perfeito estado,Molhada,Perfeito estado,Não existe,Não há placas,,Dupla,Faixa contínua,,
202212859,2022-06-06,,COM VÍTIMA,CANCELADA,CAXANGÁ,AV CAXANGA,,,VIADUTO BR 101,CAXANGÁ,,SUBURBIO,COLISÃO LATERAL,0,0,0,0,0,0,0,0,0,1,0,,,,,,,,,,,,,
202212876,2022-06-06,,COM VÍTIMA,FINALIZADA,IPSEP,RUA JEAN EMILE FAVRE,1001,,"PROXIMO AO POSTO DE GASOLINA BR,  AGROPECUARIA IPSEP",IPSEP,,CIDADE,COLISÃO TRANSVERSAL,1,1,0,0,0,0,0,0,0,1,0,Longo da via,Chuvoso,Não existe,,Molhada,Perfeito estado,Não existe,R-6a,,Dupla,Faixa contínua,,
202212881,2022-06-06,,SEM VÍTIMA,FINALIZADA,MADALENA,AV BEIRA RIO,879,RUA JANUARIO BARBOSA,EM FRENTE A O EDFº  QUATRO ESTAÇÕES,MADALENA,,SUBURBIO,,2,0,0,0,0,0,0,0,0,0,0,Longo da via,Chuvoso,Não existe,Perfeito estado,Molhada,Perfeito estado,Faixa de pedestre,Não há placas,,Dupla,Não existe,,
202212884,2022-06-06,,SEM VÍTIMA,FINALIZADA,CIDADE UNIVERSITÁRIA,RUA EMILIANO BRAGA,,,TERMINAL INTEGRADA DO TI CDU,CIDADE UNIVERSITÁRIA,,,COLISÃO LATERAL,1,0,0,0,0,0,1,0,0,0,0,,,,,,,,,,,,,
202212913,2022-06-07,,COM VÍTIMA,FINALIZADA,CASA AMARELA,AV NORTE MIGUEL ARRAES DE ALENCAR,6465,AV NORTE MIGUEL ARRAES DE ALENCAR,EM FRENTE Á POLICLÍNICA BARROS LIMA,CASA AMARELA,256,SUBURBIO,COLISÃO TRASEIRA,1,1,0,0,0,0,0,0,0,1,0,Esquina,Chuvoso,Sem defeito,Perfeito estado,Molhada,Perfeito estado,Faixa de pedestre,R-6a,60 km/h,Dupla,Faixa contínua,Canteiro central,
202212920,2022-06-07,,COM VÍTIMA,FINALIZADA,BOA VISTA,AV GOVERNADOR AGAMENON MAGALHAES,,RUA DOM BOSCO,,BOA VISTA,174,SUBURBIO,COLISÃO TRANSVERSAL,1,1,0,0,0,0,0,0,0,1,0,Cruzamento,Chuvoso,Sem defeito,Incompleta,Molhada,Mal conservada,Agente,,60 km/h,Dupla,Canal,,
202212922,2022-06-07,,COM VÍTIMA,FINALIZADA,MADALENA,RUA JANUARIO BARBOSA,,AV VISCONDE DE ALBUQUERQUE,PRAÇA DE QUEIROZ,MADALENA,,SUBURBIO,COLISÃO LATERAL,1,1,0,0,0,0,0,0,0,1,0,Cruzamento,Chuvoso,Não existe,Perfeito estado,Molhada,Perfeito estado,Não existe,R-6a,,Única,Faixa seccionada,,
202212927,2022-06-07,,SEM VÍTIMA,FINALIZADA,DERBY,AV BEIRA RIO,,,PRAÇA DO COQUE,DERBY,,CIDADE,COLISÃO TRANSVERSAL,0,0,0,0,0,0,0,0,0,0,0,,,,,,,,,,,,,
202212951,2022-06-07,,COM VÍTIMA,FINALIZADA,ESTÂNCIA,AV DR JOSE RUFINO,846,,EM  FRENTE JUNIOR CAR,ESTÂNCIA,,SUBURBIO,COLISÃO LATERAL,1,1,0,0,0,0,0,0,0,1,0,,,,,,,,,,,,,
202212958,2022-06-07,,COM VÍTIMA,FINALIZADA,CASA FORTE,AV DEZESSETE DE AGOSTO,50,,PROX A PRAÇA 17,CASA FORTE,,CIDADE,COLISÃO TRANSVERSAL,1,1,0,0,0,0,0,0,0,1,0,Longo da via,Bom,Não existe,Perfeito estado,Seca,Perfeito estado,Outros,Outras,,Dupla,Faixa contínua,,
202212966,2022-06-07,,COM VÍTIMA,FINALIZADA,AREIAS,AV RECIFE,1040,,PRÓXIMO A CHURRASCARIA PAJUÇARA,AREIAS,,,COLISÃO LATERAL,0,1,0,0,0,0,0,1,0,1,0,Longo da via,Bom,Não existe,Perfeito estado,Seca,,Não existe,Não há placas,60 km/h,Dupla,Canteiro central,,
202213000,2022-06-07,,SEM VÍTIMA,FINALIZADA,VÁRZEA,AV AFONSO OLINDENSE,320,,EM FRENTE AO NUMERAL 320,VÁRZEA,,CIDADE,CHOQUE,2,0,0,0,0,0,0,0,0,0,0,Longo da via,Bom,Sem defeito,Perfeito estado,Seca,Perfeito estado,Faixa de pedestre,R-6a,40 km/h,Única,Faixa seccionada,,
202213002,2022-06-07,,COM VÍTIMA,FINALIZADA,BOA VISTA,RUA GERVASIO PIRES,125,AV MANOEL BORBA,,BOA VISTA,169,SUBURBIO,COLISÃO TRASEIRA,2,0,0,0,0,0,0,0,0,1,0,Cruzamento,Bom,Com defeito,Perfeito estado,Seca,Perfeito estado,Faixa de pedestre,,,Única,Faixa contínua,,
202213007,2022-06-08,,COM VÍTIMA,FINALIZADA,FUNDÃO,AV BEBERIBE,2960,,PRÓXIMO A PRAÇA DO FUNDÃO,FUNDÃO,,SUBURBIO,COLISÃO FRONTAL,1,1,0,0,0,0,0,0,0,1,0,Longo da via,Chuvoso,Não existe,Não existente,Molhada,Perfeito estado,Não existe,Não há placas,,Dupla,Canteiro central,,
202213030,2022-06-08,,COM VÍTIMA,FINALIZADA,ILHA DO RETIRO,RUA ASTORGA,70B,EST DOS REMEDIOS,AO LADO DA LOJA CONSUMA EXCELÊNCIA EM TECNOLOGIA.,ILHA DO RETIRO,,CIDADE,COLISÃO LATERAL,1,1,0,0,0,0,0,0,0,1,0,Longo da via,Bom,Não existe,Perfeito estado,Seca,Perfeito estado,Não existe,Não há placas,30 km/h,Dupla,Não existe,,
202213034,2022-06-08,,COM VÍTIMA,FINALIZADA,ILHA DO RETIRO,RUA SPORT CLUBE DO RECIFE,,RUA PAISSANDU,DO LADO DO ESTÁDIO DO SPORT,ILHA DO RETIRO,367,CIDADE,COLISÃO LATERAL,0,0,0,0,0,0,0,0,0,1,0,,,,,,,,,,,,,
202213065,2022-06-08,,SEM VÍTIMA,FINALIZADA,SÃO JOSÉ,RUA BARAO DA VITORIA,487,,EM FRENTE A OFICINA DISNOVE YAMAHA,SÃO JOSÉ,,,COLISÃO TRASEIRA,1,0,0,0,0,0,0,1,0,0,0,Longo da via,Bom,Sem defeito,Perfeito estado,Seca,Perfeito estado,Não existe,Não há placas,,Única,Não existe,,
202213070,2022-06-08,,SEM VÍTIMA,FINALIZADA,,AV CAXANGA,,RUA GENERAL POLIDORO,REEF ACADEMIA,,231,CIDADE,COLISÃO TRANSVERSAL,2,0,0,0,0,0,0,0,0,0,0,Cruzamento,Bom,Sem defeito,Perfeito estado,Seca,Perfeito estado,Faixa de pedestre,Outras,60 km/h,Dupla,Canteiro central,,
202213073,2022-06-08,,SEM VÍTIMA,FINALIZADA,SANTO AMARO,AV CRUZ CABUGA,165,RUA CAPITAO LIMA,OPOSTO A IGREJA INTERNACIONAL DA GRAÇA DE DEUS,SANTO AMARO,,SUBURBIO,,0,0,0,0,0,1,0,1,0,0,0,Cruzamento,Bom,Não existe,Perfeito estado,Seca,Perfeito estado,Faixa de retenção,"Placas ""Pare""",,Dupla,Faixa contínua,,
202213075,2022-06-08,,COM VÍTIMA,CANCELADA,PINA,AV HERCULANO BANDEIRA,825,,APOS A PONTE DO PINA PROX A PASSARELA,PINA,,,COLISÃO FRONTAL,1,1,0,0,0,0,0,0,0,1,0,,,,,,,,,,,,,
202213081,2022-06-08,,COM VÍTIMA,FINALIZADA,IPUTINGA,AV CAXANGA,3860,,EM FRENTEAO HOSPITAL BARÃO DE LUSENA,IPUTINGA,,SUBURBIO,ATROPELAMENTO DE PESSOA,1,1,0,0,1,0,0,0,0,1,0,Longo da via,Bom,Não existe,Perfeito estado,Seca,Perfeito estado,Não existe,Não há placas,60 km/h,Única,Faixa seccionada,,
202213116,2022-06-08,,COM VÍTIMA,FINALIZADA,BOA VIAGEM,AV BOA VIAGEM,914,,EM FRENTE AO EDIFICIO MANTO SAGRADO. EDF NOSSA SENHORA DE COPACABANA (914),BOA VIAGEM,,CIDADE,COLISÃO TRASEIRA,1,1,0,0,0,0,0,0,0,1,0,Longo da via,Bom,Sem defeito,Perfeito estado,Seca,Perfeito estado,Faixa de pedestre,Não há placas,60 km/h,Única,,,
202213119,2022-06-08,,COM VÍTIMA,FINALIZADA,SÃO JOSÉ,AV DANTAS BARRETO,1090,,EM FRENTE AO ANTIGO SANTADER. PRÓXIMO AO CAMELÓDROMO.,SÃO JOSÉ,,SUBURBIO,ATROPELAMENTO DE PESSOA,0,0,0,0,1,1,0,0,0,1,0,Longo da via,Bom,Não existe,Perfeito estado,Seca,Perfeito estado,Não existe,Outras,,Dupla,Faixa contínua,,
202213123,2022-06-08,,COM VÍTIMA,FINALIZADA,GRAÇAS,RUA ALBERTO PAIVA,,AV RUI BARBOSA,MUSEU DO ESTADO DE PERNAMBUCO,GRAÇAS,,SUBURBIO,COLISÃO TRASEIRA,1,1,0,0,0,0,0,0,0,1,0,Longo da via,Bom,Não existe,Perfeito estado,Seca,Perfeito estado,Não existe,R-6a,,Única,Faixa seccionada,,
202213138,2022-06-09,,COM VÍTIMA,FINALIZADA,SÍTIO DOS PINTOS,EST DOS PINTOS,23,,PANIFICADORA NOVA OPÇÃO. EM FRENTE À IGREJA DEUS É AMOR.,SÍTIO DOS PINTOS,,DOIS IRMÃOS,COLISÃO FRONTAL,0,1,0,0,0,1,0,0,0,1,0,Longo da via,Nublado,Não existe,Incompleta,Seca,Perfeito estado,Não existe,Outras,,Dupla,Não existe,,
202213139,2022-06-09,,COM VÍTIMA,FINALIZADA,TEJIPIÓ,AV DR JOSE RUFINO,,,EM FRENTE À ESTAÇÃO DO METRÔ DE TEJIPIÓ,TEJIPIÓ,434,SUBURBIO,COLISÃO TRANSVERSAL,1,1,0,0,0,0,0,0,0,1,0,Longo da via,Bom,Sem defeito,Incompleta,Seca,Perfeito estado,Faixa de pedestre,,,,Faixa contínua,,
202213211,2022-06-09,,COM VÍTIMA,CANCELADA,CORDEIRO,AV CAXANGA,,,MOTO ATROPELOU UM ADOLESCENTE  NA FRENTE DA ESPOSIÇÃO DO CORDEIRO,CORDEIRO,,SUBURBIO,ATROPELAMENTO DE PESSOA,0,1,0,0,1,0,0,0,0,1,0,,,,,,,,,,,,,
202213212,2022-06-09,,COM VÍTIMA,CANCELADA,PINA,AV ENGENHEIRO DOMINGOS FERREIRA,1274,,"E/F A CASA PRONTA, COLISAO ENTRE AUTO E ONIBUS E CICLISTA  COM UMA VITINMA ,  -  PGQ 7710 ONIBUS DA BORBOREMA / PCI 2794 ETIOS",PINA,,SUBURBIO,COLISÃO FRONTAL,1,0,0,1,0,1,0,0,0,1,0,,,,,,,,,,,,,
202213216,2022-06-09,,COM VÍTIMA,FINALIZADA,CAXANGÁ,RUA RIBEIRO PESSOA,324,,PROX A UPA DA CAXANGA. CONDOMÍNIO FICOS BENJAMIN,CAXANGÁ,,SUBURBIO,COLISÃO TRANSVERSAL,1,1,0,0,0,0,0,0,0,1,0,Longo da via,Bom,Não existe,Perfeito estado,Seca,Perfeito estado,,,60 km/h,Dupla,Faixa seccionada,,
202213231,2022-06-09,,COM VÍTIMA,FINALIZADA,ESTÂNCIA,AV DR JOSE RUFINO,892,,LADO OPOSTO A HONDA SENTIDO JABOATÃO. EREM JOSÉ MARIANO,ESTÂNCIA,,SUBURBIO,ATROPELAMENTO DE PESSOA,1,0,0,0,1,0,0,0,0,1,0,Longo da via,Bom,Sem defeito,Perfeito estado,Seca,Perfeito estado,Faixa de pedestre,Outras,50 km/h,Dupla,Faixa contínua,,
202213234,2022-06-10,,COM VÍTIMA,FINALIZADA,BOA VIAGEM,AV BOA VIAGEM,5212,,EM FRENTE AO EDFÍCIO TRANSATLANTICO,BOA VIAGEM,,CIDADE,COLISÃO LATERAL,5,0,0,0,0,0,0,0,0,1,0,Longo da via,Bom,Não existe,Perfeito estado,Seca,Perfeito estado,Não existe,Não há placas,,Única,Faixa seccionada,,
202213242,2022-06-10,,SEM VÍTIMA,FINALIZADA,BOA VIAGEM,RUA FRANCISCO DA CUNHA,,RUA PROFESSOR JOSE BRANDAO,PROX AO COLEGIO CBV,BOA VIAGEM,,,COLISÃO LATERAL,2,0,0,0,1,0,0,0,0,0,0,,,,,,,,,,,,,
202213262,2022-06-10,,COM VÍTIMA,FINALIZADA,SANTO AMARO,AV GOVERNADOR AGAMENON MAGALHAES,118A,,NA DESCIDA DO VIADUTO DA JOAO DE BARROS. EM FRENTE À UPE,SANTO AMARO,,SUBURBIO,COLISÃO LATERAL,1,1,0,0,0,0,0,0,0,1,0,Viaduto,Bom,Não existe,Não existente,Seca,Perfeito estado,Não existe,Outras,,Dupla,Canteiro central,,
202213269,2022-06-10,,COM VÍTIMA,FINALIZADA,CAMPO GRANDE,AV GOVERNADOR AGAMENON MAGALHAES,,RUA ODORICO MENDES,,CAMPO GRANDE,49,CIDADE,COLISÃO TRANSVERSAL,2,0,0,1,0,0,0,0,0,2,0,Cruzamento,Bom,Com defeito,Perfeito estado,Seca,Perfeito estado,Outros,Outras,,Dupla,Faixa contínua,,
202213290,2022-06-10,,COM VÍTIMA,FINALIZADA,SANTO AMARO,RUA DOS PALMARES,,RUA ARNOBIO MARQUES,AO LADO DO HOSPITAL DO PROCAPE,SANTO AMARO,,SUBURBIO,COLISÃO TRANSVERSAL,1,1,0,0,0,0,0,0,0,1,0,Cruzamento,Bom,Não existe,Perfeito estado,Seca,Perfeito estado,Não existe,Não há placas,60 km/h,Única,Faixa seccionada,,
202213298,2022-06-10,,COM VÍTIMA,FINALIZADA,SANTO AMARO,RUA DA AURORA,703,,EM FRENTE COLEGIO GINASIO PERNAMBUCANO,SANTO AMARO,429,SUBURBIO,COLISÃO TRASEIRA,2,0,0,0,0,2,0,0,0,3,0,Longo da via,Bom,Sem defeito,Perfeito estado,Seca,Perfeito estado,Não existe,R-6a,,Única,Canteiro central,,
202213314,2022-06-10,,COM VÍTIMA,FINALIZADA,BOA VIAGEM,RUA DOS NAVEGANTES,4558,RUA CORONEL BENEDITO CHAVES,POR TRÁS DO CASTELINHO,BOA VIAGEM,,SUBURBIO,COLISÃO TRANSVERSAL,1,1,0,0,0,0,0,0,0,2,0,Cruzamento,Bom,Sem defeito,Perfeito estado,Seca,Perfeito estado,,"Placas ""Pare""",,Única,Não existe,,
202213316,2022-06-10,,COM VÍTIMA,FINALIZADA,CASA AMARELA,AV NORTE MIGUEL ARRAES DE ALENCAR,,,EM FRENTE AO SESC,CASA AMARELA,364,SUBURBIO,COLISÃO TRANSVERSAL,1,1,0,0,0,0,0,0,0,1,0,Longo da via,Bom,Sem defeito,Perfeito estado,Seca,Perfeito estado,Faixa de pedestre,"Placas ""Pare""",,Dupla,Canteiro central,,
202213317,2022-06-10,,COM VÍTIMA,FINALIZADA,JORDÃO,AV MARIA IRENE,26,RUA ANTONIO ROCHA,EM FRENTE AO MARTELINO DE OURO,JORDÃO,,SUBURBIO,COLISÃO FRONTAL,1,1,0,0,0,0,0,0,0,1,0,Esquina,Bom,Não existe,Não existente,Molhada,Mal conservada,,Não há placas,30 km/h,Dupla,Faixa contínua,,
202213325,2022-06-11,,COM VÍTIMA,FINALIZADA,IMBIRIBEIRA,AV MARECHAL MASCARENHAS DE MORAES,,,JUSTIÇA DO TRABALHO. SOB VIADUTO TANCREDO NEVES,IMBIRIBEIRA,,CIDADE,ATROPELAMENTO DE PESSOA,0,0,0,0,1,1,0,0,0,1,0,Longo da via,Chuvoso,Não existe,,Molhada,,Não existe,Não há placas,,Única,Faixa seccionada,,
202213372,2022-06-11,,SEM VÍTIMA,FINALIZADA,ALTO SANTA TERESINHA,RUA TAMBOARA,548,,PERTO DA ANTENA DA TIM,ALTO SANTA TERESINHA,,,COLISÃO TRASEIRA,1,1,0,0,0,0,0,0,0,0,0,Longo da via,Chuvoso,Não existe,Não existente,Molhada,Perfeito estado,Não existe,Não há placas,,Dupla,,,
202213373,2022-06-11,,COM VÍTIMA,FINALIZADA,HIPÓDROMO,RUA MADRE ROSA GATTORNO,110,,PROXIMO Á PRAÇA DO HIPÓDROMO,HIPÓDROMO,,,COLISÃO LATERAL,1,1,0,0,0,0,0,0,0,1,0,,,,,,,,,,,,,
202213374,2022-06-11,,COM VÍTIMA,FINALIZADA,MUSTARDINHA,AV MANOEL GONCALVES DA LUZ,272,,PROXIMO AO ARMAZEM POPULAR,MUSTARDINHA,,SUBURBIO,COLISÃO LATERAL,1,1,0,0,0,0,0,0,0,1,0,Longo da via,Chuvoso,Não existe,Incompleta,Molhada,Mal conservada,Não existe,R-6a,,Dupla,Faixa seccionada,,
202213388,2022-06-11,,COM VÍTIMA,FINALIZADA,JAQUEIRA,RUA PADRE ROMA,,RUA DO FUTURO,ANTES DO HOSPITAL ALBERT SABIN NO SEMAFORO 223,JAQUEIRA,223,SUBURBIO,COLISÃO COM CICLISTA,0,0,0,1,0,1,0,0,0,1,0,Longo da via,Chuvoso,Sem defeito,Perfeito estado,Molhada,Perfeito estado,Faixa de retenção,R-4b,,Dupla,Canteiro central,,
202213393,2022-06-11,,COM VÍTIMA,FINALIZADA,AFOGADOS,EST DOS REMEDIOS,,,EM FRENTE AO RACE RODAS,AFOGADOS,,,COLISÃO TRASEIRA,2,0,0,0,0,0,0,0,0,1,0,,,,,,,,,,,,,
202213404,2022-06-12,,COM VÍTIMA,FINALIZADA,SANTO AMARO,AV DR JAYME DA FONTE,,RUA MARIO ALBUQUERQUE CAVALCANTI,RUA DA COMPESA,SANTO AMARO,,SUBURBIO,ATROPELAMENTO DE PESSOA,1,0,0,0,1,0,0,0,0,1,0,Longo da via,Bom,Não existe,Perfeito estado,Seca,Perfeito estado,Não existe,Não há placas,,Dupla,Faixa seccionada,Canteiro central,
202213423,2022-06-12,,COM VÍTIMA,FINALIZADA,PINA,RUA ARTUR MUNIZ,602,,EM FRENTE A NAU FRUTOS DO MAR,PINA,,CIDADE,CHOQUE,1,1,0,0,0,0,0,0,0,1,0,Longo da via,Bom,Não existe,Não existente,Seca,Perfeito estado,Não existe,Não há placas,30 km/h,Dupla,Não existe,,
202213424,2022-06-12,,COM VÍTIMA,FINALIZADA,MADALENA,RUA REAL DA TORRE,538,RUA DR ARTUR GONCALVES,EM FRENTE AO MERCADO DA MADALENA,MADALENA,,CIDADE,COLISÃO TRANSVERSAL,2,0,0,0,0,0,0,0,0,1,0,Longo da via,Bom,Não existe,Perfeito estado,Seca,Perfeito estado,Não existe,R-6a,,Única,Faixa seccionada,,
202213453,2022-06-12,,COM VÍTIMA,FINALIZADA,IMBIRIBEIRA,AV MARECHAL MASCARENHAS DE MORAES,841,,EM FRENTE A D MAGAZINE,IMBIRIBEIRA,,CIDADE,COLISÃO LATERAL,2,0,0,0,0,0,0,0,0,1,0,Cruzamento,Bom,Sem defeito,Perfeito estado,Seca,Perfeito estado,Faixa de pedestre,Não há placas,,Dupla,Canteiro central,,
202213455,2022-06-12,,COM VÍTIMA,FINALIZADA,TOTÓ,AV LIBERDADE,1420,,PRESIDIO ANIBAL BRUNO,TOTÓ,,CIDADE,ATROPELAMENTO DE PESSOA,1,0,0,0,1,0,0,0,0,1,0,,,,,,,,,,,,,
202213456,2022-06-12,,COM VÍTIMA,FINALIZADA,BOMBA DO HEMETÉRIO,RUA ARLINDO CISNEIRO,20,,ACADEMIA CIA DO CORPO,BOMBA DO HEMETÉRIO,,SUBURBIO,ATROPELAMENTO DE PESSOA,1,0,0,0,2,0,0,0,0,2,0,Rotatória,Bom,Não existe,Incompleta,Seca,Perfeito estado,Não existe,Não há placas,,Dupla,Não existe,,
202213458,2022-06-12,,COM VÍTIMA,FINALIZADA,CORDEIRO,EST DO FORTE DO ARRAIAL N. DO B. JESUS,750,RUA DR MIGUEL VIEIRA FERREIRA,SEMAFARO 249,CORDEIRO,249,SUBURBIO,COLISÃO FRONTAL,1,1,0,0,0,0,0,0,0,1,0,Cruzamento,Bom,Sem defeito,Perfeito estado,Seca,Perfeito estado,Faixa de pedestre,Não há placas,30 km/h,Dupla,Faixa contínua,,
202213459,2022-06-13,,SEM VÍTIMA,FINALIZADA,SANTO AMARO,AV GOVERNADOR AGAMENON MAGALHAES,,,"PRÓXIMO AO SHOPPING TACARUNA, PISTA LOCAL",SANTO AMARO,,SUBURBIO,CHOQUE,0,0,0,0,0,0,0,1,0,0,0,Longo da via,Bom,Não existe,Não existente,Seca,Perfeito estado,Não existe,Não há placas,30KM/H,Única,,,
202213468,2022-06-13,,SEM VÍTIMA,FINALIZADA,AFOGADOS,RUA DORMENTOS,,RUA IMPERIAL,PROX. AO DEPOSITO SUPERGAS,AFOGADOS,,,COLISÃO TRASEIRA,2,0,0,0,0,0,0,0,0,0,0,Longo da via,Bom,Não existe,Perfeito estado,Seca,Perfeito estado,Não existe,Não há placas,,Única,Faixa seccionada,,
202213473,2022-06-13,,COM VÍTIMA,FINALIZADA,PINA,AVENIDA CELSO FURTADO (VIA MANGUE),,,NA PONTE DE ACESSO AO BIGBOMPREÇO. PRÓXIMO AO VIADUTO DOM JOÃO VI.,PINA,,SUBURBIO,COLISÃO TRASEIRA,0,2,0,0,0,0,0,0,0,2,0,Viaduto,Bom,Não existe,Perfeito estado,Seca,Perfeito estado,Não existe,Não há placas,60 km/h,Única,Faixa seccionada,,
202213500,2022-06-13,,SEM VÍTIMA,FINALIZADA,BOA VIAGEM,RUA PROFESSOR JOAO MEDEIROS,,RUA ERNESTO DE PAULA SANTOS,PROX A DROGASIL,BOA VIAGEM,,,COLISÃO LATERAL,1,0,0,0,0,0,1,0,0,0,0,Esquina,Bom,Sem defeito,Perfeito estado,Seca,Perfeito estado,Faixa de pedestre,,,Única,Faixa seccionada,,
202213502,2022-06-13,,SEM VÍTIMA,FINALIZADA,BOA VIAGEM,RUA CONEGO ROMEU,,,EM FRENTE AO ARMAZEM ECOSEL,BOA VIAGEM,,,COLISÃO TRANSVERSAL,1,0,0,0,0,0,0,1,0,0,0,Longo da via,Bom,Não existe,Incompleta,Seca,Mal iluminada,Não existe,Não há placas,40KM/H,Dupla,Faixa contínua,,
202213521,2022-06-13,,SEM VÍTIMA,FINALIZADA,CAMPO GRANDE,1TR MARQUES DE BAIPENDI,,,ATRAS DO CAMPO DO SANTA CRUZ,CAMPO GRANDE,,SUBURBIO,COLISÃO LATERAL,1,0,0,0,0,0,0,1,0,0,0,Cruzamento,Bom,Sem defeito,Perfeito estado,Seca,Perfeito estado,Faixa de pedestre,Não há placas,,Dupla,Faixa contínua,,
202213531,2022-06-13,,COM VÍTIMA,CANCELADA,IPSEP,AV RAIMUNDO DINIZ,,AV RECIFE,PROXIMIDADES DO SEMÁFORO Nº 247,IPSEP,247,SUBURBIO,COLISÃO TRASEIRA,0,0,0,0,0,0,0,0,0,1,0,,,,,,,,,,,,,
202213556,2022-06-14,,COM VÍTIMA,FINALIZADA,BONGI,AV ENGENHEIRO ABDIAS DE CARVALHO,,RUA CARLOS GOMES,EM FRENTE À BIG CAR,BONGI,57,CIDADE,COLISÃO COM CICLISTA,0,1,0,1,0,0,0,0,0,1,0,Cruzamento,Bom,Sem defeito,Perfeito estado,Seca,Perfeito estado,Não existe,Não há placas,30 km/h,Única,Não existe,,
202213562,2022-06-14,,COM VÍTIMA,FINALIZADA,IBURA,AV DOIS RIOS,673,,EM FRENTE À IGREJA UNIVERSAL,IBURA,,SUBURBIO,COLISÃO LATERAL,0,1,0,0,0,0,1,0,0,1,0,Longo da via,Bom,Sem defeito,Ilegível,Seca,Mal conservada,,,,Dupla,Não existe,,
202213583,2022-06-14,,COM VÍTIMA,FINALIZADA,JARDIM SÃO PAULO,AV SAO PAULO,625,,EM FRENTE A FARMACIA PAGUE MENOS,JARDIM SÃO PAULO,,CIDADE,COLISÃO LATERAL,1,1,0,0,0,0,0,0,0,1,0,Longo da via,Bom,Não existe,Incompleta,Seca,Perfeito estado,Não existe,Não há placas,,Dupla,Não existe,,
202213585,2022-06-14,,COM VÍTIMA,FINALIZADA,IPUTINGA,AV CAXANGA,,EST DO BARBALHO,EM FRENTE AO BIGBOMPREÇO,IPUTINGA,533,SUBURBIO,COLISÃO TRANSVERSAL,0,2,0,0,0,0,0,0,0,3,0,Cruzamento,Bom,Sem defeito,Perfeito estado,Seca,Perfeito estado,Agente,Não há placas,60 km/h,Única,Canteiro central,,
202213591,2022-06-14,,SEM VÍTIMA,FINALIZADA,CORDEIRO,AV GENERAL SAN MARTIN,,RUA GOMES TABORDA,AO LADO DO MERCADINHO IDEAL,CORDEIRO,67,,COLISÃO TRASEIRA,1,0,0,0,0,0,1,0,0,0,0,Cruzamento,Bom,Sem defeito,Ilegível,Seca,Mal conservada,Faixa de pedestre,Não há placas,,Dupla,Não existe,,