Protocolo,data,hora,natureza,situacao,bairro,endereco,numero,detalhe_endereco_acidente,complemento,bairro_cruzamento,num_semaforo,sentido_via,tipo,auto,moto,ciclom,ciclista,pedestre,onibus,caminhao,viatura,outros,vitimas,vitimasfatais,acidente_verificado,tempo_clima,situacao_semaforo,sinalizacao,condicao_via,conservacao_via,ponto_controle,situacao_placa,velocidade_max_via,mao_direcao,divisao_via1,divisao_via2,divisao_via3
202213592,2022-06-14,,COM VÍTIMA,FINALIZADA,CORDEIRO,AV GENERAL SAN MARTIN,,,EM FRENTE AO CENTRO DE DISTRIBUIÇÃO DOS CORREIOS.,CORDEIRO,,CORDEIRO,COLISÃO TRASEIRA,0,2,0,0,0,0,0,0,0,1,0,Longo da via,Bom,Não existe,Perfeito estado,Seca,Perfeito estado,Não existe,Não há placas,40 km/h,Dupla,Faixa contínua,,
202213594,2022-06-14,,COM VÍTIMA,FINALIZADA,CAMPO GRANDE,RUA PROFESSOR FRANCISCO DA TRINDADE,290,RUA SAO CAETANO,DUAS RUAS POR TRAS DO CLUBE DAS PAZ,CAMPO GRANDE,,SUBURBIO,COLISÃO TRANSVERSAL,2,0,0,0,0,0,0,0,0,1,0,Não informado,Bom,Não existe,Não existente,Seca,Perfeito estado,Não existe,Não há placas,,Dupla,Não existe,,
202213603,2022-06-14,,COM VÍTIMA,FINALIZADA,CORDEIRO,AV CAXANGA,,,CANAL DO CAVOUCO,CORDEIRO,,SUBURBIO,COLISÃO TRASEIRA,1,1,0,0,0,0,0,0,0,2,0,Longo da via,Bom,Não existe,Perfeito estado,Seca,Perfeito estado,Não existe,Não há placas,,Dupla,Canteiro central,,
202213618,2022-06-14,,COM VÍTIMA,FINALIZADA,MANGUEIRA,RUA DR JOAO ELISIO,294,RUA HORIZONTINA,EM FRENTE A PADARIA SANTO ANTONIO,MANGUEIRA,,SUBURBIO,COLISÃO TRANSVERSAL,0,2,0,0,0,0,0,0,0,2,0,Longo da via,Bom,Não existe,Ilegível,Seca,Mal conservada,Não existe,Não há placas,,Dupla,Não existe,,
202213642,2022-06-15,,COM VÍTIMA,FINALIZADA,BEBERIBE,AV BEBERIBE,4024,,EM FRENTE AO REI DO ARRUMADINHO,BEBERIBE,,CIDADE,COLISÃO LATERAL,0,2,0,0,0,0,0,0,0,3,0,Longo da via,Bom,Não existe,Perfeito estado,Seca,Perfeito estado,Outros,Não há placas,,Dupla,Faixa contínua,Faixa seccionada,
202213652,2022-06-15,,COM VÍTIMA,FINALIZADA,BOA VIAGEM,AV ENGENHEIRO DOMINGOS FERREIRA,,RUA CORONEL BENEDITO CHAVES,EM FRENTE AO DRIVE THRU DA MC DONALDS,BOA VIAGEM,128,SUBURBIO,COLISÃO TRASEIRA,1,1,0,0,0,0,0,0,0,1,0,Cruzamento,Bom,Sem defeito,Perfeito estado,Seca,Perfeito estado,Faixa de pedestre,Outras,60 km/h,Única,Faixa contínua,,
202213662,2022-06-15,,COM VÍTIMA,FINALIZADA,MADALENA,AV CAXANGA,,RUA JOAO IVO DA SILVA,PROX AO MUSEU DA ABOLIÇÃO. BANCO BRADESCO,MADALENA,257,CIDADE,COLISÃO TRANSVERSAL,0,2,0,0,0,0,0,0,0,2,0,Cruzamento,Bom,Sem defeito,Perfeito estado,Seca,Perfeito estado,Outros,Não há placas,60 km/h,Única,Faixa contínua,,
202213671,2022-06-15,,SEM VÍTIMA,FINALIZADA,CORDEIRO,RUA OCIDENTAL,109,RUA XAVIER DE BRITO,PROX AO CANAL DO CAVOCO,CORDEIRO,,,COLISÃO LATERAL,1,1,0,0,0,0,0,0,0,0,0,Cruzamento,Bom,Não existe,Não existente,Seca,Perfeito estado,Não existe,Não há placas,30KM/H,Única,Canteiro central,,
202213674,2022-06-15,,SEM VÍTIMA,FINALIZADA,DERBY,PRC DO DERBY,,,PRAÇA DO DERBY - ESTAÇÃO DO BRT,DERBY,,SUBURBIO,COLISÃO LATERAL,0,0,0,0,0,1,0,1,0,0,0,Longo da via,Bom,Não existe,Perfeito estado,Seca,Perfeito estado,Não existe,Não há placas,50KM/H,Dupla,Canteiro central,,
202213675,2022-06-15,,COM VÍTIMA,FINALIZADA,TORRE,RUA PROFESSOR TRAJANO DE MENDONCA,200,,EM FRENTE AO POSTO SHEL DA REAL TORRE,TORRE,,CIDADE,COLISÃO LATERAL,2,1,0,0,0,0,0,0,0,1,0,Longo da via,Bom,Não existe,Perfeito estado,Seca,Perfeito estado,Não existe,R-6a,,Única,Faixa seccionada,,
202213696,2022-06-15,,COM VÍTIMA,FINALIZADA,SANTO AMARO,RUA FRANCISCO JACINTO,366,,"AO LADO DA IGREJA BATISTA CENTRAL, PRÓXIMO À DELEGACIA DE POLICIA CIVIL",SANTO AMARO,,CIDADE,COLISÃO TRANSVERSAL,1,1,0,0,0,0,0,0,0,1,0,Longo da via,Bom,Não existe,Não existente,Seca,Perfeito estado,Não existe,Não há placas,,Dupla,Não existe,,
202213700,2022-06-15,,SEM VÍTIMA,FINALIZADA,IMBIRIBEIRA,AV PRESIDENTE DUTRA,,,NA FRENTE DO SAL E BRASA,IMBIRIBEIRA,,,COLISÃO TRASEIRA,2,0,0,0,0,0,0,1,0,0,0,,,,,,,,,,,,,
202213705,2022-06-15,,COM VÍTIMA,FINALIZADA,SAN MARTIN,AV GENERAL SAN MARTIN,2482,,EM FRENTE A CLINICA AMOR DE BICHO. FERRO VELHO REI DA SUCATA.,SAN MARTIN,,SUL,COLISÃO COM CICLISTA,1,0,0,1,0,0,0,0,0,1,0,Longo da via,Bom,Não existe,Perfeito estado,Seca,Perfeito estado,Não existe,Não há placas,40 km/h,Dupla,Faixa seccionada,,
202213706,2022-06-15,,COM VÍTIMA,FINALIZADA,GRAÇAS,AV RUI BARBOSA,,,AO LADO DO MURO DO  COLEGIO AGNES,GRAÇAS,,,COLISÃO TRASEIRA,1,1,0,0,0,0,0,0,0,1,0,,,,,,,,,,,,,
202213708,2022-06-15,,COM VÍTIMA,FINALIZADA,BOA VIAGEM,RUA RIBEIRO DE BRITO,1507,,VIADUTO TANCREDO NEVES,BOA VIAGEM,,SUBURBIO,ATROPELAMENTO DE ANIMAL,0,1,0,0,0,0,0,0,0,1,0,Longo da via,Bom,Não existe,Perfeito estado,Seca,Perfeito estado,Agente,Não há placas,,Única,Faixa seccionada,,
202213728,2022-06-15,,SEM VÍTIMA,FINALIZADA,CAMPINA DO BARRETO,AV POETA VINICIUS DE MORAIS,,RUA NOVA ESPERANCA,EM FRENTE  A PONTE DE CAMPINA DO BARRETO SENTIDO  PARA PEIXINHOS,CAMPINA DO BARRETO,,,COLISÃO TRASEIRA,0,0,0,0,0,0,0,2,0,0,0,Longo da via,Bom,Não existe,Perfeito estado,Seca,Perfeito estado,Não existe,Não há placas,,Dupla,Faixa seccionada,,
202213731,2022-06-15,,SEM VÍTIMA,FINALIZADA,CAMPO GRANDE,RUA ODORICO MENDES,700,,NA ENTRADA DA CEPLANC,CAMPO GRANDE,,,COLISÃO LATERAL,1,0,0,0,0,0,0,1,0,0,0,,,,,,,,,,,,,
202213732,2022-06-16,,COM VÍTIMA,FINALIZADA,BOA VIAGEM,AV ENGENHEIRO DOMINGOS FERREIRA,287,RUA PADRE BERNADINO PESSOA,"PRÓXIMO AO CARREFOUR. EM FRENTE À PAMESA DO BRASIL, Nº 2800",BOA VIAGEM,144,SUBURBIO,COLISÃO TRANSVERSAL,2,0,0,0,0,0,0,0,0,3,0,Cruzamento,Chuvoso,Sem defeito,Perfeito estado,Molhada,Perfeito estado,Faixa de pedestre,Não há placas,,Única,Canteiro central,,
202213759,2022-06-16,,COM VÍTIMA,FINALIZADA,SANTO AMARO,AV NORTE MIGUEL ARRAES DE ALENCAR,890A,RUA SAO SEBASTIAO,ANTES DA SUBIDA DO VIADUTO. LADO OPOSTO AO CENTRO DA JUVENTUDE DE SANTO AMARO.,SANTO AMARO,397,SUBURBIO,ATROPELAMENTO DE PESSOA,0,1,0,0,1,0,0,0,0,1,0,Longo da via,Bom,Sem defeito,Perfeito estado,Seca,Perfeito estado,Faixa de pedestre,Não há placas,60 km/h,Dupla,Canteiro central,,
202213774,2022-06-16,,COM VÍTIMA,FINALIZADA,ENCRUZILHADA,AV NORTE MIGUEL ARRAES DE ALENCAR,5050,,PROX AO REI DA PICANHA,ENCRUZILHADA,,,COLISÃO TRASEIRA,1,1,0,0,0,0,0,0,0,1,0,Longo da via,Chuvoso,Não existe,Incompleta,Seca,Perfeito estado,Não existe,Não há placas,,Dupla,Blocos,,
202213821,2022-06-16,,COM VÍTIMA,FINALIZADA,DERBY,AV GOVERNADOR CARLOS DE LIMA CAVALCANTI,,AV GOVERNADOR AGAMENON MAGALHAES,AO LADO DA MC DONALD,DERBY,75,CIDADE,ATROPELAMENTO DE PESSOA,0,0,0,0,1,1,0,0,0,1,0,Cruzamento,Bom,Sem defeito,Perfeito estado,Seca,Perfeito estado,Faixa de pedestre,R-25d,,Única,Canteiro central,,
202213839,2022-06-17,,COM VÍTIMA,FINALIZADA,JARDIM SÃO PAULO,RUA LORENA,104,,APOS O VIADULTO DA JARDIM SÃO PAULO,JARDIM SÃO PAULO,,,COLISÃO FRONTAL,1,1,0,0,0,0,0,0,0,1,0,,,,,,,,,,,,,
202213840,2022-06-17,,COM VÍTIMA,FINALIZADA,ESTÂNCIA,AV DR JOSE RUFINO,523,RUA BARAO DE BUIQUE,PRÓX. À LANCHONETE LANCHES DA PRAÇA. EM FRENTE A GESSO ART DECORAÇÕES.,ESTÂNCIA,,CIDADE,COLISÃO TRANSVERSAL,1,1,0,0,0,0,0,0,0,1,0,Cruzamento,Bom,Não existe,Incompleta,Seca,Mal conservada,Não existe,"Placas ""Pare""",60 km/h,Dupla,Faixa seccionada,,
202213847,2022-06-17,,COM VÍTIMA,FINALIZADA,BOA VIAGEM,AV MARECHAL JUAREZ TAVORA,,RUA BALTAZAR PASSOS,EM FRENTE AO POSTO BR. RUA PROFESSOR AURELIO DE CASTRO CAVALCANTI.,BOA VIAGEM,556,CIDADE,COLISÃO FRONTAL,1,1,0,0,0,0,0,0,0,1,0,Cruzamento,Bom,Com defeito,Perfeito estado,Seca,Perfeito estado,Faixa de pedestre,R-24a,30 km/h,Única,Faixa contínua,Faixa seccionada,
202213858,2022-06-17,,COM VÍTIMA,FINALIZADA,IBURA,AV DOIS RIOS,,RUA RIO JURUA,PRÓX. AO POSTO SHELL,IBURA,,SUBURBIO,COLISÃO LATERAL,0,2,0,0,0,0,0,0,0,1,0,Cruzamento,Bom,Não existe,Perfeito estado,Seca,Perfeito estado,Não existe,Outras,,Dupla,Faixa contínua,,
202213874,2022-06-17,,COM VÍTIMA,FINALIZADA,SÃO JOSÉ,C SANTA RITA,,,EM FRENTE AO ARMAZÉM 16,SÃO JOSÉ,76,CIDADE,QUEDA,1,1,0,0,0,0,0,0,0,1,0,Longo da via,Bom,Sem defeito,Perfeito estado,Seca,Perfeito estado,Não existe,Não há placas,60 km/h,Única,Faixa seccionada,,
202213884,2022-06-17,,COM VÍTIMA,FINALIZADA,SÃO JOSÉ,AV DANTAS BARRETO,1326,RUA DO PEIXOTO,PROX AO TERMINAL DO PROGRESSO. LEOPOLDO BAR.,SÃO JOSÉ,181,CIDADE,COLISÃO TRANSVERSAL,0,1,0,0,0,1,0,0,0,1,0,Cruzamento,Bom,Sem defeito,Perfeito estado,Seca,Perfeito estado,Faixa de pedestre,Outras,60 km/h,Dupla,Faixa contínua,,
202213905,2022-06-17,,COM VÍTIMA,FINALIZADA,ÁGUA FRIA,RUA LADEIRA DE PEDRA,498,,NO TERMINAL DE ONIBUS ALTO DO PASCOAL,ÁGUA FRIA,,SUBURBIO,ATROPELAMENTO DE PESSOA,0,0,0,0,1,1,0,0,0,1,0,Longo da via,Bom,Não existe,Perfeito estado,Seca,Mal conservada,Não existe,Outras,,Dupla,Faixa seccionada,,
202213916,2022-06-17,,COM VÍTIMA,FINALIZADA,ILHA DO LEITE,AV GOVERNADOR AGAMENON MAGALHAES,,,PROX AO EMPRESARIAL ISAAC  NILTON,ILHA DO LEITE,,SUBURBIO,QUEDA,0,1,0,0,0,0,0,0,0,1,0,,,,,,,,,,,,,
202213930,2022-06-17,,COM VÍTIMA,FINALIZADA,BOA VISTA,RUA DO PRINCIPE,446,RUA GENERAL JOSE SEMEAO,ACIDENTE ENTRE UM AUTO E MOTO,BOA VISTA,,CIDADE,COLISÃO LATERAL,1,1,0,0,0,0,0,0,0,1,0,Longo da via,Bom,Não existe,Perfeito estado,Seca,Perfeito estado,Não existe,Outras,,Única,Faixa seccionada,,
202213956,2022-06-18,,COM VÍTIMA,FINALIZADA,MADALENA,RUA LOPES DE CARVALHO,401,AV VISCONDE DE ALBUQUERQUE,EM FRENTE A MADALENA CENTER,MADALENA,,SUBURBIO,COLISÃO TRANSVERSAL,1,1,0,0,0,0,0,0,0,1,0,Cruzamento,Bom,Não existe,Perfeito estado,Seca,Perfeito estado,Outros,Outras,,Única,Faixa seccionada,,
202213995,2022-06-18,,COM VÍTIMA,CANCELADA,IMBIRIBEIRA,RUA PAMPULHA,251,,PRÓX. À CASA BRANCA RECEPÇÕES,IMBIRIBEIRA,,,COLISÃO LATERAL,1,1,0,0,0,0,0,0,0,1,0,,,,,,,,,,,,,
202213996,2022-06-18,,COM VÍTIMA,CANCELADA,IMBIRIBEIRA,RUA PARIS,552,,ATRAS DO SUPERMERCADO AÇAI,IMBIRIBEIRA,,,COLISÃO LATERAL,1,1,0,0,0,0,0,0,0,1,0,,,,,,,,,,,,,
202213999,2022-06-18,,COM VÍTIMA,CANCELADA,ESPINHEIRO,RUA DA HORA,,AV JOAO DE BARROS,POSTO SHELW,ESPINHEIRO,,,COLISÃO TRASEIRA,2,0,0,0,0,0,0,0,0,1,0,,,,,,,,,,,,,
202214000,2022-06-18,,COM VÍTIMA,FINALIZADA,IPUTINGA,RUA BOM PASTOR,126,RUA COMENDADOR ALVARES DE CARVALHO,EDIFÍCIO PRAÇA DOS CARVALHOS,IPUTINGA,254,CIDADE,COLISÃO LATERAL,1,1,0,0,0,0,0,0,0,1,0,Cruzamento,Bom,Sem defeito,Perfeito estado,Seca,Perfeito estado,Faixa de pedestre,R-6a,,Dupla,Faixa contínua,Faixa seccionada,
202214001,2022-06-18,,COM VÍTIMA,CANCELADA,CASA FORTE,AV DEZESSETE DE AGOSTO,,,NO SEMÁFORO 469,CASA FORTE,469,,COLISÃO COM CICLISTA,0,1,0,1,0,0,0,0,0,1,0,,,,,,,,,,,,,
202214013,2022-06-18,,COM VÍTIMA,FINALIZADA,IPUTINGA,AV CAXANGA,,RUA MANOEL JOAQUIM DE ALMEIDA,EM FRENTE A IPUTINGA AUTOMOVEIS,IPUTINGA,533,CIDADE,COLISÃO LATERAL,1,1,0,0,0,0,0,0,0,1,0,Cruzamento,Bom,Sem defeito,Perfeito estado,Seca,Perfeito estado,Não existe,Outras,,Dupla,Canteiro central,,
202214019,2022-06-18,,SEM VÍTIMA,FINALIZADA,CASA AMARELA,EST DO ARRAIAL,2626,RUA GOMES COUTINHO,,CASA AMARELA,,SUBURBIO,,2,0,0,0,0,0,0,0,0,0,0,Longo da via,Bom,Não existe,Perfeito estado,Seca,Perfeito estado,,,,Única,,,
202214031,2022-06-18,,COM VÍTIMA,FINALIZADA,SANTO AMARO,AV NORTE MIGUEL ARRAES DE ALENCAR,,,EM FRENTE AO POSTO ALVORADA,SANTO AMARO,,SUBURBIO,COLISÃO TRASEIRA,1,1,0,0,0,0,0,0,0,2,0,Longo da via,Bom,Não existe,Perfeito estado,Seca,Perfeito estado,Não existe,R-6a,,Dupla,Canteiro central,,
202214032,2022-06-18,,COM VÍTIMA,FINALIZADA,ÁGUA FRIA,AV BEBERIBE,2175,RUA DA REGENERACAO,SEMÁFARO 187,ÁGUA FRIA,187,SUBURBIO,ATROPELAMENTO DE PESSOA,0,1,0,0,1,0,0,0,0,1,0,Cruzamento,Bom,Sem defeito,Perfeito estado,Seca,Perfeito estado,Faixa de pedestre,,,,,,
202214035,2022-06-19,,COM VÍTIMA,FINALIZADA,BOA VIAGEM,AV DES JOSE NEVES,,AV JOAQUIM RIBEIRO,"PROXIMO A FERREIRA PINTO,  ANTES DO TÚNEL ALGUSTO LUCENA",BOA VIAGEM,567,SUBURBIO,COLISÃO TRANSVERSAL,2,0,0,0,0,0,0,0,0,4,0,Longo da via,Chuvoso,Sem defeito,Perfeito estado,Molhada,Mal iluminada,Faixa de pedestre,,,Única,Faixa seccionada,,
202214065,2022-06-19,,COM VÍTIMA,FINALIZADA,SANTO AMARO,RUA CAPITAO LIMA,,RUA DA FUNDICAO,PROX A TV GLOBO,SANTO AMARO,,,COLISÃO TRANSVERSAL,1,1,0,0,0,0,0,0,0,1,0,Cruzamento,Bom,Não existe,Perfeito estado,Seca,Perfeito estado,Faixa de pedestre,"Placas ""Pare""",,,Faixa contínua,Faixa seccionada,
202214094,2022-06-19,,COM VÍTIMA,FINALIZADA,JORDÃO,AV MARECHAL MASCARENHAS DE MORAES,161B,,"EM FRENTE AO AEROPORTO, PRÓXIMO A ENTRADA PARA O JORDÃO",JORDÃO,,SUBURBIO,COLISÃO LATERAL,0,2,0,0,0,0,0,0,0,1,0,Longo da via,Bom,Não existe,Incompleta,Seca,Mal iluminada,,Não há placas,60 km/h,Dupla,,,
202214097,2022-06-19,,SEM VÍTIMA,FINALIZADA,MORRO DA CONCEIÇÃO,RUA ITACOATIARA,,,PRÓXIMO A ANDRÉ GÁS,MORRO DA CONCEIÇÃO,,SUBURBIO,CHOQUE,1,0,0,0,0,0,0,0,0,0,0,Longo da via,Chuvoso,Não existe,Não existente,Molhada,Perfeito estado,Não existe,Não há placas,,Única,Não existe,,
202214099,2022-06-19,,COM VÍTIMA,FINALIZADA,IMBIRIBEIRA,AV MARECHAL MASCARENHAS DE MORAES,2160,RUA PAMPULHA,EM FRENTE A RENAULT,IMBIRIBEIRA,,SUBURBIO,COLISÃO TRASEIRA,1,1,0,0,0,0,0,0,0,1,0,Longo da via,Chuvoso,,,Molhada,,Não existe,,,Dupla,,,
202214125,2022-06-20,,COM VÍTIMA,FINALIZADA,CAMPO GRANDE,AV GOVERNADOR AGAMENON MAGALHAES,,,LADO OPOSTO AO SHOPPING TACARUNA. FÁBRICA TACARUNA.,CAMPO GRANDE,,CIDADE,ATROPELAMENTO DE PESSOA,0,1,0,0,1,0,0,0,0,1,0,Longo da via,Bom,Não existe,Perfeito estado,Seca,Perfeito estado,Não existe,R-32,60 km/h,Dupla,Canteiro central,,
202214155,2022-06-20,,COM VÍTIMA,FINALIZADA,ESTÂNCIA,AV RECIFE,5520,,PROX. AO ARMAZEM CORAL SENT. BR. EM FRENTE A T e F DESIGN,ESTÂNCIA,,SUBURBIO,COLISÃO LATERAL,1,1,0,0,0,0,0,0,0,1,0,Longo da via,Bom,Não existe,Perfeito estado,Seca,Perfeito estado,Não existe,Não há placas,,Única,Faixa seccionada,,
202214173,2022-06-20,,SEM VÍTIMA,FINALIZADA,AREIAS,RUA HAVAI,,,EM FRENTE AO ATACADÃO,AREIAS,,CIDADE,COLISÃO FRONTAL,1,0,0,0,0,0,1,0,0,0,0,Longo da via,Bom,Não existe,Não existente,Seca,Perfeito estado,Não existe,Não há placas,,Dupla,Não existe,,
202214179,2022-06-20,,COM VÍTIMA,FINALIZADA,IPSEP,RUA HELIO BRANDAO,500,AV GENERAL BENTO DA GAMA,RUA GAL BENTO DA GAMA,IPSEP,,CIDADE,COLISÃO TRANSVERSAL,2,0,0,0,0,0,0,0,0,1,0,Cruzamento,Bom,Não existe,Perfeito estado,Seca,Perfeito estado,Faixa de retenção,"Placas ""Pare""",,Dupla,Faixa seccionada,,
202214206,2022-06-20,,SEM VÍTIMA,FINALIZADA,SÃO JOSÉ,AV SUL,,,AO LADO DO FORTE DAS CINCO PONTAS,SÃO JOSÉ,,,COLISÃO TRASEIRA,2,0,0,0,0,0,0,0,0,0,0,,,,,,,,,,,,,
202214220,2022-06-21,,COM VÍTIMA,FINALIZADA,BOA VIAGEM,RUA JOSE DA SILVA LUCENA,20,,EM FRENTE AO COLEGIO GGE - ACIDENTE ENVOLVENDO ORIENTADOR II  DA ARGUS THOMAZ EDSON  - COLABORADOR DA CTTU/RECIFE.,BOA VIAGEM,,SUBURBIO,COLISÃO LATERAL,1,1,0,0,0,0,0,0,0,1,0,Longo da via,Bom,Não existe,Perfeito estado,Seca,Perfeito estado,Faixa de pedestre,Outras,60 km/h,Dupla,Não existe,,
202214242,2022-06-21,,COM VÍTIMA,FINALIZADA,TOTÓ,AV LIBERDADE,612,EST DO CURADO,Depois da Loterica/ Em Frente a Barraca Tenda da Liberdade,TOTÓ,,CIDADE,COLISÃO TRANSVERSAL,1,1,0,0,0,0,0,0,0,2,0,Longo da via,Bom,Sem defeito,Não existente,Seca,Perfeito estado,Não existe,Não há placas,,Dupla,Não existe,,
202214267,2022-06-21,,COM VÍTIMA,FINALIZADA,BEBERIBE,AV BEBERIBE,,,ENTRE O CAMPO DO ARRUDA  EO ARMAZEM ACHAQUI,BEBERIBE,,,ATROPELAMENTO DE PESSOA,0,0,0,0,1,1,0,0,0,1,0,Longo da via,Bom,Não existe,Perfeito estado,Seca,Perfeito estado,Não existe,Não há placas,,Dupla,Faixa contínua,,
202214269,2022-06-21,,SEM VÍTIMA,FINALIZADA,JARDIM SÃO PAULO,AV LIBERDADE,525,,LOTERIA LIBERDADE,JARDIM SÃO PAULO,,,COLISÃO TRASEIRA,0,1,0,0,0,0,0,1,0,0,0,Longo da via,Bom,Não existe,Não existente,Seca,Mal conservada,Não existe,Não há placas,,Dupla,Não existe,,
202214271,2022-06-21,,SEM VÍTIMA,FINALIZADA,SANTO AMARO,RUA DR CARLOS CHAGAS,,AV JOAO DE BARROS,AO LADO DA CLÍNICA ODONTOLÓGICA CIA DO SORRISO,SANTO AMARO,,CIDADE,,1,0,0,0,0,0,0,1,0,0,0,,Bom,Não existe,Perfeito estado,Seca,Perfeito estado,Faixa de pedestre,,,Única,Faixa seccionada,,
202214289,2022-06-21,,COM VÍTIMA,FINALIZADA,TEJIPIÓ,AV DR JOSE RUFINO,3385,,EM FRENTE A ESCOLA EDWIGES DE SA PEREIRA E AO LADO DO ARMAZEM CORAL,TEJIPIÓ,,SUBURBIO,ATROPELAMENTO DE PESSOA,0,0,0,0,1,1,0,0,0,1,0,Longo da via,Bom,Não existe,Perfeito estado,Seca,Perfeito estado,Não existe,Não há placas,60 km/h,Dupla,Faixa contínua,,
202214292,2022-06-21,,COM VÍTIMA,FINALIZADA,ÁGUA FRIA,AV ANIBAL BENEVOLO,,,TERMINAL DE ÔNIBUS DO ALTO SANTA TERSINHA,ÁGUA FRIA,,,COLISÃO TRANSVERSAL,1,1,0,0,0,0,0,0,0,1,0,,,,,,,,,,,,,
202214296,2022-06-21,,COM VÍTIMA,FINALIZADA,IBURA,RUA RIO BRIGIDA,,,PRÓXIMO  AO SESI,IBURA,,,COLISÃO FRONTAL,0,2,0,0,0,0,0,0,0,1,0,,,,,,,,,,,,,
202214305,2022-06-22,,COM VÍTIMA,FINALIZADA,CIDADE UNIVERSITÁRIA,AV PROFESSOR LUIZ FREIRE,500,,EM FRENTE A ENTRADA PRINCPAL DO ESTACIONAMENTO DA UFPE. INSTITUTO FEDERAL DE PERNAMBUCO.,CIDADE UNIVERSITÁRIA,,SUBURBIO,COLISÃO LATERAL,1,1,0,0,0,0,0,0,0,1,0,Longo da via,Chuvoso,Não existe,Não existente,Molhada,Perfeito estado,Não existe,Não há placas,40 km/h,Dupla,Faixa seccionada,,
202214306,2022-06-22,,COM VÍTIMA,DUPLICIDADE,CURADO,AV PROFESSOR LUIZ FREIRE,500,,PROX AO INSTITUTO FEDERAL DA EDUCAÇÃO,CURADO,,,COLISÃO LATERAL,1,1,0,0,0,0,0,0,0,1,0,,,,,,,,,,,,,
202214309,2022-06-22,,SEM VÍTIMA,FINALIZADA,IPUTINGA,RUA SAO MATEUS,1160,,PRÓX. AO DEPÓSITO DOS CORREIOS,IPUTINGA,,,COLISÃO LATERAL,3,0,0,0,0,0,0,0,0,0,0,,,,,,,,,,,,,
202214319,2022-06-22,,COM VÍTIMA,FINALIZADA,SANTANA,RUA SANT'ANNA,136,RUA DONA ADA VIEIRA,EM FRENTE AO QUARTEL DA CPOR,SANTANA,,,COLISÃO TRANSVERSAL,2,0,0,0,0,0,0,0,0,1,0,Não informado,Chuvoso,Não existe,Perfeito estado,Molhada,Perfeito estado,,,,Dupla,,,
202214322,2022-06-22,,COM VÍTIMA,FINALIZADA,MADALENA,EST DOS REMEDIOS,401,RUA LOPES DE CARVALHO,,MADALENA,,CIDADE,COLISÃO TRANSVERSAL,1,1,0,0,0,0,0,0,0,1,0,Longo da via,Chuvoso,Não existe,Perfeito estado,Molhada,Perfeito estado,Não existe,Outras,,Única,Faixa seccionada,,
202214325,2022-06-22,,COM VÍTIMA,FINALIZADA,BOA VIAGEM,AV DES JOSE NEVES,,,"ENTRADA DO TÚNEL, LADO OPOSTO AO ATACADÃO",BOA VIAGEM,,CIDADE,COLISÃO TRASEIRA,2,0,0,0,0,0,0,0,0,1,0,Longo da via,Chuvoso,Não existe,Incompleta,Molhada,Mal conservada,Não existe,Não há placas,,Única,Faixa contínua,,
202214337,2022-06-22,,COM VÍTIMA,FINALIZADA,MADALENA,RUA JOSE OSORIO,464,,EM FRENTE A ZEUS MULTIMARCAS,MADALENA,,SUBURBIO,COLISÃO LATERAL,1,1,0,0,0,0,0,0,0,1,0,Longo da via,Chuvoso,Não existe,Perfeito estado,Molhada,Perfeito estado,Não existe,Não há placas,40 km/h,Dupla,Faixa contínua,,
202214339,2022-06-22,,SEM VÍTIMA,FINALIZADA,ARRUDA,AV PROFESSOR JOSE DOS ANJOS,,AV BEBERIBE,,ARRUDA,131,SUBURBIO,COLISÃO TRASEIRA,1,0,0,0,0,0,0,1,0,0,0,Cruzamento,Chuvoso,Sem defeito,Perfeito estado,Molhada,Perfeito estado,Faixa de pedestre,Outras,40 km/h,Dupla,Canteiro central,Canal,
202214341,2022-06-22,,COM VÍTIMA,FINALIZADA,TAMARINEIRA,RUA SEBASTIAO ALVES,73,,E/F AO COLEGIO MADRE DE DEUS,TAMARINEIRA,,,COLISÃO LATERAL,1,1,0,0,0,0,0,0,0,1,0,Longo da via,Chuvoso,Não existe,Perfeito estado,Molhada,Perfeito estado,Faixa de pedestre,R-34,,Única,Outros,,
202214346,2022-06-22,,COM VÍTIMA,FINALIZADA,IMBIRIBEIRA,AV PRESIDENTE DUTRA,,AV SENADOR ROBERT KENNEDY,PERTO DO SOL E BRASA. LADO OPOSTO À EQUIPADORA CARLOS FILM'S,IMBIRIBEIRA,,SUBURBIO,COLISÃO TRANSVERSAL,1,1,0,0,0,0,0,0,0,1,0,Cruzamento,Chuvoso,Sem defeito,Perfeito estado,Molhada,Perfeito estado,Faixa de pedestre,R-6a,,,Faixa seccionada,,
202214362,2022-06-22,,COM VÍTIMA,CANCELADA,TEJIPIÓ,AV DR JOSE RUFINO,,,EM FRENTE DO QUARTEL QUARTO BCOM,TEJIPIÓ,,,COLISÃO FRONTAL,1,1,0,0,0,0,0,0,0,1,0,,,,,,,,,,,,,
202214363,2022-06-22,,SEM VÍTIMA,FINALIZADA,AFOGADOS,RUA SAO MIGUEL,,,E/F AO ARMAZEM CORAL,AFOGADOS,,,COLISÃO FRONTAL,1,1,0,0,0,0,0,0,0,0,0,,,,,,,,,,,,,