Protocolo,data,hora,natureza,situacao,bairro,endereco,numero,detalhe_endereco_acidente,complemento,bairro_cruzamento,num_semaforo,sentido_via,tipo,auto,moto,ciclom,ciclista,pedestre,onibus,caminhao,viatura,outros,vitimas,vitimasfatais,acidente_verificado,tempo_clima,situacao_semaforo,sinalizacao,condicao_via,conservacao_via,ponto_controle,situacao_placa,velocidade_max_via,mao_direcao,divisao_via1,divisao_via2,divisao_via3
202214385,2022-06-22,,COM VÍTIMA,FINALIZADA,BOA VIAGEM,AV ENGENHEIRO DOMINGOS FERREIRA,107,RUA JOSE TRAJANO,AO LADO LABORATÓRIO EDMAR VICTO. ESCOLA DE GASTRONOMIA E CONFEITARIA.,BOA VIAGEM,,SUBURBIO,ATROPELAMENTO DE PESSOA,1,0,0,0,1,0,0,0,0,1,0,Longo da via,Chuvoso,Não existe,Perfeito estado,Molhada,Perfeito estado,Não existe,Não há placas,,Única,Faixa seccionada,,
202214390,2022-06-22,,COM VÍTIMA,FINALIZADA,GRAÇAS,PRC DO ENTRONCAMENTO,50,,LA LHAMBRA,GRAÇAS,,,COLISÃO COM CICLISTA,1,0,0,2,0,0,0,0,0,1,0,,,,,,,,,,,,,
202214406,2022-06-23,,COM VÍTIMA,FINALIZADA,BOA VIAGEM,AV BOA VIAGEM,5450,RUA PROFESSOR MARIO DE CASTRO,APÓS O PARQUE DONA LINDU,BOA VIAGEM,148,CIDADE,COLISÃO TRASEIRA,0,1,0,0,0,1,0,0,0,1,0,Longo da via,Bom,Sem defeito,Perfeito estado,Seca,Perfeito estado,Faixa de pedestre,Outras,60 km/h,Única,Faixa contínua,,
202214458,2022-06-23,,COM VÍTIMA,FINALIZADA,SÃO JOSÉ,TRV DO GASPAR,1600,,EM FRENTE A CIP MOTOS ROCAM,SÃO JOSÉ,,,CHOQUE,0,1,0,0,0,0,0,0,0,1,0,Longo da via,Bom,Não existe,Não existente,Molhada,Mal conservada,Não existe,Não há placas,,Dupla,Não existe,,
202214461,2022-06-23,,COM VÍTIMA,FINALIZADA,CAMPO GRANDE,EST DE BELEM,1335,RUA MARIO SETE,PROXIMA A IGREJA NOSSA SENHORA DO BOM PARTO,CAMPO GRANDE,,CIDADE,COLISÃO LATERAL,1,1,0,0,0,0,0,0,0,1,0,Cruzamento,Bom,Não existe,Perfeito estado,Seca,Perfeito estado,Não existe,Outras,,Dupla,Faixa contínua,,
202214462,2022-06-23,,COM VÍTIMA,FINALIZADA,AREIAS,RUA JORNALISTA VILMA LESSA,875,,Flesh Hamburgueria,AREIAS,,SUBURBIO,COLISÃO TRANSVERSAL,1,1,0,0,0,0,0,0,0,1,0,Cruzamento,Bom,Não existe,Não existente,Seca,Mal conservada,Não existe,Não há placas,30 km/h,Dupla,Não existe,,
202214464,2022-06-23,,SEM VÍTIMA,CANCELADA,CORDEIRO,RUA GOMES TABORDA,,,BAR VAPOR 82,CORDEIRO,,,CHOQUE,2,0,0,0,0,0,0,0,0,0,0,,,,,,,,,,,,,
202214472,2022-06-24,,COM VÍTIMA,FINALIZADA,BAIRRO DO RECIFE,PTE GIRATORIA,,,,BAIRRO DO RECIFE,,SUBURBIO,QUEDA,0,1,0,0,0,0,0,0,0,1,0,Ponte,Chuvoso,Não existe,Não existente,Oleosa,Perfeito estado,Não existe,Não há placas,,Dupla,Canteiro central,,
202214484,2022-06-24,,COM VÍTIMA,FINALIZADA,CAMPO GRANDE,RUA HERMILIO GOMES,225,RUA PROFESSOR FRANCISCO DA TRINDADE,NA RUA DO POSTO DE GASOLINA TOTAL,CAMPO GRANDE,,,COLISÃO TRANSVERSAL,1,1,0,0,0,0,0,0,0,1,0,Esquina,Chuvoso,Não existe,Não existente,Molhada,Perfeito estado,Não existe,Não há placas,,Dupla,Não existe,,
202214489,2022-06-24,,SEM VÍTIMA,FINALIZADA,IPUTINGA,AV PROFESSOR MORAES REGO,,RUA LAGO VERDE,APÓS O MOTEL EROS,IPUTINGA,,SUBURBIO,COLISÃO TRASEIRA,0,2,0,0,0,0,0,0,0,0,0,Longo da via,Bom,Não existe,Perfeito estado,Seca,Perfeito estado,Não existe,Não há placas,,Única,Faixa seccionada,,
202214503,2022-06-25,,COM VÍTIMA,FINALIZADA,MADALENA,AV VISCONDE DE ALBUQUERQUE,401,RUA LOPES DE CARVALHO,EM FRENTE A GALERIA MADALENA CENTER,MADALENA,,SUBURBIO,COLISÃO LATERAL,1,1,0,0,0,0,0,0,0,2,0,Cruzamento,Bom,Não existe,Perfeito estado,Seca,Perfeito estado,Não existe,"Placas ""Pare""",60 km/h,Única,Faixa contínua,Faixa seccionada,
202214511,2022-06-25,,SEM VÍTIMA,FINALIZADA,BAIRRO DO RECIFE,CAIS DO APOLO,,PTE BUARQUE DE MACEDO,BANCO DO BRASIL,BAIRRO DO RECIFE,19,SUBURBIO,,2,0,0,0,0,0,0,0,0,0,0,Longo da via,Bom,Sem defeito,Perfeito estado,Seca,Perfeito estado,Faixa de pedestre,R-6a,,Dupla,Faixa seccionada,Canteiro central,
202214515,2022-06-25,,COM VÍTIMA,FINALIZADA,IMBIRIBEIRA,RUA ITACARI,299,RUA ITAJAI,LOJA INOVE,IMBIRIBEIRA,,,COLISÃO TRANSVERSAL,1,1,0,0,0,0,0,0,0,1,0,Cruzamento,Bom,Não existe,Perfeito estado,Seca,Perfeito estado,Faixa de pedestre,,,Única,Faixa seccionada,,
202214524,2022-06-25,,COM VÍTIMA,FINALIZADA,DERBY,AV GOVERNADOR AGAMENON MAGALHAES,,RUA HENRIQUE DIAS,VT 10 NO LOCAL GM JACKSON NO LOCAL,DERBY,68,SUBURBIO,COLISÃO LATERAL,1,1,0,0,0,0,0,0,0,1,0,Cruzamento,Bom,Sem defeito,Perfeito estado,Seca,Perfeito estado,Não existe,Outras,60 km/h,Única,Faixa seccionada,,
202214537,2022-06-25,,SEM VÍTIMA,CANCELADA,ESPINHEIRO,AV JOAO DE BARROS,,,RUA 48 NA FRENTE DO PRIMEIRO GERIS,ESPINHEIRO,,,COLISÃO TRASEIRA,2,0,0,0,0,0,0,0,0,0,0,,,,,,,,,,,,,
202214538,2022-06-25,,COM VÍTIMA,FINALIZADA,TORRE,RUA JOSE BONIFACIO,,RUA MARCOS ANDRE,AO LADO DO CARREFUR,TORRE,,CIDADE,ATROPELAMENTO DE PESSOA,0,1,0,0,1,0,0,0,0,1,0,Longo da via,Bom,Não existe,Perfeito estado,Seca,Perfeito estado,Não existe,Não há placas,,Dupla,Canteiro central,,
202214539,2022-06-25,,COM VÍTIMA,FINALIZADA,AREIAS,AV TENENTE FELIPE BANDEIRA DE MELO,97,RUA ANTONIO PINHEIRO,EM FRENTE A ESQUINA DO MALTE,AREIAS,,SUBURBIO,COLISÃO COM CICLISTA,1,0,0,1,0,0,0,0,0,1,0,Longo da via,Bom,,,Seca,Perfeito estado,,,,Dupla,Não existe,,
202214550,2022-06-26,,COM VÍTIMA,FINALIZADA,BOA VISTA,AV JOAO DE BARROS,594,RUA DR LEOPOLDO LINS,PROX A FACULDADE DE DIREITO SOPETE,BOA VISTA,198,SUBURBIO,COLISÃO LATERAL,1,1,0,0,0,0,0,0,0,1,0,Esquina,Bom,Sem defeito,Perfeito estado,Seca,Perfeito estado,Faixa de pedestre,Outras,,Única,Faixa contínua,Faixa seccionada,
202214552,2022-06-26,,COM VÍTIMA,FINALIZADA,AREIAS,AV DR JOSE RUFINO,955,,EM FRENTE A HONDA,AREIAS,,CIDADE,COLISÃO FRONTAL,1,1,0,0,0,0,0,0,0,1,0,Longo da via,Bom,Não existe,Perfeito estado,Seca,Perfeito estado,Não existe,Não há placas,50 km/h,Dupla,Faixa contínua,,
202214574,2022-06-26,,COM VÍTIMA,FINALIZADA,AFOGADOS,RUA COSME VIANA,215,RUA CORONEL ALFREDO DUARTE,DE FRENTE AO BAR LÉO CHOPP,AFOGADOS,430,SUBURBIO,COLISÃO TRANSVERSAL,2,0,0,0,0,0,0,0,0,1,0,Cruzamento,Bom,Sem defeito,Perfeito estado,Seca,Perfeito estado,Faixa de pedestre,Outras,,Única,Faixa contínua,,
202214576,2022-06-27,,COM VÍTIMA,FINALIZADA,SANTO AMARO,AV CRUZ CABUGA,1200,,EM FRENTE AO HOSPITAL NAVAL E AO DER,SANTO AMARO,,,COLISÃO TRASEIRA,1,1,0,0,0,0,0,0,0,1,0,,,,,,,,,,,,,
202214579,2022-06-27,,COM VÍTIMA,FINALIZADA,DOIS IRMÃOS,RUA DE APIPUCOS,223,,LADO OPOSTO A ASSOCIAÇÃO BRASILEIRA DE ODONTOLOGIA,DOIS IRMÃOS,,CIDADE,COLISÃO LATERAL,1,1,0,0,0,0,0,0,0,2,0,Longo da via,Chuvoso,Não existe,Perfeito estado,Molhada,Perfeito estado,Outros,R-6a,,Dupla,Faixa contínua,Faixa seccionada,
202214586,2022-06-27,,COM VÍTIMA,FINALIZADA,CORDEIRO,AV PROFESSOR ESTEVAO FRANCISCO DA COSTA,257,RUA ODETE MONTEIRO,EM FRENTE AO POSTO DE GASOLINA PETROCAL,CORDEIRO,589,SUBURBIO,COLISÃO FRONTAL,1,1,0,0,0,0,0,0,0,1,0,Cruzamento,Chuvoso,Com defeito,Perfeito estado,Molhada,Perfeito estado,Faixa de pedestre,Não há placas,,Dupla,Canteiro central,,
202214589,2022-06-27,,COM VÍTIMA,FINALIZADA,AREIAS,AV DR JOSE RUFINO,885,,EM FRENTE A HONDA,AREIAS,,CIDADE,ATROPELAMENTO DE PESSOA,0,1,0,0,1,0,0,0,0,1,0,Longo da via,Bom,Não existe,Perfeito estado,Seca,Perfeito estado,Faixa de pedestre,Não há placas,50 km/h,Dupla,Faixa contínua,,
202214591,2022-06-27,,COM VÍTIMA,FINALIZADA,JIQUIÁ,AV DR JOSE RUFINO,2181,,PONTE DO IOLANDA,JIQUIÁ,,CIDADE,COLISÃO COM CICLISTA,1,0,0,1,0,0,0,0,0,1,0,Ponte,Bom,Não existe,Perfeito estado,Seca,Perfeito estado,Não existe,R-6a,60 km/h,Dupla,Faixa seccionada,,
202214595,2022-06-27,,COM VÍTIMA,FINALIZADA,ESTÂNCIA,AV DR JOSE RUFINO,860,,HONDA,ESTÂNCIA,,,ATROPELAMENTO DE PESSOA,0,1,0,0,1,0,0,0,0,1,0,,,,,,,,,,,,,
202214596,2022-06-27,,VÍTIMA FATAL,FINALIZADA,BOA VIAGEM,AV CONSELHEIRO AGUIAR,680,RUA VICENCIA,,BOA VIAGEM,,CIDADE,ATROPELAMENTO DE PESSOA,0,0,0,0,1,1,0,0,0,0,1,Longo da via,Bom,Não existe,Perfeito estado,Seca,Perfeito estado,Não existe,Outras,,Única,Faixa seccionada,,
202214607,2022-06-27,,SEM VÍTIMA,FINALIZADA,BOA VIAGEM,RUA DR NYLO DORNELLAS CAMARA,,,AO LADO DA PRAÇA DE BOA VIAGEM,BOA VIAGEM,,CIDADE,TOMBAMENTO,0,1,0,0,0,0,0,0,0,0,0,Longo da via,Bom,Não existe,Perfeito estado,Seca,Perfeito estado,Agente,Outras,30 km/h,Única,Não existe,,
202214615,2022-06-27,,COM VÍTIMA,FINALIZADA,MACAXEIRA,AV NORTE MIGUEL ARRAES DE ALENCAR,7819,,PRÓXIMO AO PARQUE DA MACAXEIRA,MACAXEIRA,,CIDADE,ATROPELAMENTO DE PESSOA,0,1,0,0,1,0,0,0,0,3,0,Longo da via,Bom,Não existe,,Seca,Mal conservada,Outros,Outras,,Dupla,Canteiro central,,
202214616,2022-06-27,,SEM VÍTIMA,FINALIZADA,BOA VIAGEM,RUA BARAO DE SOUZA LEAO,418,,EM FRENTE AO BANCO DO BRASIL,BOA VIAGEM,,SUBURBIO,COLISÃO TRASEIRA,2,0,0,0,0,0,0,0,0,0,0,Longo da via,Bom,Não existe,Perfeito estado,Seca,Perfeito estado,Não existe,R-6a,,Única,Faixa seccionada,,
202214651,2022-06-27,,COM VÍTIMA,FINALIZADA,FUNDÃO,AV BEBERIBE,2475,,Em frente a AutoEscola Piloto,FUNDÃO,,CIDADE,COLISÃO TRANSVERSAL,1,1,0,0,0,0,0,0,0,2,0,Longo da via,Chuvoso,Não existe,Perfeito estado,Molhada,Perfeito estado,Não existe,Não há placas,,Dupla,Faixa contínua,Faixa seccionada,
202214667,2022-06-27,,COM VÍTIMA,FINALIZADA,DERBY,RUA JENER DE SOUZA,372,RUA FELICIANO GOMES,EM FRENTE AO LABORATÓRIO CERPE,DERBY,,SUBURBIO,COLISÃO TRANSVERSAL,2,0,0,0,0,0,0,0,0,2,0,Longo da via,Chuvoso,,Perfeito estado,Molhada,Perfeito estado,Não existe,,,Dupla,Não existe,,
202214672,2022-06-27,,COM VÍTIMA,FINALIZADA,IPUTINGA,AV MAURICIO DE NASSAU,433,,PRÓXIMO AO GOE,IPUTINGA,,SUBURBIO,CHOQUE,1,0,0,0,0,0,0,0,0,2,0,Longo da via,Chuvoso,Não existe,Perfeito estado,Molhada,Perfeito estado,Não existe,Não há placas,60 km/h,Única,Faixa seccionada,,
202214724,2022-06-28,,COM VÍTIMA,FINALIZADA,DERBY,PRC DO DERBY,,,Na parada do Brt da Praça do Derby,DERBY,75,SUBURBIO,ATROPELAMENTO DE PESSOA,1,0,0,0,1,0,0,0,0,1,0,Longo da via,Bom,Sem defeito,Perfeito estado,Seca,Perfeito estado,Agente,R-6c,,Única,Faixa seccionada,,
202214736,2022-06-28,,SEM VÍTIMA,FINALIZADA,DERBY,PRC DO DERBY,,RUA JENER DE SOUZA,,DERBY,678,SUBURBIO,,1,0,0,0,0,1,0,0,0,0,0,Cruzamento,Bom,Sem defeito,Perfeito estado,Seca,Perfeito estado,Faixa de pedestre,R-6a,,Dupla,Canteiro central,,
202214746,2022-06-28,,COM VÍTIMA,FINALIZADA,APIPUCOS,RUA DOIS IRMAOS,,,Em frente ao Decimo Primeiro Batalhão da Policia Militar,APIPUCOS,,,COLISÃO FRONTAL,0,2,0,0,0,0,0,0,0,2,0,Longo da via,Bom,Não existe,Perfeito estado,Seca,Perfeito estado,Não existe,R-6a,,Dupla,Faixa contínua,,
202214750,2022-06-28,,COM VÍTIMA,FINALIZADA,ILHA JOANA BEZERRA,AV DES GUERRA BARRETO,,VIADUTO CAPITAO TEMUDO,NA ESQUINA DO FORUM DE JUSTIÇA,ILHA JOANA BEZERRA,,CIDADE,COLISÃO LATERAL,1,1,0,0,0,0,0,0,0,1,0,Longo da via,Chuvoso,Não existe,Perfeito estado,Molhada,Mal conservada,Não existe,Não há placas,,Única,Não existe,,
202214764,2022-06-28,,COM VÍTIMA,FINALIZADA,BOA VIAGEM,AV BOA VIAGEM,4632,,PROXIMO AO ANTIGO CASTELINHO,BOA VIAGEM,,CIDADE,COLISÃO TRASEIRA,1,1,0,0,0,0,0,0,0,1,0,Longo da via,Chuvoso,Não existe,Perfeito estado,Molhada,Perfeito estado,Não existe,Outras,,Única,Faixa seccionada,,
202214793,2022-06-29,,COM VÍTIMA,FINALIZADA,BOA VIAGEM,AVENIDA CELSO FURTADO (VIA MANGUE),,,PROX AS ESCULTURAS DE BRENNAND,BOA VIAGEM,,SUBURBIO,COLISÃO TRASEIRA,1,1,0,0,0,0,0,0,0,1,0,Longo da via,Bom,Não existe,Perfeito estado,Seca,Perfeito estado,Não existe,Outras,60 km/h,Única,Faixa contínua,,
202214807,2022-06-29,,COM VÍTIMA,FINALIZADA,SANTO AMARO,VIADUTO CAPITAO TEMUDO,,AV GOVERNADOR AGAMENON MAGALHAES,ESTAÇÃO JOANA BEZERRA,SANTO AMARO,,,COLISÃO TRASEIRA,1,1,0,0,0,0,0,0,0,1,0,Viaduto,Bom,Não existe,Perfeito estado,Seca,Perfeito estado,Não existe,,,Dupla,Faixa seccionada,Canteiro central,Blocos
202214810,2022-06-29,,COM VÍTIMA,FINALIZADA,SANTO AMARO,AV CRUZ CABUGA,,,ENFRENTE A SANTA CASA DE MISERICÓRDIA  NA AVENIDA CRUZ CABUGÁ,SANTO AMARO,344,CIDADE,QUEDA,0,1,0,0,0,0,0,0,0,1,0,Longo da via,Bom,Sem defeito,Perfeito estado,Seca,Perfeito estado,Faixa de pedestre,Não há placas,60 km/h,Dupla,Faixa contínua,,
202214839,2022-06-29,,COM VÍTIMA,FINALIZADA,SANTO AMARO,AV CRUZ CABUGA,,,EM FRENTE A CORAL,SANTO AMARO,457,SUBURBIO,COLISÃO TRASEIRA,0,1,0,0,0,1,0,0,0,2,0,Longo da via,Chuvoso,Sem defeito,Perfeito estado,Molhada,Perfeito estado,Faixa de pedestre,Não há placas,,Dupla,Faixa seccionada,Canteiro central,
202214849,2022-06-29,,COM VÍTIMA,FINALIZADA,BOA VISTA,RUA PRINCESA IZABEL,,RUA DA SAUDADE,PRÓXIMO AO PARQUE 13 DE MAIO,BOA VISTA,168,SUBURBIO,ATROPELAMENTO DE PESSOA,1,0,0,0,1,0,0,0,0,1,0,Cruzamento,Chuvoso,Sem defeito,Perfeito estado,Molhada,Perfeito estado,Faixa de pedestre,Não há placas,,Única,Faixa contínua,,
202214850,2022-06-29,,COM VÍTIMA,FINALIZADA,SAN MARTIN,AV GENERAL SAN MARTIN,,,EM FRENTE A IGREJA ADVENTISTA,SAN MARTIN,371,CIDADE,COLISÃO LATERAL,1,1,0,0,0,0,0,0,0,1,0,Longo da via,Chuvoso,Sem defeito,Perfeito estado,Molhada,Perfeito estado,Não existe,Outras,30 km/h,,Faixa seccionada,,
202214902,2022-06-30,,SEM VÍTIMA,FINALIZADA,IMBIRIBEIRA,AV GENERAL MAC ARTHUR,2809,AV MARECHAL MASCARENHAS DE MORAES,,IMBIRIBEIRA,225,SUBURBIO,,1,0,0,0,0,0,1,0,0,0,0,Cruzamento,Bom,Sem defeito,Incompleta,Seca,Perfeito estado,,,40 km/h,Única,Não existe,,
202214911,2022-06-30,,COM VÍTIMA,FINALIZADA,AFOGADOS,EST DOS REMEDIOS,,,EM FRENTE AO SUPERMERCADO TODO DIA,AFOGADOS,,,COLISÃO LATERAL,1,1,0,0,0,0,0,0,0,1,0,,,,,,,,,,,,,
202214912,2022-06-30,,COM VÍTIMA,FINALIZADA,DERBY,AV RUI BARBOSA,,AV GOVERNADOR AGAMENON MAGALHAES,EM FRENTE AO SEMAFORO 37,DERBY,37,SUBURBIO,ATROPELAMENTO DE PESSOA,0,1,0,0,1,0,0,0,0,1,0,Cruzamento,Bom,Sem defeito,Perfeito estado,Seca,Perfeito estado,Faixa de pedestre,,60 km/h,Única,Canteiro central,,
202214918,2022-06-30,,VÍTIMA FATAL,FINALIZADA,ESPINHEIRO,RUA SANTO ELIAS,,RUA DA HORA,E/F ASSISTENCIA TECNICA IPHONE  SERVICE,ESPINHEIRO,,CIDADE,CHOQUE,0,1,0,0,0,0,0,0,0,0,1,Cruzamento,Bom,Não existe,Perfeito estado,Seca,Perfeito estado,Faixa de pedestre,Outras,40 km/h,Única,Não existe,,
202214920,2022-06-30,,COM VÍTIMA,FINALIZADA,SANTO AMARO,AV GOVERNADOR AGAMENON MAGALHAES,,,PROX A REITORIA DA UPE,SANTO AMARO,465,,COLISÃO LATERAL,1,1,0,0,0,0,0,0,0,2,0,Cruzamento,Bom,Com defeito,Perfeito estado,Seca,Perfeito estado,Faixa de pedestre,Outras,60 km/h,Única,Faixa contínua,,
202214923,2022-06-30,,COM VÍTIMA,FINALIZADA,SANTO AMARO,VDO INDEPENDENCIA,,,SENTIDO OLINDA,SANTO AMARO,,SUBURBIO,QUEDA,0,1,0,0,0,0,0,0,0,1,0,Viaduto,Bom,Não existe,Perfeito estado,Seca,Perfeito estado,Não existe,Não há placas,60 km/h,Dupla,Canal,,
202214925,2022-06-30,,COM VÍTIMA,FINALIZADA,IMBIRIBEIRA,AV GENERAL MAC ARTHUR,1623,,EM FRENTE AO RESIDENCIAL LEPARC,IMBIRIBEIRA,,SUBURBIO,COLISÃO TRASEIRA,1,1,0,0,0,0,0,0,0,1,0,Longo da via,Bom,Não existe,Perfeito estado,Seca,Perfeito estado,,,,,,,
202214958,2022-07-01,,COM VÍTIMA,FINALIZADA,BOA VIAGEM,AV BOA VIAGEM,6234,,PROXIMO AO PARQUE DONA LINDU,BOA VIAGEM,,CIDADE,CHOQUE,2,0,0,0,0,0,0,0,0,1,0,Longo da via,Bom,Não existe,Perfeito estado,Seca,Perfeito estado,Não existe,R-6b,60 km/h,Única,Faixa seccionada,,
202214959,2022-07-01,,SEM VÍTIMA,FINALIZADA,PINA,AV HERCULANO BANDEIRA,,,EM FRENTE AO ATACADO DOS PRESENTES,PINA,,,COLISÃO TRANSVERSAL,2,0,0,0,0,0,0,0,0,0,0,,,,,,,,,,,,,
202214979,2022-07-01,,COM VÍTIMA,FINALIZADA,SANTO AMARO,AV CRUZ CABUGA,,AV DR JAYME DA FONTE,,SANTO AMARO,,,COLISÃO LATERAL,1,1,0,0,0,0,0,0,0,1,0,,,,,,,,,,,,,
202215019,2022-07-01,,COM VÍTIMA,FINALIZADA,CORDEIRO,AV CAXANGA,1319,,EM FRENTE AO BRADESCO,CORDEIRO,80,CIDADE,COLISÃO COM CICLISTA,0,0,0,1,0,1,0,0,0,1,0,Longo da via,Bom,Sem defeito,Perfeito estado,Seca,Perfeito estado,Não existe,,,Dupla,Faixa contínua,Faixa seccionada,Canteiro central
202215027,2022-07-01,,COM VÍTIMA,FINALIZADA,TORRE,RUA JOSE BONIFACIO,964,RUA DEMOSTENES DE OLINDA,EM FRENTE AO POSTO IPIRANGA,TORRE,576,SUBURBIO,COLISÃO TRANSVERSAL,1,1,0,0,0,0,0,0,0,1,0,Cruzamento,Bom,Sem defeito,Perfeito estado,Seca,Perfeito estado,Faixa de pedestre,Não há placas,40 km/h,Única,Faixa seccionada,,
202215029,2022-07-01,,COM VÍTIMA,FINALIZADA,JOANA BEZERRA,AV MARTIN LUTHER KING,,,AO LADO DA ACADEMIA DA CIDADE,JOANA BEZERRA,,,COLISÃO COM CICLISTA,1,0,0,1,0,0,0,0,0,1,0,,,,,,,,,,,,,
202215030,2022-07-01,,COM VÍTIMA,FINALIZADA,AFOGADOS,EST DOS REMEDIOS,161,RUA DO ACRE,EM FRENTE AO SUPERMERCADO TODO DIA,AFOGADOS,,SUBURBIO,COLISÃO LATERAL,1,1,0,0,0,0,0,0,0,1,0,Cruzamento,Bom,Não existe,Perfeito estado,Seca,Perfeito estado,Faixa de pedestre,Não há placas,,Dupla,Faixa contínua,,
202215034,2022-07-01,,COM VÍTIMA,FINALIZADA,IBURA,AV SANTA FE,127,AV GUARAPUAVA,"PROXIMO AO POSTO DE SAÚDE, COLISÃO COM VITIMA, KGG3947 LOGAN/ RVJ3I82 MOTO",IBURA,,SUBURBIO,COLISÃO FRONTAL,1,1,0,0,0,0,0,0,0,1,0,Cruzamento,Bom,Não existe,Perfeito estado,Seca,Perfeito estado,Não existe,Outras,30 km/h,Dupla,Faixa seccionada,,
202215041,2022-07-01,,COM VÍTIMA,FINALIZADA,SÃO JOSÉ,PTE JOAQUIM CARDOSO,,RUA FRANCISCO ALVES,PROXIMO AO IMIP,SÃO JOSÉ,,SUBURBIO,COLISÃO LATERAL,0,1,0,0,0,0,0,1,0,2,0,Longo da via,Bom,Não existe,Perfeito estado,Seca,Perfeito estado,Não existe,Não há placas,,Única,Faixa seccionada,,
202215043,2022-07-01,,COM VÍTIMA,FINALIZADA,CASA AMARELA,RUA CONS NABUCO,178,RUA EVARISTO DA VEIGA,"EM FRENTE A BROTHER BARBEARIA,  CENTER SALES NEVES",CASA AMARELA,,,COLISÃO FRONTAL,1,1,0,0,0,0,0,0,0,1,0,Esquina,Bom,Não existe,Incompleta,Seca,Perfeito estado,Não existe,Não há placas,,Dupla,Não existe,,
202215045,2022-07-01,,COM VÍTIMA,FINALIZADA,TOTÓ,AV LIBERDADE,37A,,EM FRENTE AO CEMITERIO PARQUE DAS FLORES,TOTÓ,,SUBURBIO,COLISÃO LATERAL,1,1,0,0,0,0,0,0,0,1,0,Longo da via,Bom,Não existe,Perfeito estado,Seca,Perfeito estado,Não existe,,,Dupla,Faixa contínua,,
202215054,2022-07-01,,COM VÍTIMA,FINALIZADA,IPUTINGA,AV CAXANGA,3372,,EM FRENTE AO BANCO SANTANDER -  PRÓXIMO AO ELEVADO,IPUTINGA,,SUBURBIO,COLISÃO TRANSVERSAL,1,1,0,0,0,0,0,0,0,2,0,Longo da via,Bom,Não existe,Perfeito estado,Seca,Perfeito estado,Não existe,Não há placas,,Dupla,Faixa seccionada,Canteiro central,
202215055,2022-07-01,,COM VÍTIMA,FINALIZADA,ENCRUZILHADA,RUA DONA ELVIRA,,RUA DA CORAGEM,PRÓXIMO A QUITANDARIA NA ESTRADA DE BELÉM,ENCRUZILHADA,,CIDADE,COLISÃO TRANSVERSAL,1,1,0,0,0,0,0,0,0,2,0,Cruzamento,Bom,Não existe,Perfeito estado,Seca,Perfeito estado,Faixa de retenção,"Placas ""Pare""",,Dupla,Não existe,,
202215056,2022-07-01,,COM VÍTIMA,FINALIZADA,IMBIRIBEIRA,AV GENERAL MAC ARTHUR,,AV DOM JOAO VI,PRÓXIMO AO LE PARC,IMBIRIBEIRA,,SUBURBIO,COLISÃO COM CICLISTA,1,0,0,1,0,0,0,0,0,1,0,Esquina,Bom,Não existe,Perfeito estado,Seca,Perfeito estado,Não existe,"Placas ""Pare""",,Única,Faixa seccionada,,
202215075,2022-07-02,,SEM VÍTIMA,FINALIZADA,DOIS UNIDOS,AV HILDEBRANDO DE VASCONCELOS,,,HA CEM METROS DO CANIL DA POLICIA MILITAR,DOIS UNIDOS,,,CAPOTAMENTO,1,0,0,0,0,0,0,0,0,0,0,,,,,,,,,,,,,
202215092,2022-07-02,,COM VÍTIMA,FINALIZADA,ESTÂNCIA,AV RECIFE,5705,RUA LAURA BANDEIRA DE MELO,EM FRENTE À LOJA O BARATÃO DAS EMBALAGENS,ESTÂNCIA,705,,COLISÃO LATERAL,1,1,0,0,0,0,0,0,0,1,0,,,,,,,,,,,,,
202215122,2022-07-02,,COM VÍTIMA,FINALIZADA,VÁRZEA,AV CAXANGA,,,PERTO DA UPA DA CAXANGA,VÁRZEA,,CIDADE,COLISÃO TRASEIRA,2,0,0,0,0,0,0,0,0,1,0,Ponte,Nublado,Não existe,Perfeito estado,Molhada,Perfeito estado,Não existe,Não há placas,,Dupla,Canteiro central,,
202215194,2022-07-03,,SEM VÍTIMA,FINALIZADA,CASA AMARELA,EST DO ARRAIAL,3087,1TR ARNOLDO MAGALHAES,"AO LADO DO CONDOMÍNIO VAN GOGH , VEÍCULO SE CHOCOU EM MOTOCICLETA MT-05 VIATURA OFICIAL DA CTTU PLACA  PCO-5977 QUE ESTAVA ESTACIONADA COM AGENTE EM MONITORAMENTO NAS PROXIMIDADES DO EVENDO SÃO JOÃO DO SITIO DA TRINDADE.",CASA AMARELA,,SUBURBIO,CHOQUE,1,1,0,0,0,0,0,1,0,0,0,Longo da via,Chuvoso,Não existe,Perfeito estado,Molhada,Perfeito estado,Não existe,Não há placas,,Única,Não existe,,
202215209,2022-07-04,,COM VÍTIMA,FINALIZADA,BONGI,AV GENERAL SAN MARTIN,1083,,PRÓXIMO AOS CORREIOS,BONGI,,SUBURBIO,COLISÃO FRONTAL,1,0,0,0,0,0,1,0,0,1,0,Longo da via,Chuvoso,Não existe,Perfeito estado,Molhada,Perfeito estado,Não existe,R-6a,,Dupla,Faixa contínua,,
202215222,2022-07-04,,COM VÍTIMA,FINALIZADA,BOA VIAGEM,AV BOA VIAGEM,,AV ARMINDO MOURA,,BOA VIAGEM,84,,COLISÃO TRASEIRA,1,1,0,0,0,0,0,0,0,1,0,,,,,,,,,,,,,