Protocolo,data,hora,natureza,situacao,bairro,endereco,numero,detalhe_endereco_acidente,complemento,bairro_cruzamento,num_semaforo,sentido_via,tipo,auto,moto,ciclom,ciclista,pedestre,onibus,caminhao,viatura,outros,vitimas,vitimasfatais,acidente_verificado,tempo_clima,situacao_semaforo,sinalizacao,condicao_via,conservacao_via,ponto_controle,situacao_placa,velocidade_max_via,mao_direcao,divisao_via1,divisao_via2,divisao_via3
202215227,2022-07-04,,SEM VÍTIMA,FINALIZADA,DOIS UNIDOS,AV HILDEBRANDO DE VASCONCELOS,,,AO LADO DO CIP CAES,DOIS UNIDOS,,SUBURBIO,CAPOTAMENTO,1,0,0,0,0,0,0,0,0,0,0,Longo da via,Chuvoso,Não existe,Incompleta,Molhada,Perfeito estado,Não existe,,,Dupla,Não existe,,
202215230,2022-07-04,,COM VÍTIMA,FINALIZADA,IPSEP,RUA JEAN EMILE FAVRE,,RUA PAMPULHA,PRAÇA DA MAURICEA,IPSEP,564,SUBURBIO,COLISÃO TRANSVERSAL,1,1,0,0,0,0,0,0,0,1,0,Cruzamento,Chuvoso,Sem defeito,Perfeito estado,Molhada,,Faixa de pedestre,R-4a,40 km/h,Dupla,Faixa contínua,,
202215250,2022-07-04,,COM VÍTIMA,FINALIZADA,GUABIRABA,AV VEREADOR OTACILIO AZEVEDO,30,,TERMINAL DO ÔNIBUS GLOBO,GUABIRABA,,,COLISÃO LATERAL,1,1,0,0,0,0,0,0,0,1,0,,,,,,,,,,,,,
202215292,2022-07-05,,SEM VÍTIMA,FINALIZADA,ENCRUZILHADA,AV BEBERIBE,484,RUA PROFESSOR JERONIMO GUEIROS,LADO OPOSTO AO 484,ENCRUZILHADA,,CIDADE,CHOQUE,0,0,0,0,0,0,0,1,0,0,0,Longo da via,Chuvoso,Sem defeito,Perfeito estado,Molhada,Perfeito estado,Outros,Outras,,Dupla,Faixa contínua,,
202215303,2022-07-05,,SEM VÍTIMA,FINALIZADA,SANTO AMARO,AV GOVERNADOR AGAMENON MAGALHAES,,,EM FRENTE A ANTIGA FÁBRICA DO TACARUNA,SANTO AMARO,,CIDADE,,0,1,0,0,0,0,0,1,0,0,0,Longo da via,Bom,Não existe,Perfeito estado,Seca,Perfeito estado,Não existe,Não há placas,60 km/h,Única,Não existe,,
202215304,2022-07-05,,VÍTIMA FATAL,FINALIZADA,IPUTINGA,AV CAXANGA,,,"PROXIMO Estação BRT  BR 101 , ACIDENTE COM VÍTIMA FATAL , CAMINHÃO SE EVADIU.",IPUTINGA,269,SUBURBIO,ATROPELAMENTO DE PESSOA,0,0,0,0,1,0,1,0,0,0,1,Longo da via,Bom,Sem defeito,Perfeito estado,Seca,Perfeito estado,Faixa de pedestre,Não há placas,60 km/h,Dupla,Canteiro central,Outros,
202215323,2022-07-05,,COM VÍTIMA,FINALIZADA,SAN MARTIN,AV GENERAL SAN MARTIN,1864,,PRAÇA DE EVENTOS,SAN MARTIN,,CIDADE,COLISÃO LATERAL,1,1,0,0,0,0,0,0,0,1,0,Longo da via,Bom,Não existe,Perfeito estado,Seca,Perfeito estado,Não existe,Não há placas,40 km/h,Dupla,Faixa contínua,,
202215325,2022-07-05,,SEM VÍTIMA,FINALIZADA,JAQUEIRA,AV RUI BARBOSA,,,PARQUE DA JAQUEIRA,JAQUEIRA,,CIDADE,COLISÃO TRASEIRA,1,0,0,0,0,0,0,1,0,0,0,Longo da via,Bom,Não existe,Perfeito estado,Seca,Perfeito estado,Não existe,Não há placas,,Única,Não existe,,
202215329,2022-07-05,,COM VÍTIMA,CANCELADA,APIPUCOS,RUA DE APIPUCOS,355,,EM FRENTE À PIZZARIA STUPENDA MASSAS,APIPUCOS,,,COLISÃO LATERAL,1,1,0,0,0,0,0,0,0,1,0,,,,,,,,,,,,,
202215342,2022-07-05,,COM VÍTIMA,FINALIZADA,IMBIRIBEIRA,AV MARECHAL MASCARENHAS DE MORAES,4223,,LOGO APÓS O VIADUTO TANCREDO NEVES,IMBIRIBEIRA,,CIDADE,COLISÃO TRASEIRA,1,1,0,0,0,0,0,0,0,1,0,Longo da via,Bom,Não existe,Perfeito estado,Seca,Perfeito estado,Não existe,Não há placas,,Única,Faixa seccionada,,
202215349,2022-07-05,,COM VÍTIMA,FINALIZADA,IMBIRIBEIRA,RUA ITACARI,162,RUA ITAJAI,PROXIMO A EMPRESA YNOVE,IMBIRIBEIRA,,SUBURBIO,COLISÃO TRANSVERSAL,2,1,0,0,0,0,0,0,0,1,0,Cruzamento,Bom,Não existe,Perfeito estado,Seca,Perfeito estado,Faixa de pedestre,"Placas ""Pare""",,Única,Faixa seccionada,,
202215354,2022-07-05,,COM VÍTIMA,FINALIZADA,ROSARINHO,AV NORTE MIGUEL ARRAES DE ALENCAR,,AV SANTOS DUMONT,ACIDENTE COM VÍTIMA ENVOVENDO MOTO E PEDESTRES ( ATROPELAMENTO )  INFORMAÇÃO COLHIDA A POSTERIOR,ROSARINHO,81,CIDADE,ATROPELAMENTO DE PESSOA,0,1,0,0,1,0,0,0,0,2,0,Longo da via,Bom,Sem defeito,Perfeito estado,Seca,Perfeito estado,Faixa de pedestre,Outras,,Dupla,Canteiro central,,
202215360,2022-07-05,,COM VÍTIMA,FINALIZADA,CORDEIRO,AV GENERAL SAN MARTIN,,,AO LADO DA COMPAZ,CORDEIRO,,,COLISÃO LATERAL,1,1,0,0,0,0,0,0,0,1,0,,,,,,,,,,,,,
202215361,2022-07-05,,COM VÍTIMA,FINALIZADA,AFOGADOS,RUA CARLOS PENA FILHO,1136,RUA SAO MIGUEL,EM FRENTE CHINE BOX DE AFOGADOS,AFOGADOS,,SUBURBIO,COLISÃO LATERAL,1,1,0,0,0,0,0,0,0,1,0,Cruzamento,Chuvoso,Não existe,Incompleta,Molhada,Mal conservada,Não existe,Não há placas,60 km/h,Dupla,Não existe,,
202215368,2022-07-05,,SEM VÍTIMA,FINALIZADA,ESTÂNCIA,AV RECIFE,5630,,EM FRENTE AO CERPE,ESTÂNCIA,,,COLISÃO TRASEIRA,1,0,0,0,0,0,1,0,0,0,0,Longo da via,Chuvoso,Sem defeito,Perfeito estado,Seca,Perfeito estado,,Não há placas,50 km/h,Dupla,Faixa contínua,,
202215370,2022-07-05,,COM VÍTIMA,FINALIZADA,PARNAMIRIM,AV DEZESSETE DE AGOSTO,372,AV FLOR DE SANTANA,BURGER KING,PARNAMIRIM,614,SUBURBIO,COLISÃO TRANSVERSAL,1,1,0,0,0,0,0,0,0,1,0,Cruzamento,Chuvoso,Sem defeito,Perfeito estado,Molhada,Perfeito estado,Faixa de pedestre,Outras,,Dupla,Faixa contínua,,
202215371,2022-07-05,,COM VÍTIMA,FINALIZADA,ARRUDA,AV PROFESSOR JOSE DOS ANJOS,,AV BEBERIBE,,ARRUDA,131,CIDADE,COLISÃO LATERAL,1,0,0,0,0,0,1,0,0,1,0,Cruzamento,Chuvoso,Sem defeito,Perfeito estado,Molhada,Perfeito estado,Faixa de pedestre,Outras,,Dupla,Faixa contínua,,
202215373,2022-07-05,,COM VÍTIMA,FINALIZADA,DOIS UNIDOS,AV HILDEBRANDO DE VASCONCELOS,781,,PROXIMO A ANTIGA FABRICA MINERVA / ASINHA DO TOINHO,DOIS UNIDOS,,CIDADE,COLISÃO LATERAL,1,1,0,0,0,1,0,0,0,1,0,Longo da via,Chuvoso,Não existe,Não existente,Molhada,Perfeito estado,Não existe,Não há placas,,Dupla,Não existe,,
202215403,2022-07-06,,COM VÍTIMA,FINALIZADA,SANTO AMARO,AV GOVERNADOR AGAMENON MAGALHAES,,AV DR JAYME DA FONTE,NO SEMAFORO 049,SANTO AMARO,49,SUBURBIO,COLISÃO TRASEIRA,1,1,0,0,0,0,0,0,0,1,0,Cruzamento,Bom,Sem defeito,Perfeito estado,Seca,Perfeito estado,Faixa de pedestre,Não há placas,60 km/h,Dupla,Faixa seccionada,,
202215409,2022-07-06,,SEM VÍTIMA,FINALIZADA,SANTO ANTÔNIO,RUA FLORIANO PEIXOTO,,,BRADESCO / CASAS BAHIA,SANTO ANTÔNIO,,CIDADE,COLISÃO TRASEIRA,1,0,0,0,0,0,0,1,0,0,0,Longo da via,Bom,Não existe,Não existente,Seca,Perfeito estado,Não existe,Outras,,Única,Não existe,,
202215438,2022-07-06,,COM VÍTIMA,FINALIZADA,IPUTINGA,AV MAURICIO DE NASSAU,268,,EM FRENTE AO ALUGUEL DE REBOQUE,IPUTINGA,,,COLISÃO TRANSVERSAL,1,1,0,0,0,0,0,0,0,1,0,Cruzamento,Bom,Não existe,Ilegível,Seca,Perfeito estado,Não existe,R-6a,,Dupla,Outros,,
202215445,2022-07-06,,SEM VÍTIMA,FINALIZADA,BOA VISTA,AV GOVERNADOR AGAMENON MAGALHAES,,RUA JOAO FERNANDES VIEIRA,COLÉGIO AMERICANO BATISTA,BOA VISTA,37,,,1,0,0,0,0,0,0,1,0,0,0,Cruzamento,Bom,Sem defeito,Perfeito estado,Seca,Perfeito estado,Agente,Não há placas,60 km/h,Dupla,Canteiro central,,
202215447,2022-07-06,,COM VÍTIMA,FINALIZADA,DERBY,AV GOVERNADOR AGAMENON MAGALHAES,1160,AV RUI BARBOSA,EM FRENTE AO TRE,DERBY,37,SUBURBIO,QUEDA,0,1,0,0,0,0,0,0,0,1,0,Longo da via,Bom,Sem defeito,Perfeito estado,Seca,Perfeito estado,Faixa de pedestre,Outras,60 km/h,Única,Canteiro central,,
202215451,2022-07-06,,COM VÍTIMA,FINALIZADA,BOA VISTA,RUA DA AURORA,1301,,EM FRENTE AO BANCO CENTRAL,BOA VISTA,,,ATROPELAMENTO DE PESSOA,1,0,0,0,1,0,0,0,0,1,0,Longo da via,Bom,Não existe,Perfeito estado,Seca,Perfeito estado,Não existe,Não há placas,,Dupla,Canteiro central,,
202215472,2022-07-07,,SEM VÍTIMA,CANCELADA,CIDADE UNIVERSITÁRIA,AV CAXANGA,,RUA GENERAL POLIDORO,EM FRENTE A FIAT,CIDADE UNIVERSITÁRIA,608,,COLISÃO TRANSVERSAL,2,0,0,0,0,0,0,0,0,0,0,,,,,,,,,,,,,
202215475,2022-07-07,,COM VÍTIMA,FINALIZADA,BOA VIAGEM,RUA VISCONDE DE JEQUITINHONHA,,RUA CAPITAO ZUZINHA,SEM. 433 - CRUZAMENTO C/A RUA CAP ZUZINHA,BOA VIAGEM,433,,COLISÃO COM CICLISTA,0,0,0,1,0,1,0,0,0,1,0,Cruzamento,Bom,Sem defeito,Perfeito estado,Seca,Perfeito estado,,Outras,,,,,
202215483,2022-07-07,,COM VÍTIMA,FINALIZADA,SÃO JOSÉ,C SANTA RITA,595,,OPOSTO AS TORRES GEMEAS,SÃO JOSÉ,,SUBURBIO,COLISÃO LATERAL,1,1,0,0,0,0,0,0,0,1,0,Longo da via,Chuvoso,Não existe,Não existente,Molhada,Perfeito estado,Não existe,Não há placas,60 km/h,Única,Faixa seccionada,,
202215485,2022-07-07,,COM VÍTIMA,FINALIZADA,CASA AMARELA,AV NORTE MIGUEL ARRAES DE ALENCAR,270,,PROX. A FARMACIA DO TRABALHADOR,CASA AMARELA,95,CIDADE,ATROPELAMENTO DE PESSOA,0,1,0,0,1,0,0,0,0,2,0,Longo da via,Chuvoso,Sem defeito,Perfeito estado,Molhada,Perfeito estado,Faixa de pedestre,R-6a,,Dupla,Faixa seccionada,,
202215506,2022-07-07,,SEM VÍTIMA,FINALIZADA,JORDÃO,AV DONA CARENTINA,,,AO LADO DA PRAÇA DO JORDÃO ALTO,JORDÃO,,SUBURBIO,COLISÃO TRASEIRA,3,0,0,0,0,0,0,0,0,0,0,Longo da via,Bom,Não existe,Não existente,Seca,Perfeito estado,Não existe,Não há placas,,Dupla,Não existe,,
202215515,2022-07-07,,COM VÍTIMA,CANCELADA,SANTO ANTÔNIO,AV DANTAS BARRETO,,,"COLISÃO ENTRE AUTO / MOTO.  ENVOLVENDO O SUB MALAGUETA, SOLICITADO APOIO DOS BATEDORES  INSP VALMIR  / BAT  LIMOEIRO",SANTO ANTÔNIO,,,COLISÃO LATERAL,1,1,0,0,0,0,0,0,0,1,0,,,,,,,,,,,,,
202215553,2022-07-07,,COM VÍTIMA,FINALIZADA,BOA VIAGEM,RUA BARAO DE SOUZA LEAO,1000,RUA ALMIRANTE TAMANDARE,ESCOLA SANTOS DUMONT,BOA VIAGEM,,SUBURBIO,COLISÃO LATERAL,1,1,0,0,0,0,0,0,0,1,0,Esquina,Bom,Não existe,Perfeito estado,Seca,Perfeito estado,Não existe,Não há placas,,Única,Faixa seccionada,,
202215554,2022-07-07,,SEM VÍTIMA,FINALIZADA,BAIRRO DO RECIFE,AV ALFREDO LISBOA,,,OGRIO RECIFE AO LADO,BAIRRO DO RECIFE,,SUBURBIO,CHOQUE,1,0,0,0,0,0,0,0,0,0,0,Longo da via,Chuvoso,Não existe,Perfeito estado,Molhada,Perfeito estado,Não existe,R-6a,,Única,Faixa seccionada,,
202215571,2022-07-08,,COM VÍTIMA,CANCELADA,PRADO,RUA CARLOS GOMES,481,,EM FRENTE AO CONSELHO REGIONAL DE CONTABILIDADE,PRADO,,,COLISÃO FRONTAL,1,1,0,0,0,0,0,0,0,1,0,,,,,,,,,,,,,
202215573,2022-07-08,,SEM VÍTIMA,FINALIZADA,GRAÇAS,RUA ANTONIO NOVAIS,241,RUA SOUZA DE ANDRADE,,GRAÇAS,,SUBURBIO,,0,0,0,0,0,0,1,0,0,0,0,Cruzamento,Bom,Não existe,Perfeito estado,Seca,Perfeito estado,Não existe,,,Única,Não existe,,
202215575,2022-07-08,,COM VÍTIMA,FINALIZADA,MADALENA,RUA DEMOCRITO DE SOUZA FILHO,17,RUA BARTOLOMEU DE GUSMAO,BELEZA CAFÉ MODA E BARBEARIA,MADALENA,,CIDADE,COLISÃO TRANSVERSAL,1,1,0,0,0,0,0,0,0,2,0,Cruzamento,Bom,Não existe,Perfeito estado,Seca,Perfeito estado,Não existe,Não há placas,,Única,Faixa seccionada,,
202215596,2022-07-08,,COM VÍTIMA,FINALIZADA,ÁGUA FRIA,RUA SAO SEBASTIAO,1312,RUA JULIO JOSE DE SOUZA,PROX A BRASILGAS,ÁGUA FRIA,,,CHOQUE,0,0,0,0,0,0,1,0,0,2,0,Longo da via,Chuvoso,Não existe,Não existente,Molhada,Perfeito estado,Não existe,Não há placas,,Dupla,Não existe,,
202215611,2022-07-08,,COM VÍTIMA,FINALIZADA,IPUTINGA,EST DO BARBALHO,532,,EM FRENTE A CARLOS PEÇAS,IPUTINGA,,CIDADE,COLISÃO COM CICLISTA,0,1,0,1,0,0,0,0,0,1,0,Longo da via,Bom,Não existe,Incompleta,Seca,Perfeito estado,Não existe,Não há placas,,Única,Não existe,,
202215629,2022-07-08,,COM VÍTIMA,FINALIZADA,SÃO JOSÉ,AV SUL,585,,ANTES DO POSTO BR / LOJA DOS FREIOS,SÃO JOSÉ,,CIDADE,CHOQUE,0,1,0,0,0,0,0,0,1,2,0,Longo da via,Bom,Não existe,Perfeito estado,Seca,Perfeito estado,Não existe,Não há placas,,Única,Faixa seccionada,,
202215642,2022-07-08,,COM VÍTIMA,FINALIZADA,CAMPO GRANDE,RUA PROFESSOR FRANCISCO DA TRINDADE,480,RUA CATULO DA PAIXAO CEARENSE,DEPOIS DO CLUBE DAS PAZ PRIMEIRA DIREITA,CAMPO GRANDE,,SUBURBIO,COLISÃO TRANSVERSAL,2,0,0,0,0,0,0,0,0,1,0,Cruzamento,Bom,Não existe,Perfeito estado,Seca,Perfeito estado,Faixa de pedestre,,,Dupla,Faixa seccionada,,
202215646,2022-07-08,,COM VÍTIMA,CANCELADA,LINHA DO TIRO,AV VEREADOR OTACILIO AZEVEDO,,,PRÓXIMO AO TERMINAL DO BREJO,LINHA DO TIRO,,,COLISÃO COM CICLISTA,0,0,0,0,0,0,0,0,0,1,0,,,,,,,,,,,,,
202215650,2022-07-08,,COM VÍTIMA,FINALIZADA,DOIS IRMÃOS,RUA MANUEL DE MEDEIROS,,,EM FRENTE  A UFRPE,DOIS IRMÃOS,588,,COLISÃO LATERAL,1,1,0,0,0,0,0,0,0,2,0,Longo da via,Bom,Sem defeito,Perfeito estado,Seca,Perfeito estado,Não existe,Não há placas,40 km/h,Dupla,Faixa contínua,,
202215658,2022-07-08,,COM VÍTIMA,FINALIZADA,AFOGADOS,RUA SAO MIGUEL,,EST DOS REMEDIOS,LARGO DA PAZ,AFOGADOS,53,SUBURBIO,COLISÃO TRANSVERSAL,0,0,1,0,0,1,0,0,0,2,0,Cruzamento,Bom,Sem defeito,Perfeito estado,Seca,Perfeito estado,Faixa de pedestre,Outras,,Única,Não existe,,
202215665,2022-07-09,,COM VÍTIMA,FINALIZADA,CASA AMARELA,AV NORTE MIGUEL ARRAES DE ALENCAR,,,SUPERMERCADO MAIS VOCÊ,CASA AMARELA,95,SUBURBIO,COLISÃO TRASEIRA,2,1,0,0,0,0,0,0,0,4,0,Longo da via,Bom,Sem defeito,Perfeito estado,Seca,Perfeito estado,Faixa de pedestre,R-6a,,Dupla,Canteiro central,,
202215689,2022-07-09,,COM VÍTIMA,FINALIZADA,CASA AMARELA,EST DAS UBAIAS,,RUA CONS NABUCO,POSTO BR / SEMÁFORO 655,CASA AMARELA,655,,QUEDA,1,1,0,0,0,0,0,0,0,1,0,,,,,,,,,,,,,
202215737,2022-07-10,,COM VÍTIMA,FINALIZADA,NOVA DESCOBERTA,RUA NOVA DESCOBERTA,,,"NA ENTRADA DO CORREGO DA AREIA, PRÓXIMO A FEIRA DE NOVA DESCOBERTA",NOVA DESCOBERTA,,,COLISÃO LATERAL,0,1,0,0,0,1,0,0,0,1,0,,,,,,,,,,,,,
202215746,2022-07-10,,COM VÍTIMA,FINALIZADA,AFOGADOS,RUA COSME VIANA,180,RUA DR ADELINO,,AFOGADOS,426,SUBURBIO,COLISÃO LATERAL,0,2,0,0,0,0,0,0,0,1,0,Cruzamento,Bom,Sem defeito,Perfeito estado,Seca,Perfeito estado,Não existe,Não há placas,,Única,Não existe,,
202215786,2022-07-10,,COM VÍTIMA,FINALIZADA,CASA AMARELA,EST DO ARRAIAL,3310,RUA BELA VISTA,COM ESTRADA DO ARRAIAL,CASA AMARELA,,SUBURBIO,COLISÃO LATERAL,0,1,1,0,0,0,0,0,0,1,0,Esquina,Bom,Não existe,Não existente,Seca,Perfeito estado,Não existe,Não há placas,,Única,Faixa seccionada,,
202215793,2022-07-11,,COM VÍTIMA,FINALIZADA,IPUTINGA,AV PROFESSOR JOAQUIM CAVALCANTI,,,PROXIMO AO VIADUTO DA CAXANGA,IPUTINGA,,SUBURBIO,CHOQUE,1,0,0,0,0,0,0,0,0,3,0,Outros,Chuvoso,Não existe,Incompleta,Molhada,Perfeito estado,Não existe,Não há placas,,Dupla,Canteiro central,,
202215805,2022-07-11,,COM VÍTIMA,FINALIZADA,DERBY,AV GOVERNADOR AGAMENON MAGALHAES,,,"EM FRENTE A RESTAURAÇÃO, SENT. BOA VIAGEM",DERBY,650,,COLISÃO TRASEIRA,0,2,0,0,0,0,0,0,0,2,0,Longo da via,Bom,Sem defeito,,Molhada,Perfeito estado,Outros,Não há placas,60 km/h,Única,Faixa seccionada,,
202215820,2022-07-11,,COM VÍTIMA,FINALIZADA,AFOGADOS,EST DOS REMEDIOS,1118,,EM FRENTE A CUNHA PNEUS,AFOGADOS,,CIDADE,COLISÃO TRASEIRA,1,1,0,0,0,0,0,0,0,1,0,Longo da via,Bom,Não existe,Perfeito estado,Seca,Perfeito estado,Não existe,R-6a,,Única,Faixa contínua,Faixa seccionada,
202215823,2022-07-11,,COM VÍTIMA,FINALIZADA,PINA,AV ENGENHEIRO DOMINGOS FERREIRA,210,,EM FRENTE AO ANTIGO CARTORIO DE REGISTRO,PINA,,SUBURBIO,COLISÃO LATERAL,1,1,0,0,0,0,0,0,0,1,0,Longo da via,Bom,Não existe,Incompleta,Seca,Mal iluminada,Não existe,Não há placas,,Única,Não existe,,
202215894,2022-07-12,,COM VÍTIMA,FINALIZADA,AREIAS,RUA JOSE NATARIO,343,,PRÓX. À CBTU,AREIAS,,SUBURBIO,COLISÃO TRASEIRA,0,2,0,0,0,0,0,0,0,1,0,Longo da via,Bom,Não existe,Não existente,Seca,Perfeito estado,Não existe,Não há placas,,Dupla,Não existe,,
202215898,2022-07-12,,COM VÍTIMA,FINALIZADA,IMBIRIBEIRA,AV MARECHAL MASCARENHAS DE MORAES,,RUA JALISCO,EM FRENTE O GERALDÃO,IMBIRIBEIRA,290,CIDADE,COLISÃO TRASEIRA,1,1,0,0,0,0,0,0,0,1,0,Longo da via,Bom,Sem defeito,Perfeito estado,Seca,Perfeito estado,Faixa de retenção,Outras,,Dupla,Canteiro central,,
202215906,2022-07-12,,COM VÍTIMA,FINALIZADA,TEJIPIÓ,AV DR JOSE RUFINO,3385,,PROX AO ARMAZEM CORAL,TEJIPIÓ,,CIDADE,COLISÃO TRASEIRA,1,1,0,0,0,0,0,0,0,1,0,Longo da via,Bom,Não existe,Ilegível,Seca,Perfeito estado,Não existe,Não há placas,,Dupla,Faixa contínua,,
202215934,2022-07-13,,COM VÍTIMA,FINALIZADA,DOIS UNIDOS,AV HILDEBRANDO DE VASCONCELOS,,RUA URIEL DE HOLANDA,CT DO SANTA CRUZ / ENTRADA DE DOIS UNIDOS,DOIS UNIDOS,,SUBURBIO,COLISÃO FRONTAL,1,1,0,0,0,0,0,0,0,1,0,Cruzamento,Chuvoso,Não existe,Não existente,Molhada,Perfeito estado,Não existe,Não há placas,,Dupla,Não existe,,
202215939,2022-07-13,,COM VÍTIMA,FINALIZADA,PINA,AV HERCULANO BANDEIRA,543,,EM FRENTE AO MARTELINHO DE OURO,PINA,,SUBURBIO,COLISÃO TRASEIRA,1,1,0,0,0,0,0,0,0,1,0,Longo da via,Chuvoso,Não existe,Perfeito estado,Molhada,Perfeito estado,Não existe,R-6a,60 km/h,Única,Faixa seccionada,,
202215957,2022-07-13,,COM VÍTIMA,FINALIZADA,BOA VIAGEM,RUA WALDEMAR NERY CARNEIRO MONTEIRO,531,RUA SIDERAL,PRÓX. AO ESPAÇO CRIANÇAR E AO CAPS ESPAÇO LIVREMENTE,BOA VIAGEM,,SUBURBIO,COLISÃO LATERAL,2,1,0,0,0,0,0,0,0,1,0,Cruzamento,Bom,Não existe,Não existente,Seca,Perfeito estado,Não existe,Não há placas,,Dupla,Faixa contínua,,
202215960,2022-07-13,,SEM VÍTIMA,FINALIZADA,CABANGA,AV ENGENHEIRO JOSE ESTELITA,,,APÓS O CABANGA IATE CLUBE,CABANGA,,CIDADE,,2,0,0,0,0,0,0,0,0,0,0,Longo da via,Bom,Não existe,Perfeito estado,Seca,Perfeito estado,Não existe,R-19,60 km/h,Dupla,Faixa seccionada,Canteiro central,
202215966,2022-07-13,,COM VÍTIMA,FINALIZADA,TORRE,AV BEIRA RIO,,RUA CONDE DE IRAJA,PRÓX. À OGREJA EXÉRCITO DE SALVAÇÃO,TORRE,630,SUBURBIO,COLISÃO TRANSVERSAL,1,1,0,0,0,0,0,0,0,1,0,Cruzamento,Bom,Sem defeito,Perfeito estado,Seca,Perfeito estado,Faixa de pedestre,Outras,,Dupla,Faixa contínua,,
202215976,2022-07-13,,COM VÍTIMA,FINALIZADA,ÁGUA FRIA,RUA DA REGENERACAO,898A,RUA DEZESSEIS DE JULHO,EM FRENTE AO IRMÃO ANDRADRE BEBIDAS,ÁGUA FRIA,,,COLISÃO FRONTAL,1,1,0,0,0,0,0,0,0,1,0,Longo da via,Bom,Não existe,Incompleta,Seca,Perfeito estado,Não existe,Não há placas,,Dupla,Não existe,,
202215986,2022-07-13,,COM VÍTIMA,CANCELADA,IBURA,RUA IBIARA,188,,E/F A ANTIGA FREVO,IBURA,,,COLISÃO LATERAL,0,1,0,0,0,0,1,0,0,2,0,,,,,,,,,,,,,
202215993,2022-07-13,,COM VÍTIMA,FINALIZADA,BOA VIAGEM,AV ENGENHEIRO DOMINGOS FERREIRA,1274,,EM FRENTE A CASA PRONTA,BOA VIAGEM,,,ATROPELAMENTO DE PESSOA,1,0,0,0,2,0,0,0,0,2,0,,,,,,,,,,,,,
202216004,2022-07-13,,COM VÍTIMA,FINALIZADA,CASA AMARELA,RUA PADRE LEMOS,,RUA DR TOME DIAS,ESQUINA DA IGREJA UNIVERSAL,CASA AMARELA,,SUBURBIO,COLISÃO TRASEIRA,1,1,0,0,0,0,0,0,0,1,0,Longo da via,Bom,Não existe,Perfeito estado,Seca,Perfeito estado,Não existe,Outras,,Dupla,,,
202216007,2022-07-13,,SEM VÍTIMA,CANCELADA,AREIAS,AV IZABEL DE GOES,407,,,AREIAS,,,COLISÃO LATERAL,0,0,0,0,0,0,0,0,0,0,0,,,,,,,,,,,,,
202216008,2022-07-13,,SEM VÍTIMA,FINALIZADA,,RUA JOAO FERNANDES VIEIRA,,PRC PARQUE AMORIM,EM FRENTE SUPER BOMPREÇO,,173,SUBURBIO,,1,0,0,0,0,1,0,0,0,0,0,Longo da via,Bom,Sem defeito,Perfeito estado,Seca,Perfeito estado,Faixa de pedestre,,,Única,Faixa seccionada,,
202216012,2022-07-14,,COM VÍTIMA,FINALIZADA,IMBIRIBEIRA,RUA ARQUITETO LUIZ NUNES,438,RUA ARQUITETO FERNANDO ALMEIDA,PRÓXIMO A LAGOA DO ARAÇA ONDE TEM A LOMBADA ELET^RNICA,IMBIRIBEIRA,,SUBURBIO,COLISÃO LATERAL,1,1,0,0,0,0,0,0,0,1,0,Cruzamento,Chuvoso,Não existe,Perfeito estado,Molhada,Perfeito estado,Não existe,Não há placas,,Única,Faixa seccionada,,
202216036,2022-07-14,,COM VÍTIMA,FINALIZADA,IPSEP,AV SENADOR ROBERT KENNEDY,350,RUA CONDESSA DE BARRAL,EM FRENTE À URB / REGIONAL SUL DA DIRCON,IPSEP,,SUBURBIO,COLISÃO FRONTAL,1,1,0,0,0,0,0,0,0,1,0,Cruzamento,Bom,Não existe,Não existente,Seca,Perfeito estado,Não existe,Não há placas,,Dupla,Faixa seccionada,,
202216049,2022-07-14,,COM VÍTIMA,FINALIZADA,AREIAS,AV SALDANHA MARINHO,652,AV RECIFE,EM FRENTE AO POSTO BR,AREIAS,,SUBURBIO,COLISÃO LATERAL,1,1,0,0,0,0,0,0,0,2,0,,,,,,,,,,,,,
202216058,2022-07-14,,SEM VÍTIMA,FINALIZADA,AFOGADOS,RUA SAO MIGUEL,,,NO SEMÁFORO 423,AFOGADOS,423,,COLISÃO LATERAL,2,0,0,0,0,0,0,0,0,0,0,Longo da via,Bom,Não existe,Perfeito estado,Seca,Perfeito estado,Não existe,Não há placas,,Dupla,Faixa contínua,,
202216071,2022-07-14,,SEM VÍTIMA,FINALIZADA,IPSEP,AV SENADOR ROBERT KENNEDY,,RUA RIO OCEANICO,PROX A CLINICA MED SLIM,IPSEP,,,COLISÃO FRONTAL,1,0,0,0,0,0,1,0,0,0,0,,,,,,,,,,,,,
202216073,2022-07-14,,COM VÍTIMA,FINALIZADA,ILHA DO LEITE,RUA FRANCISCO ALVES,,RUA CAPITAO JOSE DA LUZ,NA FRENTE DO EMPRESARIAL RIO CAPIBARIBE,ILHA DO LEITE,107,,COLISÃO FRONTAL,1,1,0,0,0,0,0,0,0,1,0,Cruzamento,Bom,Não existe,Perfeito estado,Seca,Perfeito estado,Faixa de retenção,"Placas ""Pare""",,Dupla,Faixa contínua,,
202216079,2022-07-14,,COM VÍTIMA,FINALIZADA,VASCO DA GAMA,RUA ALTO DO EUCALIPTO,283,,PROX A BARRACA DO SEU ALCIDES,VASCO DA GAMA,,,COLISÃO LATERAL,0,2,0,0,0,0,0,0,0,2,0,Longo da via,Bom,Não existe,Perfeito estado,Seca,Perfeito estado,Não existe,,30 km/h,Dupla,Não existe,,