Protocolo,data,hora,natureza,situacao,bairro,endereco,numero,detalhe_endereco_acidente,complemento,bairro_cruzamento,num_semaforo,sentido_via,tipo,auto,moto,ciclom,ciclista,pedestre,onibus,caminhao,viatura,outros,vitimas,vitimasfatais,acidente_verificado,tempo_clima,situacao_semaforo,sinalizacao,condicao_via,conservacao_via,ponto_controle,situacao_placa,velocidade_max_via,mao_direcao,divisao_via1,divisao_via2,divisao_via3
202217023,2022-07-26,,COM VÍTIMA,FINALIZADA,VÁRZEA,AV INACIO DE BARROS BARRETO,420,AV INACIO DE BARROS BARRETO,AO LADO DA UFPE,VÁRZEA,,,COLISÃO TRANSVERSAL,1,1,0,0,0,0,0,0,0,1,0,Esquina,Bom,Não existe,Perfeito estado,Seca,Perfeito estado,Não existe,Não há placas,,Dupla,Faixa seccionada,,
202217024,2022-07-26,,COM VÍTIMA,FINALIZADA,CASA FORTE,AV DEZESSETE DE AGOSTO,1161,,"AO LADO DO CPOR,  EM FRENTE AO DELTA EXPRESSO CAFÉ",CASA FORTE,,SUBURBIO,COLISÃO LATERAL,0,1,0,0,0,0,0,0,1,1,0,Longo da via,,Não existe,Perfeito estado,Seca,Perfeito estado,Não existe,Outras,,Dupla,Faixa contínua,,
202217025,2022-07-26,,COM VÍTIMA,FINALIZADA,CORDEIRO,EST DO FORTE DO ARRAIAL N. DO B. JESUS,,RUA GOMES TABORDA,PROXIMO AO SEMÁFORO 249,CORDEIRO,249,SUBURBIO,COLISÃO LATERAL,0,1,0,0,0,1,0,0,0,1,0,Esquina,Chuvoso,Sem defeito,Incompleta,Molhada,Perfeito estado,Faixa de pedestre,Não há placas,,Dupla,,,
202217026,2022-07-26,,COM VÍTIMA,CANCELADA,SANTO AMARO,RUA DO HOSPICIO,,,E/F AO BRT   EO COLEGIO ESTADUAL JOAO BARBALHO,SANTO AMARO,,,COLISÃO LATERAL,1,1,0,0,0,0,0,0,0,1,0,,,,,,,,,,,,,
202217035,2022-07-26,,COM VÍTIMA,FINALIZADA,ROSARINHO,RUA TELES JUNIOR,,RUA CAPITAO SAMPAIO XAVIER,PROXIMO AO ARMAZEM 4 CANTOS,ROSARINHO,,SUBURBIO,QUEDA,0,1,0,0,0,0,0,0,0,1,0,Cruzamento,Nublado,Não existe,Incompleta,Molhada,Perfeito estado,Não existe,"Placas ""Pare""",30 km/h,Dupla,Não existe,,
202217036,2022-07-26,,COM VÍTIMA,FINALIZADA,CAMPO GRANDE,VDO PRESIDENTE MEDICI,,AV GOVERNADOR AGAMENON MAGALHAES,COLISAO  SOBRE O VIADUTO  S/T SUB,CAMPO GRANDE,,SUBURBIO,COLISÃO LATERAL,1,1,0,0,0,0,0,0,0,1,0,Viaduto,Chuvoso,Não existe,Incompleta,Molhada,Perfeito estado,Não existe,Não há placas,,Dupla,Blocos,,
202217046,2022-07-26,,COM VÍTIMA,FINALIZADA,BOA VIAGEM,RUA BARAO DE SOUZA LEAO,,RUA ARANA,PROXIMO AO TERMINAL DE ÔNIBUS DO AEROPORTO,BOA VIAGEM,,CIDADE,ATROPELAMENTO DE PESSOA,0,0,0,0,1,1,0,0,0,1,0,Esquina,Chuvoso,Sem defeito,Perfeito estado,Molhada,Perfeito estado,Não existe,"Placas ""Pare""",30 km/h,Única,,,
202217051,2022-07-26,,COM VÍTIMA,FINALIZADA,IBURA,RUA JORNALISTA EDSON REGIS,916,,PRÓXIMO AO HOTEL CRISTAL,IBURA,,CIDADE,COLISÃO TRANSVERSAL,1,1,0,0,0,0,0,0,0,1,0,Longo da via,Chuvoso,Não existe,Perfeito estado,Molhada,Perfeito estado,Não existe,Não há placas,30 km/h,Dupla,Não existe,,
202217071,2022-07-27,,COM VÍTIMA,FINALIZADA,MANGABEIRA,AV PROFESSOR JOSE DOS ANJOS,721,,AO LADO DO POSTO DE GASOLINA BR,MANGABEIRA,,CIDADE,COLISÃO TRASEIRA,1,1,0,0,0,0,0,0,0,1,0,Longo da via,Chuvoso,Não existe,Perfeito estado,Molhada,Perfeito estado,Faixa de pedestre,Outras,,Dupla,Faixa seccionada,Canteiro central,
202217077,2022-07-27,,COM VÍTIMA,FINALIZADA,PINA,AV ANTONIO DE GOES,,,,PINA,538,CIDADE,QUEDA,0,1,0,0,0,0,0,0,0,2,0,Longo da via,Bom,Sem defeito,Perfeito estado,Seca,Perfeito estado,Outros,Outras,60 km/h,Única,Canteiro central,,
202217079,2022-07-27,,COM VÍTIMA,FINALIZADA,PRADO,RUA JOAO IVO DA SILVA,,AV ENGENHEIRO ABDIAS DE CARVALHO,COLISÃO  AUTO E MOTO,PRADO,132,CIDADE,COLISÃO LATERAL,1,1,0,0,0,0,0,0,0,1,0,Cruzamento,Bom,Sem defeito,Perfeito estado,Seca,Perfeito estado,Não existe,R-6a,,Dupla,Canteiro central,,
202217080,2022-07-27,,SEM VÍTIMA,DUPLICIDADE,PRADO,AV ENGENHEIRO ABDIAS DE CARVALHO,,,APOIO ACIDENTE SEM VÍTIMA,PRADO,,CIDADE,COLISÃO TRASEIRA,1,0,0,0,0,0,0,0,0,0,0,,,,,,,,,,,,,
202217081,2022-07-27,,SEM VÍTIMA,FINALIZADA,PRADO,AV ENGENHEIRO ABDIAS DE CARVALHO,,,"COLISÃO ENTRE DOIS AUTO SEM VÍTIMA, PORÉM OS VEÍCULOS PERMANCERÃO NO LOCAL,  CAUSANDO RISCO DE UM NOVO ACIDENTE POR ESTAREM NA FAIXA DA ESQUERDA NO SENTIDO CENTRO. SEMÁFORO 327 FUNCIONANDO PERFEITAMENTE. PISTA MOLHADA DEVIDO A CHUVAS. SOLICITADO EQUIPE DA CTTU IR AO LOCAL REMOVER OS VEÍCULOS.  ACIDENTE FLAGRADO PELA CÂMERAS DA CTTU, DEVIDAMENTE GRAVADAS NO SISTEMA.",PRADO,327,CIDADE,COLISÃO TRASEIRA,2,0,0,0,0,0,0,0,0,0,0,,,,,,,,,,,,,
202217083,2022-07-27,,COM VÍTIMA,FINALIZADA,CASA AMARELA,RUA PADRE LEMOS,805,,EM FRENTE AO GRAU TECNICO,CASA AMARELA,,CIDADE,COLISÃO LATERAL,1,1,0,0,0,0,0,0,0,1,0,Longo da via,Bom,Sem defeito,Perfeito estado,Seca,Mal conservada,Não existe,Outras,,Dupla,Não existe,,
202217098,2022-07-27,,COM VÍTIMA,FINALIZADA,MANGABEIRA,RUA DA MANGABEIRA,,AV NORTE MIGUEL ARRAES DE ALENCAR,NA SUBIDA DO ALTO JOSÉ DO PINHO. VT 07 SE ENCONTRA NO LOCAL,MANGABEIRA,96,,COLISÃO COM CICLISTA,1,0,0,1,0,0,0,0,0,1,0,Esquina,Bom,Sem defeito,Incompleta,Seca,Outros,Faixa de pedestre,Outras,,Dupla,Canteiro central,,
202217104,2022-07-27,,SEM VÍTIMA,FINALIZADA,AFOGADOS,RUA LUIZ PEREIRA DE FARIAS,44,RUA SAO MIGUEL,ESTABELECIMENTO COMERCIAL GRILO ZERO,AFOGADOS,,,,2,0,0,0,0,0,0,0,0,0,0,,Bom,Não existe,Perfeito estado,Seca,Perfeito estado,Não existe,Não há placas,,Dupla,Não existe,,
202217107,2022-07-27,,COM VÍTIMA,FINALIZADA,AREIAS,AV DR JOSE RUFINO,308,RUA JOAO TEIXEIRA,EM FRENTE A ACADEMIA SPORT VIDA,AREIAS,82,CIDADE,COLISÃO LATERAL,0,1,0,0,0,1,0,0,0,1,0,Longo da via,Bom,Sem defeito,Ilegível,Seca,Mal conservada,Outros,Outras,,Dupla,Não existe,,
202217109,2022-07-27,,SEM VÍTIMA,FINALIZADA,SANTO AMARO,AV GOVERNADOR AGAMENON MAGALHAES,,,SEMÁFORO Nº 108,SANTO AMARO,108,CIDADE,,1,1,0,0,0,0,0,0,0,0,0,,Bom,Sem defeito,Perfeito estado,Seca,Perfeito estado,Faixa de pedestre,Outras,,Dupla,Faixa seccionada,Canteiro central,
202217110,2022-07-27,,SEM VÍTIMA,FINALIZADA,BOA VIAGEM,AV DOM JOAO VI,,,PRÓXIMO AO TÚNEL AUGUSTO LUCENA,BOA VIAGEM,400,SUBURBIO,COLISÃO TRASEIRA,2,0,0,0,0,0,0,1,0,0,0,Longo da via,Chuvoso,Sem defeito,Perfeito estado,Molhada,Perfeito estado,Faixa de pedestre,Não há placas,,Única,Faixa contínua,,
202217112,2022-07-27,,COM VÍTIMA,FINALIZADA,CASA FORTE,AV DEZESSETE DE AGOSTO,2187,,PRÓXIMO A FUNDAÇÃO JOAQUIM NABUCO,CASA FORTE,,CIDADE,COLISÃO TRASEIRA,1,1,0,0,0,0,0,0,0,1,0,Longo da via,Chuvoso,,Perfeito estado,Molhada,Mal iluminada,Faixa de pedestre,Não há placas,60 km/h,Dupla,Faixa contínua,,
202217113,2022-07-27,,COM VÍTIMA,FINALIZADA,DERBY,AV GOVERNADOR AGAMENON MAGALHAES,,RUA LUIZ BARBALHO,PRC DO DERBY,DERBY,417,SUBURBIO,COLISÃO TRANSVERSAL,0,1,0,0,0,1,0,0,0,1,0,Cruzamento,Chuvoso,Sem defeito,Perfeito estado,Molhada,Perfeito estado,Faixa de pedestre,Outras,,Dupla,Faixa contínua,Canteiro central,
202217114,2022-07-28,,COM VÍTIMA,FINALIZADA,AFOGADOS,RUA COSME VIANA,,RUA PADRE TEOFILO TWORZ,EM FRENTE A TUPAN,AFOGADOS,503,SUBURBIO,COLISÃO LATERAL,1,1,0,0,0,0,0,0,0,1,0,,Chuvoso,Sem defeito,Perfeito estado,Molhada,Perfeito estado,Faixa de pedestre,Não há placas,,Única,Faixa contínua,Faixa seccionada,Canteiro central
202217139,2022-07-28,,SEM VÍTIMA,FINALIZADA,SÃO JOSÉ,RUA DO PEIXOTO,184,RUA DA CONCORDIA,,SÃO JOSÉ,182,CIDADE,,0,0,0,0,0,1,0,1,0,0,0,Longo da via,Bom,Sem defeito,Perfeito estado,Seca,Perfeito estado,Não existe,Outras,30 km/h,Única,Faixa seccionada,,
202217143,2022-07-28,,COM VÍTIMA,FINALIZADA,ILHA JOANA BEZERRA,RUA AGUA DOCE,80,,AO LADO DA ACADEMIA DA CIDADE/ PRÓXIMO A PASSARELA,ILHA JOANA BEZERRA,,SUBURBIO,COLISÃO TRASEIRA,0,0,0,0,0,2,0,0,0,3,0,Longo da via,Bom,Não existe,Incompleta,Seca,Mal conservada,Não existe,Não há placas,,Dupla,Canteiro central,,
202217169,2022-07-28,,COM VÍTIMA,FINALIZADA,BOA VIAGEM,RUA VISCONDE DE JEQUITINHONHA,,RUA BARAO DE SOUZA LEAO,PRÓX. AO BOA VIAGEM MEDICAL CENTER,BOA VIAGEM,129,SUBURBIO,COLISÃO LATERAL,1,1,0,0,0,0,0,0,0,1,0,Cruzamento,Bom,Sem defeito,Perfeito estado,Seca,Perfeito estado,Não existe,R-6a,,Única,Canal,,
202217204,2022-07-28,,COM VÍTIMA,FINALIZADA,IBURA,AV DOIS RIOS,726,RUA ALVORADA DO SUL,PROX MERCADO MR,IBURA,,SUBURBIO,ATROPELAMENTO DE PESSOA,0,1,0,0,1,0,0,0,0,1,0,Longo da via,Bom,Não existe,Ilegível,Seca,Mal conservada,Não existe,Não há placas,,Dupla,Não existe,,
202217225,2022-07-29,,COM VÍTIMA,FINALIZADA,MANGABEIRA,AV NORTE MIGUEL ARRAES DE ALENCAR,,,EM  AO SESC  DE CASA AMARELA,MANGABEIRA,364,CIDADE,COLISÃO TRANSVERSAL,1,1,0,0,0,0,0,0,0,2,0,Longo da via,Bom,Sem defeito,Perfeito estado,Seca,Perfeito estado,Faixa de pedestre,,,Dupla,Faixa contínua,,
202217234,2022-07-29,,COM VÍTIMA,FINALIZADA,IBURA,AV DOIS RIOS,883,RUA ECOPORANGA,EM FRENTE AO SUPERMERCADO SERVE BEM ATACAREJO E LIMA MOVEIS,IBURA,475,CIDADE,COLISÃO TRANSVERSAL,1,1,0,0,0,0,0,0,0,1,0,Cruzamento,Bom,Sem defeito,Incompleta,Seca,Perfeito estado,Não existe,Não há placas,60 km/h,Dupla,Faixa contínua,,
202217235,2022-07-29,,COM VÍTIMA,DUPLICIDADE,SÍTIO DOS PINTOS,,,,,SÍTIO DOS PINTOS,,,,1,0,0,1,0,0,0,0,0,1,0,,,,,,,,,,,,,
202217238,2022-07-29,,COM VÍTIMA,FINALIZADA,VÁRZEA,RUA RIBEIRO PESSOA,345,,PROX HOTEL TURQUESA,VÁRZEA,,SUBURBIO,COLISÃO COM CICLISTA,1,0,0,1,0,0,0,0,0,1,0,Longo da via,Bom,Não existe,Perfeito estado,Seca,Perfeito estado,Não existe,Não há placas,,Dupla,Faixa seccionada,,
202217242,2022-07-29,,SEM VÍTIMA,FINALIZADA,BOA VISTA,AV GOVERNADOR AGAMENON MAGALHAES,3311,,PRÓXIMO AO SUPER BOMPREÇO,BOA VISTA,,SUBURBIO,,1,0,0,0,0,1,0,0,0,0,0,Longo da via,Bom,Não existe,Perfeito estado,Seca,Perfeito estado,Não existe,Não há placas,60 km/h,Dupla,Faixa seccionada,Canteiro central,Outros
202217243,2022-07-29,,SEM VÍTIMA,FINALIZADA,SANTO AMARO,AV CRUZ CABUGA,,,AO LADO DO SHOPPING TACARUNA,SANTO AMARO,,CIDADE,COLISÃO TRASEIRA,1,0,0,0,0,1,0,0,0,0,0,Longo da via,Bom,Não existe,Perfeito estado,Seca,Perfeito estado,Outros,Outras,,Dupla,Canteiro central,,
202217263,2022-07-29,,COM VÍTIMA,FINALIZADA,IPUTINGA,AV MAURICIO DE NASSAU,,,EM FRENTE AO HOSPITAL ALTINO VENTURA,IPUTINGA,,CIDADE,COLISÃO LATERAL,1,1,0,0,0,0,0,0,0,1,0,Longo da via,Bom,Não existe,Perfeito estado,Seca,Perfeito estado,Não existe,Não há placas,,Dupla,Faixa contínua,,
202217271,2022-07-29,,SEM VÍTIMA,FINALIZADA,SANTO AMARO,AV CRUZ CABUGA,141,,EM FRENTE A IGREJA UNIVERSAL,SANTO AMARO,,CIDADE,COLISÃO TRANSVERSAL,0,0,0,0,0,1,0,1,0,0,0,Longo da via,Bom,Não existe,Perfeito estado,Seca,Perfeito estado,Não existe,Outras,,Dupla,Faixa contínua,,
202217276,2022-07-29,,COM VÍTIMA,FINALIZADA,TORRE,RUA PROFESSOR TRAJANO DE MENDONCA,320,RUA VITORIANO PALHARES,"RUA PROFESSOR TRAJANO DE MENDONÇA  /  RUA VITORIANO PALHARES - NO SENTIDO TORRE / MADALENA. -  PRÓX. AO ATACADO DOS PRESENTES, COLISÃO TRASEIRA.  SYMBOL PEP0552 / BROS MXU5017",TORRE,,,COLISÃO TRASEIRA,1,1,0,0,0,0,0,0,0,1,0,Longo da via,Bom,Não existe,Não existente,Seca,Perfeito estado,Não existe,Não há placas,60 km/h,Única,Não existe,,
202217280,2022-07-29,,SEM VÍTIMA,FINALIZADA,IMBIRIBEIRA,AV MARECHAL MASCARENHAS DE MORAES,6211,,EM FRENTE AO FÓRUM DESEMBARGADOR NEVES FILHO,IMBIRIBEIRA,,,,0,0,0,0,0,1,0,1,0,0,0,,Bom,Não existe,Perfeito estado,Seca,Perfeito estado,Não existe,Não há placas,60 km/h,Dupla,Canteiro central,,
202217284,2022-07-29,,COM VÍTIMA,FINALIZADA,IPSEP,RUA ADERBAL DE MELO,135,RUA HELIO BRANDAO,"DE ESQUINA COM RESTAURANTE CHAMBARIL E FEIJOADA DO JOÃO, MOTORISTA  COLIDIU COM UM CICLISTA E JÁ FOI ACIOANDO O SAMU, PDV4367 FIAT PRATA.",IPSEP,,SUBURBIO,COLISÃO COM CICLISTA,1,0,0,1,0,0,0,0,0,1,0,Cruzamento,Bom,Não existe,Incompleta,Seca,Perfeito estado,Não existe,"Placas ""Pare""",,Dupla,Não existe,,
202217288,2022-07-29,,COM VÍTIMA,FINALIZADA,ILHA JOANA BEZERRA,VDO PAPA JOAO PAULO II,,,ACIDENTE COM VÍTIMA. SAMU NO LOCAL PRESTANDO SOCORRO. VEÍCULOS NO SENTIDO PINA / DERBY. ENVIANDO BATEDORES DA CTTU.,ILHA JOANA BEZERRA,,CIDADE,COLISÃO TRASEIRA,1,1,0,0,0,0,0,0,0,2,0,Viaduto,Bom,Não existe,Perfeito estado,Seca,Perfeito estado,Não existe,Não há placas,,Única,Faixa contínua,,
202217296,2022-07-29,,COM VÍTIMA,FINALIZADA,ILHA DO LEITE,AV GOVERNADOR AGAMENON MAGALHAES,1261,,PROX A FARMACIA PAGUE MENOS,ILHA DO LEITE,,OLINDA,COLISÃO FRONTAL,1,2,0,0,0,0,0,0,0,3,0,Longo da via,Bom,Não existe,Perfeito estado,Seca,Perfeito estado,Não existe,,60 km/h,Dupla,Canteiro central,,
202217298,2022-07-29,,COM VÍTIMA,CANCELADA,TORRÕES,AV ENGENHEIRO ABDIAS DE CARVALHO,3068,,"EM FRENTE AO SOS AUTO PEÇAS, ACIDENTES FLAGRADO PELO SISTEMA DE MONITORAMENTO , IMAGENS SALVAS, EQUIPE BP TRAN  PAROU NO LOCAL REALIZANDO APOIO E ACIONANDO O SOCORRO.",TORRÕES,271,CIDADE,COLISÃO TRASEIRA,0,2,0,0,0,0,0,0,0,3,0,,,,,,,,,,,,,
202217310,2022-07-29,,COM VÍTIMA,FINALIZADA,CORDEIRO,AV ENGENHEIRO ABDIAS DE CARVALHO,,RUA TIJUCAS,PRÓXIMO AO ESPETINHO PRIME,CORDEIRO,422,,COLISÃO TRANSVERSAL,1,1,0,0,0,0,0,0,0,1,0,Cruzamento,Bom,Sem defeito,Perfeito estado,Seca,Perfeito estado,,,,Dupla,,,
202217335,2022-07-30,,COM VÍTIMA,FINALIZADA,SANTO AMARO,AV CRUZ CABUGA,1419,,EM FRENTE À SEFAZ,SANTO AMARO,,CIDADE,COLISÃO LATERAL,1,1,0,0,0,0,0,0,0,1,0,Longo da via,Bom,Não existe,Perfeito estado,Seca,Perfeito estado,Não existe,Não há placas,40 km/h,Dupla,Faixa seccionada,,
202217352,2022-07-30,,COM VÍTIMA,FINALIZADA,IPUTINGA,RUA EMILIANO BRAGA,97,,EM FRENTE A PB HOSPITALAR,IPUTINGA,,SUBURBIO,COLISÃO LATERAL,1,1,0,0,0,0,0,0,0,1,0,Cruzamento,Chuvoso,Não existe,Não existente,,Mal conservada,Não existe,Não há placas,,,,,
202217359,2022-07-30,,COM VÍTIMA,CANCELADA,ARRUDA,RUA DO MACHADO,,RUA ZEFERINO AGRA,EM FRENTE A IGREJA DE SANTO ANTONIO,ARRUDA,,,COLISÃO LATERAL,1,1,0,0,0,0,0,0,0,1,0,,,,,,,,,,,,,
202217360,2022-07-30,,SEM VÍTIMA,CANCELADA,TORRE,AV BEIRA RIO,,,PROX A  PONTE DA TORRE,TORRE,,,COLISÃO LATERAL,2,0,0,0,0,0,0,0,0,0,0,,,,,,,,,,,,,
202217369,2022-07-30,,SEM VÍTIMA,CANCELADA,BOA VIAGEM,AV BOA VIAGEM,3232,,EM FRENTE AO EDF. ACAIACA,BOA VIAGEM,,,COLISÃO LATERAL,2,0,0,0,0,0,0,0,0,0,0,,,,,,,,,,,,,
202217372,2022-07-30,,COM VÍTIMA,CANCELADA,VÁRZEA,AV JOAQUIM RIBEIRO,867,,PRÓXIMO AO POSTO DISLUB / RESIDENCIAL MARCOS FREIRE,VÁRZEA,,,COLISÃO LATERAL,1,1,0,0,0,0,0,0,0,1,0,,,,,,,,,,,,,
202217374,2022-07-31,,SEM VÍTIMA,FINALIZADA,AREIAS,AV RECIFE,,,ALTURA DA PONTE DO CAÇOTE - SENTIDO CEASA,AREIAS,,,ATROPELAMENTO DE ANIMAL,1,0,0,0,0,0,0,0,1,0,0,,,,,,,,,,,,,
202217381,2022-07-31,,SEM VÍTIMA,FINALIZADA,AREIAS,AV RECIFE,,,ALTURA DA PONTE DO CAÇOTE - SENTIDO CEASA,AREIAS,,,ATROPELAMENTO DE ANIMAL,0,0,0,0,0,0,0,0,0,0,0,,,,,,,,,,,,,
202217389,2022-07-31,,SEM VÍTIMA,FINALIZADA,CORDEIRO,AV ENGENHEIRO ABDIAS DE CARVALHO,,AV GENERAL SAN MARTIN,"COLISÃO ATÍPICA : ENGAVETAMENTO ENTRE TRÊS VEÍCULOS, IMOBILAZADO POR ESTAR COM COMBUSTÍVEL  ( GÁS VEÍCULAR )  -  ORIENTADO A TIRA FOTOS DA DINÂMICA DO ACIDENTE, RETIRA OS VEÍCULOS PARA LOCAL SEGURO E POSTERIOR REALIZAR O BATE PRONTO.",CORDEIRO,,SUBURBIO,ENGAVETAMENTO,3,0,0,0,0,0,0,0,0,0,0,,,,,,,,,,,,,
202217392,2022-07-31,,COM VÍTIMA,FINALIZADA,CASA AMARELA,RUA PADRE LEMOS,,RUA SURUBIM,"KINITOS / ENTRADA VASCO DA GAMA ,  CLINICA ODONTOLOGICA",CASA AMARELA,,CIDADE,COLISÃO FRONTAL,0,2,0,0,0,0,0,0,0,2,0,Longo da via,Bom,Não existe,Incompleta,Seca,Mal conservada,Não existe,R-6a,,Dupla,Não existe,,
202217398,2022-07-31,,SEM VÍTIMA,FINALIZADA,MANGABEIRA,AV PROFESSOR JOSE DOS ANJOS,45,,PRÓXIMO DIGO POR TRÁS DO MOTEL.  UM EQUINO FOI ATROPELADO ESTAR AO SOLO VERIFICAR SE AINDA VIVE E E OU ESTAR COM A PATA QUEBRADA. ACIONANDO O GERENTE A  E  O CVA.,MANGABEIRA,,,ATROPELAMENTO DE ANIMAL,0,0,0,0,0,0,0,0,0,0,0,,,,,,,,,,,,,
202217404,2022-07-31,,COM VÍTIMA,FINALIZADA,BOA VIAGEM,RUA VISCONDE DE JEQUITINHONHA,1418,,"ANTES DO POSTO SHELL,  EM FRENTE AO EDIFICIL CARAVELAS",BOA VIAGEM,,SUBURBIO,COLISÃO LATERAL,1,1,0,0,0,1,0,0,0,1,0,Viaduto,Chuvoso,Não existe,Perfeito estado,Molhada,Perfeito estado,Não existe,Outras,60 km/h,Única,Faixa contínua,Faixa seccionada,
202217438,2022-07-31,,SEM VÍTIMA,FINALIZADA,ILHA JOANA BEZERRA,AV ADVOGADO JOSE PAULO CAVALCANTI,,VDO PAPA JOAO PAULO II,"UM EQUINO FOI ATROPELADO E VEIO A ÓBITO EM HORÁRIO NÃO INFORMADO, PORÉM AO AMANHECER POR CONTA DE UMA OBRA DA EMLURB FOI CONSTATADO O FATO. REPASSADO A GERENCIA CTTU PARA EFETIVAR A REMOÇÃO DO CORCEL.",ILHA JOANA BEZERRA,,CIDADE,ATROPELAMENTO DE ANIMAL,0,0,0,0,0,0,0,0,0,0,0,,,,,,,,,,,,,
202217447,2022-07-31,,SEM VÍTIMA,FINALIZADA,TORRE,RUA JOSE BONIFACIO,,,EM FRENTE A PADARIA NOVA ARMADA,TORRE,191,SUBURBIO,CHOQUE,1,0,0,0,0,0,0,0,0,0,0,Longo da via,Nublado,Sem defeito,Incompleta,Seca,Perfeito estado,Faixa de pedestre,R-6a,,Única,Faixa seccionada,,
202217462,2022-07-31,,SEM VÍTIMA,FINALIZADA,COHAB,RUA JOAO CORDEIRO DE SOUZA,,,EM FRENTE AO Nº 97,COHAB,,CIDADE,COLISÃO FRONTAL,2,0,0,0,0,0,0,0,0,0,0,Longo da via,Bom,Não existe,Perfeito estado,Seca,Perfeito estado,Não existe,Não há placas,,Dupla,Não existe,,
202217489,2022-08-01,,COM VÍTIMA,FINALIZADA,BARRO,AV DR JOSE RUFINO,,,PRÓXIMO À RUA PADRE NÓBREGA,BARRO,,CIDADE,COLISÃO LATERAL,0,0,0,0,0,0,0,0,0,1,0,,,,,,,,,,,,,
202217521,2022-08-01,,COM VÍTIMA,CANCELADA,BOA VISTA,RUA HENRIQUE DIAS,,AV GOVERNADOR AGAMENON MAGALHAES,APÓS A PRAÇA DO DERBY,BOA VISTA,,CIDADE,QUEDA,0,1,0,0,0,0,0,0,0,1,0,,,,,,,,,,,,,
202217529,2022-08-01,,COM VÍTIMA,FINALIZADA,BOA VIAGEM,RUA MARIA CAROLINA,,RUA MINISTRO NELSON HUNGRIA,E/F AO HOTEL BEACH CLASS  RESIDENCE,BOA VIAGEM,,,ATROPELAMENTO DE PESSOA,1,0,0,0,1,0,0,0,0,1,0,Cruzamento,Bom,Não existe,Perfeito estado,Seca,Perfeito estado,Não existe,Não há placas,,Única,Não existe,,
202217552,2022-08-02,,COM VÍTIMA,FINALIZADA,SÃO JOSÉ,AV SUL,,,SEMAFORO Nº 076,SÃO JOSÉ,76,SUBURBIO,COLISÃO TRANSVERSAL,1,0,0,0,0,1,0,0,0,1,0,Esquina,Chuvoso,Intermitente,Perfeito estado,Molhada,Perfeito estado,Não existe,Não há placas,,Dupla,Canteiro central,,
202217606,2022-08-02,,COM VÍTIMA,FINALIZADA,ESPINHEIRO,AV JOAO DE BARROS,1629,RUA ALFREDO DE CASTRO,"EM FRENTE AO BANCO ITAU,  FEDERAÇÃO ESPIRITA PERNAMBUCANA",ESPINHEIRO,,SUBURBIO,COLISÃO TRASEIRA,1,0,1,0,0,0,0,0,0,1,0,,,,,,,,,,,,,
202217619,2022-08-02,,SEM VÍTIMA,FINALIZADA,BOA VIAGEM,AV ENGENHEIRO DOMINGOS FERREIRA,1350,,EM FRENTE  CONJUNTO PERNAMBUCANO,BOA VIAGEM,,SUBURBIO,COLISÃO TRASEIRA,2,0,0,0,0,0,0,0,0,0,0,Longo da via,Bom,Não existe,Perfeito estado,Seca,Perfeito estado,Não existe,Não há placas,,Única,Faixa seccionada,,
202217622,2022-08-02,,SEM VÍTIMA,FINALIZADA,DERBY,RUA JENER DE SOUZA,,PRC DO DERBY,PÇ DO DERBY,DERBY,,CIDADE,,1,0,0,0,0,0,0,1,0,0,0,Cruzamento,Bom,Não existe,Incompleta,Seca,Perfeito estado,Faixa de pedestre,R-6c,,Única,Faixa seccionada,,
202217630,2022-08-02,,COM VÍTIMA,FINALIZADA,SANTO AMARO,AV NORTE MIGUEL ARRAES DE ALENCAR,866,,"EM FRENTE A RECIFE TONNER, GRAFICA E ASSISTÊNCIA TÉCNICA",SANTO AMARO,397,SUBURBIO,COLISÃO TRASEIRA,1,1,0,0,0,0,0,0,0,1,0,Longo da via,Bom,Desligado,Perfeito estado,Seca,Perfeito estado,Faixa de pedestre,Outras,60 km/h,Dupla,Faixa seccionada,Canteiro central,
202217638,2022-08-02,,COM VÍTIMA,FINALIZADA,MADALENA,AV CAXANGA,,RUA JOAO IVO DA SILVA,PRÓXIMO AO TÚNEL DA ABOLIÇÃO,MADALENA,257,CIDADE,COLISÃO COM CICLISTA,0,1,0,1,0,0,0,0,0,2,0,Longo da via,Bom,Sem defeito,Perfeito estado,Seca,Perfeito estado,Faixa de pedestre,Outras,,Dupla,Faixa contínua,,
202217648,2022-08-03,,COM VÍTIMA,FINALIZADA,CAXANGÁ,AV CAXANGA,1221,,DROGASIL,CAXANGÁ,,CIDADE,COLISÃO FRONTAL,1,1,0,0,0,0,0,0,0,1,0,,,,,,,,,,,,,
202217657,2022-08-03,,SEM VÍTIMA,FINALIZADA,SANTO AMARO,RUA COELHO LEITE,,RUA ARTUR COUTINHO,,SANTO AMARO,,CIDADE,,1,0,0,0,0,0,0,1,0,0,0,Cruzamento,Chuvoso,Não existe,Não existente,Molhada,Perfeito estado,Não existe,Não há placas,30 km/h,Dupla,Não existe,,
202217670,2022-08-03,,SEM VÍTIMA,FINALIZADA,BOA VIAGEM,RUA ANTONIO FALCAO,55,,EM FRENTE AO RESTAURANTE ILHA CAMARÕES,BOA VIAGEM,,,COLISÃO FRONTAL,2,0,0,0,0,0,0,0,0,0,0,,,,,,,,,,,,,
202217695,2022-08-03,,SEM VÍTIMA,FINALIZADA,ESPINHEIRO,RUA DO ESPINHEIRO,360,,,ESPINHEIRO,,SUBURBIO,COLISÃO TRASEIRA,2,0,0,0,0,0,0,0,0,0,0,Longo da via,Chuvoso,Não existe,Perfeito estado,Molhada,Perfeito estado,Não existe,Outras,40 km/h,Única,Não existe,,