Protocolo,data,hora,natureza,situacao,bairro,endereco,numero,detalhe_endereco_acidente,complemento,bairro_cruzamento,num_semaforo,sentido_via,tipo,auto,moto,ciclom,ciclista,pedestre,onibus,caminhao,viatura,outros,vitimas,vitimasfatais,acidente_verificado,tempo_clima,situacao_semaforo,sinalizacao,condicao_via,conservacao_via,ponto_controle,situacao_placa,velocidade_max_via,mao_direcao,divisao_via1,divisao_via2,divisao_via3
202217696,2022-08-03,,COM VÍTIMA,FINALIZADA,MADALENA,RUA BENFICA,,RUA JOAO IVO DA SILVA,"EM FRENTE AO MUSEU DA ABOLIÇÃO, SENT. DERBY",MADALENA,257,CIDADE,COLISÃO LATERAL,0,1,0,0,0,0,0,1,0,1,0,Longo da via,Chuvoso,Sem defeito,Perfeito estado,Molhada,Perfeito estado,Faixa de pedestre,Outras,,Única,Faixa contínua,,
202217706,2022-08-03,,COM VÍTIMA,FINALIZADA,BOA VIAGEM,RUA TENENTE JOAO CICERO,833,AVENIDA CELSO FURTADO (VIA MANGUE),FABRICA DE SORVETE MILET,BOA VIAGEM,,CIDADE,COLISÃO LATERAL,1,1,0,0,0,0,0,0,0,1,0,Cruzamento,Chuvoso,Não existe,Perfeito estado,Molhada,Perfeito estado,Faixa de retenção,"Placas ""Pare""",60 km/h,Única,Faixa contínua,,
202217709,2022-08-03,,COM VÍTIMA,FINALIZADA,IPSEP,RUA PINTOR ANTONIO ALBUQUERQUE,51,RUA PROFESSOR JOSE VICENTE,MERCADINHO CONVENÇÃO,IPSEP,,SUBURBIO,COLISÃO TRANSVERSAL,1,1,0,0,0,0,0,0,0,1,0,Cruzamento,Chuvoso,Não existe,Perfeito estado,Molhada,Perfeito estado,Faixa de pedestre,"Placas ""Pare""",40 km/h,Única,Faixa seccionada,,
202217732,2022-08-03,,COM VÍTIMA,FINALIZADA,DERBY,AV GOVERNADOR AGAMENON MAGALHAES,,AV GOVERNADOR CARLOS DE LIMA CAVALCANTI,"LADO OPOSTO À PRAÇA DO DERBY, SENTIDO OLINDA",DERBY,75,SUBURBIO,COLISÃO TRASEIRA,1,0,0,0,0,1,0,0,0,1,0,Cruzamento,Chuvoso,Sem defeito,Perfeito estado,Molhada,Perfeito estado,,R-26,60 km/h,Única,Faixa contínua,,
202217751,2022-08-04,,SEM VÍTIMA,FINALIZADA,ILHA JOANA BEZERRA,AV DES GUERRA BARRETO,,,FÓRUM DESEMBARGADOR RODOLFO AURELIANO,ILHA JOANA BEZERRA,,,COLISÃO FRONTAL,0,0,0,0,0,0,0,0,0,0,0,,,,,,,,,,,,,
202217776,2022-08-04,,COM VÍTIMA,FINALIZADA,ARRUDA,AV PROFESSOR JOSE DOS ANJOS,159B,RUA DESENHISTA EULINO SANTOS,SEMÁFORO 642,ARRUDA,642,CIDADE,COLISÃO LATERAL,0,1,0,0,0,0,1,0,0,1,0,Esquina,Bom,Sem defeito,,Seca,Perfeito estado,Não existe,Outras,40 km/h,Dupla,Canal,,
202217777,2022-08-04,,COM VÍTIMA,FINALIZADA,ROSARINHO,RUA DES MARTINS PEREIRA,475,RUA TELES JUNIOR,POR TRÁS DO BIG BOMPREÇO,ROSARINHO,,,COLISÃO LATERAL,1,1,0,0,0,0,0,0,0,1,0,Cruzamento,Bom,Não existe,Perfeito estado,Seca,Perfeito estado,Faixa de pedestre,"Placas ""Pare""",30 km/h,Única,Faixa contínua,,
202217785,2022-08-04,,COM VÍTIMA,FINALIZADA,JIQUIÁ,AV DR JOSE RUFINO,13,,FABRICA DA IOLANDA,JIQUIÁ,,CIDADE,COLISÃO FRONTAL,0,1,0,0,0,0,0,1,0,1,0,Cruzamento,Bom,Não existe,Incompleta,Seca,Perfeito estado,Não existe,R-19,60 km/h,Dupla,Faixa contínua,Faixa seccionada,
202217796,2022-08-04,,SEM VÍTIMA,FINALIZADA,AFOGADOS,RUA PEDRO CABRAL DE OLIVEIRA,97,RUA SAO MIGUEL,AO LADO DA ESCOLA,AFOGADOS,,CIDADE,CHOQUE,2,0,0,0,0,0,1,0,0,0,0,Cruzamento,Bom,Não existe,Perfeito estado,Seca,Perfeito estado,Não existe,Não há placas,,Única,Não existe,,
202217803,2022-08-04,,COM VÍTIMA,FINALIZADA,CORDEIRO,EST DO FORTE DO ARRAIAL N. DO B. JESUS,922,,EM FRENTE A PEIXARIA  PAPESCANDO,CORDEIRO,,,COLISÃO COM CICLISTA,1,0,0,1,0,0,0,0,0,1,0,Longo da via,Bom,Não existe,Perfeito estado,Seca,Perfeito estado,Não existe,Não há placas,40 km/h,Dupla,Faixa contínua,,
202217832,2022-08-04,,SEM VÍTIMA,FINALIZADA,SANTO AMARO,RUA BARROS BARRETO,23,AV GOVERNADOR AGAMENON MAGALHAES,,SANTO AMARO,,CIDADE,CHOQUE,0,0,0,0,0,0,0,1,0,0,0,Longo da via,Bom,Não existe,Não existente,Seca,Perfeito estado,Faixa de pedestre,"Placas ""Pare""",,Dupla,Não existe,,
202217838,2022-08-04,,COM VÍTIMA,FINALIZADA,DOIS IRMÃOS,RUA DOIS IRMAOS,,,EM FRENTE AO LAFEPE,DOIS IRMÃOS,,SUBURBIO,COLISÃO TRASEIRA,1,1,0,0,0,0,0,0,0,1,0,Longo da via,Bom,Não existe,Perfeito estado,Seca,Perfeito estado,,,,Dupla,Faixa seccionada,,
202217847,2022-08-04,,COM VÍTIMA,FINALIZADA,TEJIPIÓ,AV DR JOSE RUFINO,,,ALÇA DA BR 101 SUL,TEJIPIÓ,,CIDADE,COLISÃO TRANSVERSAL,1,1,0,0,0,0,0,0,0,1,0,Esquina,Bom,Não existe,Perfeito estado,Seca,Perfeito estado,Não existe,Outras,,Dupla,Faixa seccionada,,
202217865,2022-08-05,,COM VÍTIMA,FINALIZADA,IPUTINGA,AV CAXANGA,,,"EM FRENTE AO GOLF CLUB, SENT. CIDADE",IPUTINGA,,,COLISÃO LATERAL,0,1,0,0,0,1,0,0,0,1,0,Longo da via,Chuvoso,Não existe,Perfeito estado,Molhada,Perfeito estado,Não existe,Não há placas,60 km/h,Dupla,Canteiro central,,
202217886,2022-08-05,,COM VÍTIMA,FINALIZADA,BOA VIAGEM,RUA ERNESTO DE PAULA SANTOS,1277,,EM FRENTE AOS CORREIOS,BOA VIAGEM,,SUBURBIO,COLISÃO TRASEIRA,1,1,0,0,0,0,0,0,0,2,0,Longo da via,Bom,Não existe,Perfeito estado,Seca,Perfeito estado,Não existe,R-6a,,Única,Faixa seccionada,,
202217903,2022-08-05,,SEM VÍTIMA,FINALIZADA,BOA VISTA,RUA JOAQUIM FELIPE,200,,PROX. AO POSTO SHELL,BOA VISTA,,CIDADE,,1,0,0,0,0,1,0,0,0,0,0,Longo da via,Bom,Não existe,Perfeito estado,Seca,Perfeito estado,Não existe,Não há placas,60 km/h,Única,Não existe,,
202217908,2022-08-05,,COM VÍTIMA,FINALIZADA,SANTO ANTÔNIO,AV DOM PEDRO I - IMPERADOR,100,,POR TRÁS DO FPORUM THOMAZ DE AQUINO,SANTO ANTÔNIO,,,COLISÃO LATERAL,2,1,0,0,0,0,0,0,0,1,0,Longo da via,Bom,Não existe,Perfeito estado,Seca,Perfeito estado,Não existe,Não há placas,60 km/h,Única,Faixa seccionada,,
202217912,2022-08-05,,COM VÍTIMA,FINALIZADA,BOA VIAGEM,AV DOM JOAO VI,,RUA JOSE DA SILVA LUCENA,PRÓX.  AO COLÉGIO GGE,BOA VIAGEM,,,COLISÃO LATERAL,1,1,0,0,0,0,0,0,0,1,0,Longo da via,Bom,Não existe,Ilegível,Seca,Mal iluminada,Não existe,Não há placas,,Única,Não existe,,
202217922,2022-08-05,,COM VÍTIMA,FINALIZADA,IPUTINGA,AV MAURICIO DE NASSAU,,,EM FRENTE AO HOSPITAL ALTINO VENTURA,IPUTINGA,645,SUBURBIO,COLISÃO TRANSVERSAL,1,1,0,0,0,0,0,0,0,1,0,Longo da via,Bom,Sem defeito,Perfeito estado,Seca,Perfeito estado,Faixa de pedestre,Não há placas,40 km/h,Dupla,Faixa contínua,,
202217945,2022-08-05,,COM VÍTIMA,FINALIZADA,CABANGA,AV ENGENHEIRO JOSE ESTELITA,,,APOS O CABANGA IATE CLUBE  S/T CID,CABANGA,,CIDADE,COLISÃO LATERAL,1,1,0,0,0,0,0,0,0,1,0,Longo da via,Bom,Não existe,Perfeito estado,Seca,Perfeito estado,Não existe,Não há placas,60 km/h,Dupla,Canteiro central,,
202217948,2022-08-05,,COM VÍTIMA,FINALIZADA,ARRUDA,RUA DESENHISTA EULINO SANTOS,169,,,ARRUDA,,CIDADE,ATROPELAMENTO DE ANIMAL,0,1,0,0,1,0,0,0,1,3,0,Longo da via,Bom,Não existe,Perfeito estado,Seca,Perfeito estado,Não existe,Não há placas,40 km/h,Dupla,Canteiro central,,
202217969,2022-08-05,,SEM VÍTIMA,CANCELADA,BREJO DA GUABIRABA,RUA SENHOR DO BONFIM,60,,EM FRENTE A GARAGEM DE ONIBUS DA GLOBO,BREJO DA GUABIRABA,,,COLISÃO LATERAL,1,0,0,0,0,1,0,0,0,0,0,,,,,,,,,,,,,
202217978,2022-08-05,,COM VÍTIMA,FINALIZADA,AREIAS,AV RECIFE,,,EM FERNTE AO BIG BOMPREÇO DA AV RECIFE - SENTIDO CEASA,AREIAS,,SUBURBIO,COLISÃO TRASEIRA,2,1,0,0,0,0,0,0,0,2,0,Longo da via,Bom,Sem defeito,Perfeito estado,Seca,Perfeito estado,,,60 km/h,Única,Faixa seccionada,,
202217984,2022-08-05,,COM VÍTIMA,FINALIZADA,AREIAS,RUA AURORA CACOTE,775,RUA DONA ANA AURORA,EM FRENTE AO FRIGORIFICO BOI QUENTE,AREIAS,,,COLISÃO FRONTAL,1,1,0,0,0,0,0,0,0,2,0,Longo da via,Bom,Não existe,Perfeito estado,Seca,Perfeito estado,Não existe,Não há placas,,Dupla,Não existe,,
202218002,2022-08-06,,COM VÍTIMA,FINALIZADA,BOA VIAGEM,AV BOA VIAGEM,998,,PRÓXIMO AO EDIFÍCIO ENGENHEIRO JULIO MARANHÃO FILHO,BOA VIAGEM,,,COLISÃO TRASEIRA,2,0,0,0,0,0,0,0,0,1,0,,,,,,,,,,,,,
202218003,2022-08-06,,SEM VÍTIMA,CANCELADA,MADALENA,RUA JOSE OSORIO,,RUA REAL DA TORRE,PROX. AO MERCADO DA MADALENA E POSTO BR,MADALENA,,,COLISÃO LATERAL,2,0,0,0,0,0,0,0,0,0,0,,,,,,,,,,,,,
202218012,2022-08-06,,SEM VÍTIMA,FINALIZADA,CASA AMARELA,AV NORTE MIGUEL ARRAES DE ALENCAR,4750,,LADO OPOSTO AO ARMAZÉM CORAL,CASA AMARELA,,,COLISÃO TRASEIRA,1,0,0,0,0,0,0,1,0,0,0,Longo da via,Bom,Não existe,Incompleta,Seca,Mal conservada,Outros,Outras,,Dupla,Canteiro central,,
202218031,2022-08-06,,COM VÍTIMA,FINALIZADA,IMBIRIBEIRA,AV MARECHAL MASCARENHAS DE MORAES,,RUA PAMPULHA,Mitsubishi,IMBIRIBEIRA,534,,COLISÃO LATERAL,1,1,0,0,0,0,0,0,0,1,0,Longo da via,Bom,Sem defeito,Perfeito estado,Seca,Perfeito estado,,,,Única,,,
202218060,2022-08-06,,COM VÍTIMA,FINALIZADA,IPSEP,RUA ITAJAI,246,,AO LADO DO BANCO ITAU,IPSEP,,SUBURBIO,COLISÃO TRANSVERSAL,2,0,0,0,0,0,0,0,0,2,0,Cruzamento,Bom,Não existe,Perfeito estado,Seca,Perfeito estado,Faixa de pedestre,Outras,40 km/h,Única,Não existe,,
202218075,2022-08-06,,COM VÍTIMA,FINALIZADA,APIPUCOS,RUA DE APIPUCOS,,,E/F AO PARQUE DE APIPUCOS,APIPUCOS,,SUBURBIO,CHOQUE,0,1,0,0,0,0,0,0,0,1,0,Longo da via,Bom,Não existe,Incompleta,Seca,Perfeito estado,Não existe,Outras,,Dupla,Faixa contínua,Faixa seccionada,
202218093,2022-08-06,,COM VÍTIMA,FINALIZADA,IMBIRIBEIRA,RUA JOAQUIM BANDEIRA,,RUA SARGENTO SILVINO DE MACEDO,MOTEL PRAIA SUL,IMBIRIBEIRA,,SUBURBIO,COLISÃO TRASEIRA,2,0,0,0,0,0,0,0,0,1,0,Cruzamento,Bom,Não existe,Incompleta,Seca,Mal iluminada,Não existe,Não há placas,,Dupla,Não existe,,
202218096,2022-08-07,,COM VÍTIMA,FINALIZADA,SANTO AMARO,AV MARIO MELO,,AV CRUZ CABUGA,EM FRENTE A IGREJA ASSEMBLÉIA DE DEUS,SANTO AMARO,,,COLISÃO TRANSVERSAL,0,2,0,0,0,0,0,0,0,2,0,Cruzamento,Chuvoso,Sem defeito,Perfeito estado,Molhada,Perfeito estado,Faixa de pedestre,Não há placas,,Dupla,Canteiro central,,
202218098,2022-08-07,,COM VÍTIMA,FINALIZADA,CAMPO GRANDE,RUA PROFESSOR FRANCISCO DA TRINDADE,481,RUA CATULO DA PAIXAO CEARENSE,,CAMPO GRANDE,,CIDADE,COLISÃO TRANSVERSAL,2,0,0,0,0,0,0,0,0,3,0,Cruzamento,Chuvoso,Não existe,Perfeito estado,Molhada,,Faixa de pedestre,"Placas ""Pare""",40 km/h,Dupla,Faixa seccionada,,
202218114,2022-08-07,,COM VÍTIMA,FINALIZADA,GRAÇAS,AV RUI BARBOSA,,RUA CARDEAL ARCOVERDE,PRÓX. AO SUPERMERCADO RECIBOM / RESTAURANTE ILHA DA KOSTA,GRAÇAS,126,,COLISÃO LATERAL,1,1,0,0,0,0,0,0,0,1,0,Cruzamento,Chuvoso,Sem defeito,Perfeito estado,Molhada,Perfeito estado,Faixa de pedestre,Não há placas,,Única,Não existe,,
202218126,2022-08-07,,COM VÍTIMA,FINALIZADA,BONGI,AV ENGENHEIRO ABDIAS DE CARVALHO,,,APOS O NOVO ATACAREJO,BONGI,,CIDADE,ATROPELAMENTO DE PESSOA,1,0,0,0,1,0,0,0,0,1,0,Longo da via,Bom,Não existe,Não existente,Seca,Perfeito estado,Não existe,Não há placas,,Dupla,,,
202218166,2022-08-07,,COM VÍTIMA,FINALIZADA,FUNDÃO,AV BEBERIBE,,RUA CORONEL URBANO RIBEIRO DE SENA,PRÓXIMO AO PAGODE DA PRESSÃO,FUNDÃO,307,CIDADE,COLISÃO TRANSVERSAL,1,1,0,0,0,0,0,0,0,1,0,Cruzamento,Bom,Sem defeito,Perfeito estado,Seca,Mal conservada,Faixa de pedestre,Outras,,Dupla,Faixa contínua,Faixa seccionada,
202218179,2022-08-08,,SEM VÍTIMA,FINALIZADA,IMBIRIBEIRA,AV MARECHAL MASCARENHAS DE MORAES,,VIADUTO TANCREDO NEVES,PROXIMO AO VIADUTO TANCREDO NEVES,IMBIRIBEIRA,,,COLISÃO FRONTAL,0,0,0,0,0,2,0,0,0,0,0,,,,,,,,,,,,,
202218187,2022-08-08,,COM VÍTIMA,FINALIZADA,BOA VIAGEM,AV DOM JOAO VI,,,EM FRENTE AO COLEGIO MOTIVO,BOA VIAGEM,,SUBURBIO,COLISÃO LATERAL,1,0,0,0,1,0,1,0,0,1,0,Longo da via,Bom,Não existe,Perfeito estado,Seca,Perfeito estado,,Não há placas,50 km/h,Única,Canal,,
202218189,2022-08-08,,COM VÍTIMA,FINALIZADA,SÃO JOSÉ,RUA IMPERIAL,981,TRV DO RAPOSO,PROX AO HOTEL CRISTAL,SÃO JOSÉ,510,SUBURBIO,COLISÃO TRANSVERSAL,1,1,0,0,0,0,0,0,0,1,0,Cruzamento,Bom,Sem defeito,Incompleta,Seca,Mal conservada,Faixa de pedestre,R-6a,,Única,Faixa seccionada,,
202218198,2022-08-08,,COM VÍTIMA,FINALIZADA,ENCRUZILHADA,AV NORTE MIGUEL ARRAES DE ALENCAR,2991,,EM FRENTE À EXTRAFARMA,ENCRUZILHADA,,CIDADE,ATROPELAMENTO DE PESSOA,0,1,0,0,1,0,0,0,0,2,0,Longo da via,Bom,Não existe,Perfeito estado,Seca,Perfeito estado,Faixa de pedestre,Outras,,Dupla,Canteiro central,,
202218211,2022-08-08,,COM VÍTIMA,FINALIZADA,JIQUIÁ,RUA SAO MIGUEL,1294,,AFOGADOS ALUMINIO,JIQUIÁ,,SUBURBIO,COLISÃO LATERAL,1,1,0,0,0,0,0,0,0,1,0,Longo da via,Bom,Não existe,Perfeito estado,Seca,Perfeito estado,Não existe,Não há placas,,Dupla,Faixa seccionada,,
202218237,2022-08-08,,COM VÍTIMA,FINALIZADA,JORDÃO,AV MARIA IRENE,500,,EM FRENTE A NUE SUPERFICIES,JORDÃO,,,COLISÃO LATERAL,1,1,0,0,0,0,0,0,0,1,0,Longo da via,Bom,Não existe,Incompleta,Seca,Perfeito estado,Não existe,Não há placas,,Dupla,Faixa contínua,,
202218270,2022-08-08,,COM VÍTIMA,FINALIZADA,CABANGA,AV ANTONIO DE GOES,,,AO LADO DO CABANGA IATE CLUBE,CABANGA,,CIDADE,COLISÃO LATERAL,1,1,0,0,0,1,0,0,0,2,0,Ponte,Bom,Não existe,Perfeito estado,Seca,Perfeito estado,Não existe,Não há placas,60 km/h,Única,Faixa contínua,,
202218301,2022-08-09,,COM VÍTIMA,FINALIZADA,IPUTINGA,AV CAXANGA,3666,,PROX AO HOSPITAL BARÃO DE LUCENA,IPUTINGA,8,SUBURBIO,COLISÃO LATERAL,1,1,0,0,0,0,0,0,0,1,0,Cruzamento,Bom,Sem defeito,Perfeito estado,Seca,Perfeito estado,Faixa de pedestre,Outras,,Dupla,Canteiro central,,
202218312,2022-08-09,,COM VÍTIMA,FINALIZADA,PINA,RUA AMAZONAS,196,RUA TOME GIBSON,EDF. PARQUE AMAZONAS E EDF. ENCANTA MOÇA,PINA,,SUBURBIO,COLISÃO LATERAL,5,0,0,0,0,0,0,0,0,1,0,Cruzamento,Bom,Não existe,Perfeito estado,Seca,Perfeito estado,Faixa de pedestre,"Placas ""Pare""",,Única,Faixa seccionada,,
202218319,2022-08-09,,COM VÍTIMA,FINALIZADA,PINA,AVENIDA CELSO FURTADO (VIA MANGUE),,,"PROX. AOS RESIDENCIAIS, NO FINAL DA VIA MANGUE SENT. PINA",PINA,,CIDADE,CHOQUE,1,1,0,0,0,0,0,0,0,1,0,Longo da via,Bom,Não existe,Perfeito estado,Seca,Perfeito estado,,,,Dupla,Canteiro central,,
202218341,2022-08-09,,COM VÍTIMA,FINALIZADA,BOA VIAGEM,AV ENGENHEIRO DOMINGOS FERREIRA,1537,,E/F A CERPE,BOA VIAGEM,,SUBURBIO,COLISÃO TRASEIRA,1,1,0,0,0,0,0,0,0,1,0,Longo da via,Bom,Sem defeito,Perfeito estado,Seca,Perfeito estado,Faixa de pedestre,R-6a,60 km/h,Única,Canteiro central,,
202218345,2022-08-09,,COM VÍTIMA,FINALIZADA,SANTO AMARO,RUA DOS PALMARES,225,RUA ARNOBIO MARQUES,EM FRENTE AO JULIÃO,SANTO AMARO,,SUBURBIO,COLISÃO COM CICLISTA,1,0,0,1,0,0,0,0,0,1,0,Cruzamento,Bom,Não existe,Perfeito estado,Seca,Perfeito estado,Faixa de pedestre,Outras,,Única,Faixa seccionada,,
202218349,2022-08-09,,COM VÍTIMA,FINALIZADA,ILHA DO LEITE,RUA MINAS GERAIS,,RUA MARQUES AMORIM,POR TRÁS DA UNIMEDE 3,ILHA DO LEITE,,,COLISÃO FRONTAL,1,1,0,0,0,0,0,0,0,1,0,Longo da via,Bom,Não existe,Perfeito estado,Seca,Perfeito estado,Não existe,Não há placas,60 km/h,Única,Faixa seccionada,,
202218350,2022-08-09,,COM VÍTIMA,FINALIZADA,SÃO JOSÉ,RUA TOBIAS BARRETO,460,,PROX  MS  ELETRONICA E/F AO EDF MONTANHA,SÃO JOSÉ,,CIDADE,ATROPELAMENTO DE PESSOA,1,0,0,0,1,0,0,0,0,1,0,Longo da via,Bom,Não existe,Perfeito estado,Seca,Perfeito estado,Não existe,Outras,,Única,Não existe,,
202218373,2022-08-09,,COM VÍTIMA,FINALIZADA,TAMARINEIRA,RUA PADRE ROMA,,RUA DO FUTURO,EM FRENTE AO HOSPITAL ALBERT SABIN,TAMARINEIRA,,,COLISÃO COM CICLISTA,0,1,0,1,0,0,0,0,0,1,0,Cruzamento,Bom,Sem defeito,Perfeito estado,Seca,Perfeito estado,Faixa de pedestre,Não há placas,40 km/h,Única,Faixa seccionada,,
202218380,2022-08-10,,COM VÍTIMA,FINALIZADA,CIDADE UNIVERSITÁRIA,RUA PROFESSOR ANTONIO COELHO,70,,COLÉGIO E CURSO DESAFIO,CIDADE UNIVERSITÁRIA,,,ATROPELAMENTO DE PESSOA,0,0,0,0,1,1,0,0,0,1,0,,,,,,,,,,,,,
202218389,2022-08-10,,COM VÍTIMA,FINALIZADA,IBURA,AV DOIS RIOS,1091,RUA JORNALISTA EDSON REGIS,EM FRENTE AO POSTO BR,IBURA,,CIDADE,COLISÃO TRASEIRA,1,1,0,0,0,0,0,0,0,1,0,Longo da via,Bom,Sem defeito,Perfeito estado,Seca,Perfeito estado,Faixa de retenção,R-6a,,Dupla,Faixa contínua,,
202218397,2022-08-10,,COM VÍTIMA,FINALIZADA,IMBIRIBEIRA,AV MARECHAL MASCARENHAS DE MORAES,4514,,EMFRENTE AO FÓRUM TRABALHISTA,IMBIRIBEIRA,,,COLISÃO LATERAL,1,1,0,0,0,0,0,0,0,1,0,Longo da via,Bom,Sem defeito,Perfeito estado,Seca,Perfeito estado,Não existe,R-6a,60 km/h,Dupla,Canteiro central,,
202218407,2022-08-10,,COM VÍTIMA,FINALIZADA,GRAÇAS,RUA DAS CREOULAS,268,,EM FRENTE AO MACUNAÍMA,GRAÇAS,,,CHOQUE,1,0,0,0,0,0,0,0,0,1,0,Longo da via,Bom,Não existe,Perfeito estado,Seca,Perfeito estado,Não existe,R-6a,60 km/h,Única,Faixa seccionada,,
202218440,2022-08-10,,COM VÍTIMA,FINALIZADA,JOANA BEZERRA,RUA IMPERIAL,4217,RUA BOM SUCESSO,PROX AO VIADUTO CAPITÃO TEMUDO,JOANA BEZERRA,,SUBURBIO,COLISÃO TRANSVERSAL,1,1,0,0,0,0,0,0,0,1,0,Cruzamento,Bom,Não existe,Incompleta,Seca,Perfeito estado,Não existe,Não há placas,,Única,Faixa seccionada,,
202218445,2022-08-10,,COM VÍTIMA,FINALIZADA,MADALENA,AV JOSE GONCALVES DE MEDEIROS,2019,RUA COMENDADOR BENTO AGUIAR,EM FRENTE AO PAGUE MENOS,MADALENA,,SUBURBIO,COLISÃO LATERAL,1,1,0,0,0,0,0,0,0,1,0,Cruzamento,Bom,Não existe,Não existente,Seca,Mal conservada,Não existe,Não há placas,,Única,,,
202218448,2022-08-10,,COM VÍTIMA,FINALIZADA,AREIAS,AV CAPITAO GREGORIO DE CALDAS,266,,EM FRENTE AO RESTAURANTE DO BATATA,AREIAS,,,ATROPELAMENTO DE PESSOA,0,1,0,0,1,0,0,0,0,1,0,Longo da via,Bom,Não existe,Incompleta,Seca,Mal conservada,Não existe,"Placas ""Pare""",,Dupla,Não existe,,
202218461,2022-08-11,,COM VÍTIMA,FINALIZADA,SAN MARTIN,AV ENGENHEIRO ABDIAS DE CARVALHO,,AV GENERAL SAN MARTIN,NOVO ATACAREJO,SAN MARTIN,58,SUBURBIO,COLISÃO LATERAL,1,1,0,0,0,0,0,0,0,1,0,Cruzamento,Bom,Sem defeito,Perfeito estado,Seca,Perfeito estado,Faixa de pedestre,Não há placas,60 km/h,Dupla,Canteiro central,,
202218473,2022-08-11,,COM VÍTIMA,FINALIZADA,AFOGADOS,RUA SAO MIGUEL,1694,,CHURRASCARIA CHARQUE NA BRASA,AFOGADOS,,CIDADE,COLISÃO FRONTAL,2,1,0,0,0,0,0,0,0,1,0,Longo da via,Chuvoso,Sem defeito,Perfeito estado,Molhada,Perfeito estado,Outros,Outras,,Dupla,Faixa contínua,,
202218483,2022-08-11,,SEM VÍTIMA,FINALIZADA,BOA VISTA,RUA PRINCESA IZABEL,,RUA SETE DE SETEMBRO,FACULDADE DE DIREITO,BOA VISTA,,CIDADE,COLISÃO TRANSVERSAL,0,0,0,0,0,1,0,1,0,0,0,Cruzamento,Bom,Não existe,Perfeito estado,Seca,Perfeito estado,Faixa de pedestre,"Placas ""Pare""",,,Não existe,,
202218492,2022-08-11,,COM VÍTIMA,FINALIZADA,ARRUDA,AV BEBERIBE,1745,RUA ZEFERINO AGRA,PROX A DELEGACIA DE ÁGUA FRIA,ARRUDA,,CIDADE,COLISÃO TRANSVERSAL,1,1,0,0,0,0,0,0,0,2,0,,Bom,Não existe,,Seca,Perfeito estado,Faixa de pedestre,,40 km/h,Única,Faixa contínua,,
202218510,2022-08-11,,COM VÍTIMA,FINALIZADA,SÃO JOSÉ,AV SUL,488,RUA PADRE JOSE DE SA LEITAO,PROXIMO AO SEMAFORO  509,SÃO JOSÉ,509,CIDADE,COLISÃO TRASEIRA,1,1,0,0,0,0,0,0,0,1,0,Cruzamento,Bom,Sem defeito,Perfeito estado,Seca,Perfeito estado,Faixa de pedestre,Não há placas,,Única,Faixa contínua,,
202218512,2022-08-11,,COM VÍTIMA,FINALIZADA,MADALENA,RUA REAL DA TORRE,478,RUA JOSE OSORIO,EM FRENTE AO MERCADO DA MADALENA,MADALENA,,,COLISÃO LATERAL,1,1,0,0,0,0,0,0,0,1,0,Longo da via,Bom,Não existe,Perfeito estado,Seca,Perfeito estado,Não existe,Outras,,Única,Faixa seccionada,,
202218531,2022-08-11,,COM VÍTIMA,FINALIZADA,ÁGUA FRIA,RUA DA REGENERACAO,363,,PROX A LEO CHOP,ÁGUA FRIA,,SUBURBIO,COLISÃO FRONTAL,0,2,0,0,0,0,0,0,0,1,0,Longo da via,Bom,Não existe,Não existente,Molhada,Mal conservada,Não existe,Outras,40 km/h,Dupla,Não existe,,
202218555,2022-08-11,,SEM VÍTIMA,FINALIZADA,IPUTINGA,RUA CAPITAO AURELIO DE ARAUJO,58,,LADO OPOSTO AO RESTAURANTE BODE DO PRIMO,IPUTINGA,,,CHOQUE,2,0,0,0,0,0,0,0,0,0,0,Longo da via,Bom,Não existe,,Seca,Perfeito estado,Não existe,Não há placas,,Dupla,Não existe,,
202218567,2022-08-12,,COM VÍTIMA,FINALIZADA,ROSARINHO,AV NORTE MIGUEL ARRAES DE ALENCAR,2944,,EM FRENTE A EXTRA FARMA,ROSARINHO,,SUBURBIO,QUEDA,0,1,0,0,0,0,0,0,0,1,0,,,,,,,,,,,,,
202218582,2022-08-12,,COM VÍTIMA,FINALIZADA,SANTO AMARO,AV GOVERNADOR AGAMENON MAGALHAES,,,"EM FRENTE A UPE, SENT. OLINDA",SANTO AMARO,,SUBURBIO,COLISÃO LATERAL,1,1,0,0,0,0,0,0,0,1,0,Longo da via,Bom,Sem defeito,Perfeito estado,Seca,Perfeito estado,Outros,Outras,,Única,Faixa seccionada,,
202218600,2022-08-12,,SEM VÍTIMA,FINALIZADA,SAN MARTIN,RUA VINTE E UM DE ABRIL,,,EM FRENTE A PADARIA PARIS,SAN MARTIN,,CIDADE,,1,0,0,0,0,0,0,0,0,0,0,Longo da via,Bom,Não existe,Incompleta,Seca,Perfeito estado,Não existe,Não há placas,,Dupla,Faixa seccionada,,
202218610,2022-08-12,,COM VÍTIMA,FINALIZADA,CORDEIRO,AV CAXANGA,,AV GENERAL SAN MARTIN,EM FRENTE AO T.I. DA CAXANGÁ,CORDEIRO,80,CIDADE,COLISÃO TRASEIRA,1,1,0,0,0,0,0,0,0,1,0,Longo da via,Bom,Sem defeito,Perfeito estado,Seca,Perfeito estado,Faixa de pedestre,Não há placas,60 km/h,Única,,,