Protocolo,data,hora,natureza,situacao,bairro,endereco,numero,detalhe_endereco_acidente,complemento,bairro_cruzamento,num_semaforo,sentido_via,tipo,auto,moto,ciclom,ciclista,pedestre,onibus,caminhao,viatura,outros,vitimas,vitimasfatais,acidente_verificado,tempo_clima,situacao_semaforo,sinalizacao,condicao_via,conservacao_via,ponto_controle,situacao_placa,velocidade_max_via,mao_direcao,divisao_via1,divisao_via2,divisao_via3
202220180,2022-08-29,,SEM VÍTIMA,FINALIZADA,GRAÇAS,AV RUI BARBOSA,760,,EDF VILA DAS GRAÇAS,GRAÇAS,,,COLISÃO TRASEIRA,1,0,0,0,0,0,0,1,0,0,0,,,,,,,,,,,,,
202220181,2022-08-29,,COM VÍTIMA,FINALIZADA,BOA VIAGEM,RUA POETA ZEZITO NEVES,411,,COLÉGIO SANTA MARIA,BOA VIAGEM,,,COLISÃO LATERAL,1,1,0,0,0,0,0,0,0,1,0,Longo da via,Bom,Não existe,Perfeito estado,Seca,Perfeito estado,Faixa de pedestre,R-6a,,Única,Não existe,,
202220182,2022-08-29,,COM VÍTIMA,DUPLICIDADE,BOA VIAGEM,RUA POETA ZEZITO NEVES,281,,"PROX O COLÉGIO SANTA MARIA, PORTÃO 09",BOA VIAGEM,,,COLISÃO LATERAL,1,1,0,0,0,0,0,0,0,1,0,,,,,,,,,,,,,
202220192,2022-08-29,,COM VÍTIMA,FINALIZADA,BOA VIAGEM,AV ENGENHEIRO DOMINGOS FERREIRA,4023,,EM FRENTE AO EMPRESARIAL BOA VIAGEM / PRÓX. AO RESTAURANTE FAMIGLIA GIULIANO,BOA VIAGEM,155,,COLISÃO TRASEIRA,2,0,0,0,0,0,0,0,0,1,0,Longo da via,Bom,Sem defeito,Não existente,Seca,Outros,Faixa de pedestre,R-6a,,Única,Faixa seccionada,,
202220197,2022-08-29,,COM VÍTIMA,CANCELADA,PINA,AV REPUBLICA DO LIBANO,,,NA ENTRADA DO TUNEL,PINA,,,COLISÃO LATERAL,0,2,0,0,0,0,0,0,0,1,0,,,,,,,,,,,,,
202220205,2022-08-29,,COM VÍTIMA,FINALIZADA,CORDEIRO,RUA DR MIGUEL VIEIRA FERREIRA,365,,EM FRENTE A LOJA DE MOTOS G ORENGO,CORDEIRO,,,COLISÃO TRASEIRA,1,1,0,0,0,0,0,0,0,1,0,Longo da via,Bom,Não existe,Ilegível,Seca,Perfeito estado,Não existe,R-6a,,Dupla,Faixa contínua,,
202220210,2022-08-29,,COM VÍTIMA,FINALIZADA,BARRO,AV DR JOSE RUFINO,,,VIADUTO DO BARRO,BARRO,,SUBURBIO,COLISÃO FRONTAL,1,1,0,0,0,0,0,0,0,1,0,Cruzamento,Bom,Não existe,Não existente,Seca,Perfeito estado,Não existe,Não há placas,,Dupla,Não existe,,
202220224,2022-08-29,,COM VÍTIMA,FINALIZADA,CAMPO GRANDE,RUA MARQUES DE BAIPENDI,120,,MAGNUS TELECOMUNICAÇÕES,CAMPO GRANDE,,SUBURBIO,COLISÃO LATERAL,1,1,0,0,0,0,0,0,0,1,0,Longo da via,Bom,Não existe,Perfeito estado,Seca,Perfeito estado,Não existe,Não há placas,60 km/h,Dupla,Faixa seccionada,,
202220230,2022-08-29,,COM VÍTIMA,CANCELADA,SAN MARTIN,RUA DELMIRO GOUVEIA,221,,PROXIMO DA CHESF,SAN MARTIN,,,COLISÃO TRASEIRA,1,1,0,0,0,0,0,0,0,1,0,,,,,,,,,,,,,
202220242,2022-08-29,,COM VÍTIMA,FINALIZADA,MADALENA,RUA BENFICA,,,EM FRENTE AO CLUBE INTERNACIONAL,MADALENA,,CIDADE,COLISÃO LATERAL,1,1,0,0,0,0,0,0,0,1,0,Longo da via,Bom,Não existe,Não existente,Seca,Perfeito estado,Não existe,R-6a,40 km/h,Única,Faixa seccionada,,
202220243,2022-08-29,,COM VÍTIMA,FINALIZADA,BOA VIAGEM,RUA DEZ DE JULHO,,RUA CAMBOIM,EM FRENTE A CASA DE FESTA MAISON CRISTAL,BOA VIAGEM,,,COLISÃO LATERAL,1,1,0,0,0,0,0,0,0,1,0,Longo da via,Bom,Não existe,Perfeito estado,Seca,Perfeito estado,Faixa de pedestre,Não há placas,40 km/h,Única,Faixa seccionada,,
202220247,2022-08-30,,SEM VÍTIMA,FINALIZADA,ESPINHEIRO,RUA QUARENTA E OITO,,RUA DO ESPINHEIRO,SEMÁFORO 166,ESPINHEIRO,166,CIDADE,COLISÃO TRANSVERSAL,1,0,0,0,0,1,0,0,0,0,0,Cruzamento,Bom,Sem defeito,Perfeito estado,Seca,Perfeito estado,Faixa de pedestre,Outras,,Única,Faixa contínua,,
202220266,2022-08-30,,COM VÍTIMA,FINALIZADA,BARRO,AV DR JOSE RUFINO,2342,RUA CAPITAO PONCIANO,PRÓX. À PARÓQUIA NOSSA SENHORA DA CONCEIÇÃO,BARRO,,SUBURBIO,COLISÃO TRANSVERSAL,1,1,0,0,0,0,0,0,0,1,0,Longo da via,Bom,Não existe,Perfeito estado,Seca,Perfeito estado,Não existe,"Placas ""Pare""",60 km/h,Dupla,Faixa contínua,,
202220268,2022-08-30,,COM VÍTIMA,FINALIZADA,ROSARINHO,AV SANTOS DUMONT,490,RUA TELES JUNIOR,BOLERIA MAGI,ROSARINHO,,,COLISÃO LATERAL,1,1,0,0,0,0,0,0,0,1,0,Cruzamento,Bom,Não existe,Incompleta,Seca,Perfeito estado,Faixa de pedestre,Outras,,Única,Faixa seccionada,,
202220281,2022-08-30,,COM VÍTIMA,FINALIZADA,DERBY,AV GOVERNADOR AGAMENON MAGALHAES,,,SENT. OLINDA EM FRENTE A MC´DONALD,DERBY,75,SUBURBIO,COLISÃO TRASEIRA,1,1,0,0,0,0,0,0,0,1,0,Cruzamento,Bom,Sem defeito,Perfeito estado,Seca,Perfeito estado,Faixa de pedestre,Outras,60 km/h,Dupla,Canteiro central,,
202220312,2022-08-30,,COM VÍTIMA,FINALIZADA,BOA VIAGEM,AV ENGENHEIRO DOMINGOS FERREIRA,4420,,DELEGACIA DE BOA VIAGEM,BOA VIAGEM,,SUBURBIO,COLISÃO LATERAL,1,1,0,0,0,0,0,0,0,1,0,Longo da via,Bom,Não existe,Perfeito estado,Seca,Perfeito estado,Não existe,Não há placas,,Única,Canteiro central,,
202220326,2022-08-30,,COM VÍTIMA,FINALIZADA,SANTO AMARO,AV GOVERNADOR AGAMENON MAGALHAES,,AV DR JAYME DA FONTE,E/F AO INSTITUTO DE CRIMINALÍSTICA ( IC ) S/T OLINDA,SANTO AMARO,,,COLISÃO LATERAL,1,1,0,0,0,0,0,0,0,1,0,Cruzamento,Bom,Sem defeito,Perfeito estado,Seca,Perfeito estado,Faixa de pedestre,Outras,40 km/h,Dupla,Faixa contínua,,
202220348,2022-08-30,,COM VÍTIMA,FINALIZADA,ÁGUA FRIA,RUA JOAO UZEDA LUNA,75,RUA JOAO UZEDA LUNA,,ÁGUA FRIA,,SUBURBIO,COLISÃO LATERAL,1,1,0,0,0,0,0,0,0,1,0,Cruzamento,Bom,Não existe,Incompleta,Seca,Perfeito estado,Não existe,R-6a,40 km/h,Dupla,Não existe,,
202220350,2022-08-31,,COM VÍTIMA,FINALIZADA,ENCRUZILHADA,AV BEBERIBE,,RUA PEDRO ALVES,EM FRENTE À DROGASIL,ENCRUZILHADA,186,SUBURBIO,COLISÃO LATERAL,1,1,0,0,0,0,0,0,0,1,0,Longo da via,Chuvoso,Sem defeito,Perfeito estado,Molhada,Perfeito estado,Faixa de pedestre,Não há placas,40 km/h,Dupla,Faixa contínua,,
202220358,2022-08-31,,COM VÍTIMA,FINALIZADA,IPSEP,AV RECIFE,1810,,AO LADO DA PADARIA VILA DO PÃO,IPSEP,,SUBURBIO,COLISÃO TRASEIRA,1,1,0,0,0,0,0,0,0,1,0,Longo da via,Chuvoso,Sem defeito,Perfeito estado,Molhada,Perfeito estado,Agente,R-4a,,Única,Canteiro central,,
202220371,2022-08-31,,COM VÍTIMA,FINALIZADA,BOA VISTA,AV CONDE DA BOA VISTA,,RUA SETE DE SETEMBRO,FAIXA DE PEDESTRE  DO SEMAFORO 486,BOA VISTA,486,,ATROPELAMENTO DE PESSOA,1,0,0,0,1,0,0,0,0,1,0,Cruzamento,Bom,Sem defeito,Perfeito estado,Seca,Perfeito estado,,Outras,,Dupla,Canteiro central,,
202220382,2022-08-31,,COM VÍTIMA,FINALIZADA,ILHA DO RETIRO,RUA ANTONIO GOMES DE FREITAS,191,,,ILHA DO RETIRO,,CIDADE,COLISÃO LATERAL,2,0,0,0,0,0,0,0,0,1,0,Longo da via,Bom,Sem defeito,Perfeito estado,Seca,Perfeito estado,Não existe,R-34,40 km/h,Única,Faixa seccionada,,
202220386,2022-08-31,,SEM VÍTIMA,CANCELADA,ENGENHO DO MEIO,RUA ANTONIO CURADO,,RUA MANUEL ALVES DEUSDARA,PROX A PRAÇA DO ENGENHO DO MEIO NA ROTATORIA,ENGENHO DO MEIO,,,COLISÃO LATERAL,2,0,0,0,0,0,0,0,0,0,0,,,,,,,,,,,,,
202220398,2022-08-31,,COM VÍTIMA,FINALIZADA,VÁRZEA,RUA DIOGO DE VASCONCELOS,234,RUA JAGUARIBARA,PROX A OFICINA DO BRENNAND,VÁRZEA,,SUBURBIO,COLISÃO TRASEIRA,1,1,0,0,0,0,0,0,0,1,0,Longo da via,Bom,Não existe,Não existente,Seca,Perfeito estado,Não existe,Não há placas,,Dupla,Não existe,,
202220402,2022-08-31,,COM VÍTIMA,CANCELADA,APIPUCOS,RUA DE APIPUCOS,1070,,EM FRENTE AO 11º BPM,APIPUCOS,,,COLISÃO LATERAL,0,2,0,0,0,0,0,0,0,1,0,,,,,,,,,,,,,
202220404,2022-08-31,,COM VÍTIMA,FINALIZADA,IMBIRIBEIRA,AV MARECHAL MASCARENHAS DE MORAES,2284,RUA ITACARE,EM FRENTE A FERREIRA COSTA,IMBIRIBEIRA,386,SUBURBIO,COLISÃO LATERAL,1,1,0,0,0,0,0,0,0,1,0,Esquina,Bom,Sem defeito,Incompleta,Seca,Perfeito estado,,Outras,,Dupla,Canteiro central,,
202220405,2022-08-31,,SEM VÍTIMA,FINALIZADA,IBURA,LAD DA COHAB,,,SOB O POSTE 8041356,IBURA,,SUBURBIO,COLISÃO TRASEIRA,2,0,0,0,0,0,0,0,0,0,0,Longo da via,Bom,Não existe,,Seca,Mal conservada,Não existe,R-6a,,Dupla,,,
202220406,2022-08-31,,COM VÍTIMA,FINALIZADA,BEBERIBE,AV BEBERIBE,,,EM FRENTE AO COLEGIO PEDRO AUGUSTO,BEBERIBE,,CIDADE,COLISÃO TRASEIRA,0,1,0,0,0,1,0,0,0,2,0,Longo da via,Bom,Não existe,Perfeito estado,Seca,Perfeito estado,Não existe,Não há placas,,Dupla,Faixa contínua,Faixa seccionada,
202220409,2022-08-31,,COM VÍTIMA,CANCELADA,CAXANGÁ,AV JOAQUIM RIBEIRO,384,,EM FRENTE A ESTAÇÃO AREINHA DO BRT,CAXANGÁ,,,COLISÃO LATERAL,1,1,0,0,0,0,0,0,0,1,0,,,,,,,,,,,,,
202220413,2022-08-31,,COM VÍTIMA,FINALIZADA,JIQUIÁ,AV DR JOSE RUFINO,,RUA VEREADOR FRANCISCO DE PAULA SANTANA CHICO DA MANOLA,EM FRENTE AO RESTAURANTE BODE DO NÔ,JIQUIÁ,,CIDADE,COLISÃO LATERAL,1,1,0,0,0,0,0,0,0,1,0,Longo da via,Bom,Sem defeito,Perfeito estado,Seca,Perfeito estado,Não existe,Não há placas,,Dupla,Faixa seccionada,,
202220431,2022-08-31,,COM VÍTIMA,FINALIZADA,BOA VIAGEM,RUA SA E SOUZA,,RUA BALTAZAR PASSOS,EM FRENTE  A CULTURA INGLESA,BOA VIAGEM,,SUBURBIO,COLISÃO LATERAL,1,1,0,0,0,0,0,0,0,1,0,Cruzamento,Bom,Não existe,Perfeito estado,Seca,Perfeito estado,Não existe,Não há placas,,Dupla,Faixa seccionada,,
202220434,2022-09-01,,COM VÍTIMA,FINALIZADA,TAMARINEIRA,RUA SIMAO MENDES,1997,,PRÓXIMO A FARMACIA PAGUE MENOS / POSTO SHELL,TAMARINEIRA,,,CHOQUE,1,0,0,0,0,0,0,0,0,1,0,Longo da via,Chuvoso,Não existe,Perfeito estado,Molhada,Perfeito estado,Faixa de pedestre,Outras,,Única,Não existe,,
202220448,2022-09-01,,COM VÍTIMA,FINALIZADA,BOA VIAGEM,RUA DEZ DE JULHO,,RUA WALDEMAR NERY CARNEIRO MONTEIRO,PROX. A SOUZA EDIFICAÇÕES,BOA VIAGEM,573,,COLISÃO LATERAL,2,0,0,0,0,0,0,0,0,1,0,Cruzamento,Chuvoso,Sem defeito,Perfeito estado,Molhada,Perfeito estado,Faixa de pedestre,R-24a,,Única,Faixa contínua,,
202220455,2022-09-01,,COM VÍTIMA,FINALIZADA,IMBIRIBEIRA,AV MARECHAL MASCARENHAS DE MORAES,,,EM FRENTE A FACULDADE UNIVERSO,IMBIRIBEIRA,501,CIDADE,COLISÃO COM CICLISTA,0,1,0,1,0,0,0,0,0,1,0,Longo da via,Bom,Sem defeito,Perfeito estado,Seca,Perfeito estado,Faixa de pedestre,Outras,60 km/h,Única,Faixa contínua,,
202220458,2022-09-01,,COM VÍTIMA,FINALIZADA,MADALENA,AV VISCONDE DE ALBUQUERQUE,401,RUA LOPES DE CARVALHO,"COMITÊ MIGUEL COELHO ,  GALERIA MADALENA CENTER",MADALENA,,,COLISÃO LATERAL,3,0,0,0,0,0,0,0,0,2,0,Cruzamento,Bom,Não existe,Perfeito estado,Seca,Perfeito estado,Não existe,"Placas ""Pare""",,Única,Faixa seccionada,,
202220462,2022-09-01,,COM VÍTIMA,FINALIZADA,AFOGADOS,RUA SAO MIGUEL,1165,RUA ARNALDO PIMENTEL,EM FRENTE A POLICLINICA SÃO FRANCISCO,AFOGADOS,,CIDADE,COLISÃO FRONTAL,1,1,0,0,0,0,0,0,0,1,0,Cruzamento,Bom,Não existe,Perfeito estado,Seca,Perfeito estado,Não existe,Não há placas,50 km/h,Dupla,Faixa contínua,,
202220521,2022-09-01,,COM VÍTIMA,FINALIZADA,BAIRRO DO RECIFE,RUA DA AURORA,,,NA FRENTE DO INSTITUTO TAVARES BURIL,BAIRRO DO RECIFE,,,COLISÃO TRASEIRA,2,0,0,0,0,0,0,0,0,1,0,Longo da via,Bom,Não existe,Perfeito estado,Seca,Perfeito estado,Não existe,Não há placas,,Única,Canteiro central,,
202220522,2022-09-01,,SEM VÍTIMA,FINALIZADA,BOA VIAGEM,RUA VISCONDE DE JEQUITINHONHA,,RUA BALTAZAR PASSOS,,BOA VIAGEM,154,SUBURBIO,COLISÃO TRANSVERSAL,1,0,0,0,0,0,0,1,0,0,0,Cruzamento,Bom,Sem defeito,Perfeito estado,Seca,Perfeito estado,Faixa de pedestre,Outras,40 km/h,Única,Faixa contínua,,
202220531,2022-09-01,,COM VÍTIMA,FINALIZADA,IMBIRIBEIRA,AV MARECHAL MASCARENHAS DE MORAES,,,EM FRENTE A FLOR E ARTE NO FINAL DA AVENIDA,IMBIRIBEIRA,,CIDADE,COLISÃO TRASEIRA,1,1,0,0,0,0,0,0,0,2,0,Longo da via,Bom,Sem defeito,Perfeito estado,Seca,Perfeito estado,Faixa de pedestre,,,Única,Faixa contínua,Faixa seccionada,Canteiro central
202220532,2022-09-01,,COM VÍTIMA,FINALIZADA,IPSEP,AV RECIFE,,,SAL E BRASA,IPSEP,,SUBURBIO,COLISÃO TRASEIRA,0,1,0,0,0,0,1,0,0,1,0,Longo da via,Bom,Não existe,Perfeito estado,Seca,Perfeito estado,Não existe,Não há placas,,,Faixa seccionada,,
202220536,2022-09-01,,COM VÍTIMA,FINALIZADA,PORTO DA MADEIRA,AV BEBERIBE,4011,RUA ARAPARI,EM FRENTE AO REI DO ARRUMADINHO,PORTO DA MADEIRA,,SUBURBIO,COLISÃO FRONTAL,1,1,0,0,0,0,0,0,0,1,0,Esquina,Chuvoso,Não existe,Não existente,Molhada,Perfeito estado,Não existe,Não há placas,,Dupla,Não existe,,
202220559,2022-09-02,,COM VÍTIMA,FINALIZADA,CORDEIRO,AV CAXANGA,3124,RUA CAPITAO AURELIO DE ARAUJO,EM FENTE À MOVIDA ALUGUEL DE CARROS,CORDEIRO,610,SUBURBIO,COLISÃO LATERAL,1,1,0,0,0,0,0,0,0,1,0,Longo da via,Chuvoso,Sem defeito,Perfeito estado,Molhada,Perfeito estado,Faixa de pedestre,R-6a,,Dupla,Faixa contínua,Canteiro central,
202220609,2022-09-02,,COM VÍTIMA,FINALIZADA,GRAÇAS,AV GOVERNADOR AGAMENON MAGALHAES,,1 TRV JUSTICA E PAZ,EM FRENTE A QUADRA DO CLUBE PORTUGUÊS,GRAÇAS,,CIDADE,ATROPELAMENTO DE PESSOA,0,1,0,0,1,0,0,0,0,1,0,Longo da via,Bom,Não existe,Perfeito estado,Seca,Perfeito estado,Não existe,Não há placas,,Dupla,Canteiro central,,
202220628,2022-09-02,,COM VÍTIMA,CANCELADA,GRAÇAS,RUA DO FUTURO,,RUA AMELIA,BEM NO CRUZAMENTO DAS RUAS,GRAÇAS,,,COLISÃO COM CICLISTA,1,0,0,1,0,0,0,0,0,1,0,,,,,,,,,,,,,
202220634,2022-09-02,,COM VÍTIMA,CANCELADA,JORDÃO,RUA BEIRA RIO,847,,EM FRENTE A PANIFICADORA SÃO JORGE,JORDÃO,,,ATROPELAMENTO DE PESSOA,1,0,0,0,1,0,0,0,0,1,0,,,,,,,,,,,,,
202220639,2022-09-02,,SEM VÍTIMA,FINALIZADA,BAIRRO DO RECIFE,PTE GIRATORIA,,,SOBRE A PONTE,BAIRRO DO RECIFE,,,CHOQUE,0,0,0,0,0,0,1,0,0,0,0,Longo da via,Bom,Sem defeito,Perfeito estado,Seca,Perfeito estado,Faixa de retenção,Não há placas,,Dupla,Canteiro central,,
202220661,2022-09-03,,COM VÍTIMA,FINALIZADA,ILHA DO RETIRO,RUA COMENDADOR BENTO AGUIAR,95,AV JOSE GONCALVES DE MEDEIROS,EM FRENTE HJ VEICULOS,ILHA DO RETIRO,,,COLISÃO TRASEIRA,0,2,0,0,0,0,0,0,0,1,0,Longo da via,Bom,Não existe,Perfeito estado,Seca,Perfeito estado,Não existe,Não há placas,40 km/h,Dupla,Não existe,,
202220671,2022-09-03,,SEM VÍTIMA,FINALIZADA,CASA AMARELA,RUA CONS NABUCO,,EST DAS UBAIAS,PROXIMO AO POSTO DE GASOLINA BR,CASA AMARELA,,,CHOQUE,1,0,0,0,0,0,0,0,0,0,0,,,,,,,,,,,,,
202220691,2022-09-03,,COM VÍTIMA,FINALIZADA,ARRUDA,AV BEBERIBE,1581,RUA ALEGRE,E/F A CASA DE FESTA BATE PAPO,ARRUDA,64,SUBURBIO,COLISÃO LATERAL,0,1,0,0,0,1,0,0,0,1,0,Cruzamento,Bom,Sem defeito,Perfeito estado,Seca,Perfeito estado,Faixa de pedestre,Não há placas,,Única,Não existe,,
202220695,2022-09-03,,COM VÍTIMA,FINALIZADA,IPSEP,AV RECIFE,,,NO SEMAFORO 247  E/F A LOJA  JJK AUTOS   S/T BOA VIAGEM,IPSEP,,,COLISÃO LATERAL,3,1,0,0,0,0,0,0,0,1,0,,,,,,,,,,,,,
202220718,2022-09-03,,COM VÍTIMA,FINALIZADA,AREIAS,AV DR JOSE RUFINO,1260,RUA DA VILA,E/F  AO ARCO MIX,AREIAS,,CIDADE,COLISÃO LATERAL,1,1,0,0,0,0,0,0,0,1,0,Cruzamento,Bom,Não existe,Ilegível,Seca,Mal conservada,Não existe,Não há placas,60 km/h,Dupla,Faixa contínua,,
202220719,2022-09-03,,COM VÍTIMA,FINALIZADA,MADALENA,TUNEL DA ABOLICAO,,,DENTRO DO TUNEL,MADALENA,,CIDADE,QUEDA,0,1,0,0,0,0,0,0,0,2,0,Longo da via,Bom,Não existe,Incompleta,Molhada,Mal conservada,Não existe,Outras,,Única,Não existe,,
202220720,2022-09-03,,COM VÍTIMA,FINALIZADA,CASA FORTE,AV DEZESSETE DE AGOSTO,1869,,E/F AO COLEGIO MOTIVO S/T  SUB,CASA FORTE,,CIDADE,COLISÃO TRASEIRA,1,1,0,0,0,0,0,0,0,1,0,Longo da via,Bom,Sem defeito,Perfeito estado,Seca,Perfeito estado,Faixa de pedestre,Outras,,Dupla,Faixa contínua,,
202220721,2022-09-03,,COM VÍTIMA,FINALIZADA,JIQUIÁ,AV JOAO CABRAL DE MELO NETO,756,AV RECIFE,COLISÃO ENTRE DOIS VEÍCULOS,JIQUIÁ,,SUBURBIO,COLISÃO TRASEIRA,1,0,0,1,0,0,0,0,0,1,0,Longo da via,Bom,Não existe,Perfeito estado,Seca,Perfeito estado,Não existe,Não há placas,,Dupla,Canteiro central,,
202220734,2022-09-03,,COM VÍTIMA,FINALIZADA,CORDEIRO,RUA PROFESSOR JOAQUIM XAVIER DE BRITO,315,AV MARIO ALVARES PEREIRA DE LYRA,SOB SEMÁFORO 134  INFORMADO PELO SUPERVISOR GUTENBERG QUE A CELPE ENCONTRA-SE NO LOCAL DANDO PRECEDIMENTO  AO SERVIÇO  INFORMADO ÀS 18:02,CORDEIRO,134,CIDADE,CHOQUE,0,1,0,0,0,0,1,0,0,1,0,Cruzamento,Bom,Sem defeito,Perfeito estado,Seca,Perfeito estado,Faixa de pedestre,Não há placas,,Dupla,Não existe,,
202220737,2022-09-03,,COM VÍTIMA,FINALIZADA,TORRE,RUA JOSE BONIFACIO,1315,,COLISAO DENTRO DO CARREFOUR  NO TERREO PROX A OFICINA,TORRE,,,COLISÃO LATERAL,1,1,0,0,0,0,0,0,0,1,0,,Bom,,,,,,,,,,,
202220740,2022-09-03,,SEM VÍTIMA,FINALIZADA,ILHA DO RETIRO,AV ENGENHEIRO ABDIAS DE CARVALHO,,EST DOS REMEDIOS,NA LANCHONETE BOBES,ILHA DO RETIRO,,,COLISÃO TRASEIRA,3,0,0,0,0,0,0,0,0,0,0,,,,,,,,,,,,,
202220742,2022-09-03,,COM VÍTIMA,FINALIZADA,MADALENA,AV BEIRA RIO,825,RUA DOM JOAO DE SOUZA,E/F A CASA DO GOVERNADOR,MADALENA,,,ATROPELAMENTO DE PESSOA,0,1,0,0,1,0,0,0,0,2,0,Longo da via,Bom,Sem defeito,Perfeito estado,Seca,Mal iluminada,Faixa de pedestre,Outras,60 km/h,Dupla,Faixa contínua,,
202220756,2022-09-03,,COM VÍTIMA,FINALIZADA,CASA AMARELA,AV NORTE MIGUEL ARRAES DE ALENCAR,,RUA VASCO DA GAMA,ENTRADA DO VASCO DA GAMA,CASA AMARELA,66,SUBURBIO,COLISÃO FRONTAL,0,1,0,0,0,1,0,0,0,2,0,Cruzamento,Bom,Sem defeito,Perfeito estado,Seca,Perfeito estado,Faixa de pedestre,Não há placas,60 km/h,Dupla,Canteiro central,,
202220759,2022-09-03,,COM VÍTIMA,FINALIZADA,CAXANGÁ,AV CAXANGA,,,PRÓXIMO AO TERMINAL INTEGRADO DA CAXANGÁ ( GETÚLIO VARGAS),CAXANGÁ,80,CIDADE,ATROPELAMENTO DE PESSOA,0,1,0,0,1,0,0,0,0,1,0,Cruzamento,Bom,Sem defeito,Perfeito estado,Seca,Perfeito estado,Faixa de pedestre,Outras,,Dupla,Canteiro central,,
202220763,2022-09-03,,SEM VÍTIMA,FINALIZADA,MADALENA,AV ENGENHEIRO ABDIAS DE CARVALHO,,,PRÓXIMO A FACULDADE ESTÁCIO,MADALENA,,CIDADE,CHOQUE,0,0,0,0,0,0,0,0,0,0,0,Longo da via,Bom,Desligado,Perfeito estado,Seca,Perfeito estado,Faixa de pedestre,R-6a,,Única,Faixa seccionada,,
202220765,2022-09-04,,COM VÍTIMA,FINALIZADA,CAXANGÁ,AV JOAQUIM RIBEIRO,,RUA RIBEIRO PESSOA,UPA DA CAXANGA,CAXANGÁ,281,,COLISÃO FRONTAL,1,1,0,0,0,0,0,0,0,1,0,,,,,,,,,,,,,
202220769,2022-09-04,,COM VÍTIMA,FINALIZADA,JARDIM SÃO PAULO,AV RECIFE,449,,EM FRENTE A PICANHA REAL / HOTEL ESTORIL,JARDIM SÃO PAULO,704,,COLISÃO TRASEIRA,1,1,0,0,0,0,0,0,0,1,0,Longo da via,Bom,Sem defeito,Perfeito estado,Seca,Perfeito estado,Faixa de pedestre,Não há placas,60 km/h,Dupla,Canteiro central,,
202220787,2022-09-04,,COM VÍTIMA,FINALIZADA,MANGUEIRA,RUA DR JOAO ELISIO,247,,PRÓX. AO MERCADINHO SANTO ANTÔNIO,MANGUEIRA,,CIDADE,COLISÃO LATERAL,1,1,0,0,0,0,0,0,0,1,0,Longo da via,Bom,Não existe,Perfeito estado,Seca,Perfeito estado,Não existe,Não há placas,30 km/h,Dupla,Não existe,,
202220809,2022-09-04,,SEM VÍTIMA,FINALIZADA,BONGI,EST DO BONGI,,,EM FRENTE A IGREJA DO BONGI,BONGI,,,COLISÃO LATERAL,0,0,0,0,0,0,0,0,0,0,0,,,,,,,,,,,,,
202220814,2022-09-04,,COM VÍTIMA,FINALIZADA,MADALENA,AV CAXANGA,,RUA JOAO IVO DA SILVA,PROX A CELPE DA CAXANGA,MADALENA,257,CIDADE,COLISÃO FRONTAL,1,1,0,0,0,0,0,0,0,1,0,Cruzamento,Nublado,Sem defeito,Perfeito estado,Seca,Perfeito estado,Faixa de pedestre,R-26,40 km/h,Dupla,Faixa contínua,,
202220821,2022-09-04,,COM VÍTIMA,FINALIZADA,CASA AMARELA,RUA NOVA DESCOBERTA,144,RUA BUJARU,PROX AO CENTRO DE SAUDE MARIO MONTEIRO DE MELO,CASA AMARELA,,SUBURBIO,COLISÃO FRONTAL,1,1,0,0,0,0,0,0,0,1,0,Esquina,Bom,Não existe,Perfeito estado,Seca,Perfeito estado,,Outras,30 km/h,Dupla,,Faixa seccionada,
202220835,2022-09-04,,COM VÍTIMA,FINALIZADA,ENCRUZILHADA,AV NORTE MIGUEL ARRAES DE ALENCAR,,AV JOAO DE BARROS,CRUZAMENTO COM JOOÃO DE BARROS,ENCRUZILHADA,43,SUBURBIO,COLISÃO LATERAL,1,1,0,0,0,0,0,0,0,2,0,Cruzamento,Chuvoso,Sem defeito,Perfeito estado,Molhada,Perfeito estado,Faixa de pedestre,R-6a,,Dupla,Canteiro central,,
202220842,2022-09-05,,SEM VÍTIMA,FINALIZADA,BOA VIAGEM,AVENIDA CELSO FURTADO (VIA MANGUE),,,APÓS SUPERMERCADO EXTRA,BOA VIAGEM,,CIDADE,CHOQUE,0,0,0,0,0,0,0,0,0,0,0,,,,,,,,,,,,,
202220849,2022-09-05,,COM VÍTIMA,FINALIZADA,IMBIRIBEIRA,AV MARECHAL MASCARENHAS DE MORAES,2662,,"SENT. AEROPORTO, EM FRENTE AO IMBIRIBEIRA DIESEL",IMBIRIBEIRA,7,SUBURBIO,COLISÃO TRASEIRA,1,1,0,0,0,0,0,0,0,1,0,Longo da via,Chuvoso,Sem defeito,Não existente,Molhada,Perfeito estado,Não existe,Não há placas,60 km/h,Única,Não existe,,
202220857,2022-09-05,,COM VÍTIMA,FINALIZADA,MADALENA,RUA JOSE BONIFACIO,125,RUA URIEL PAES BARRETO,"EM FRENTE A ANTIGA AMPLA, AGORA ESCOLA CULTURA INGLESA",MADALENA,,SUBURBIO,COLISÃO LATERAL,2,0,0,0,0,0,0,0,0,1,0,Cruzamento,Chuvoso,Não existe,Perfeito estado,Molhada,Perfeito estado,Não existe,"Placas ""Pare""",,Única,Faixa seccionada,,
202220860,2022-09-05,,SEM VÍTIMA,FINALIZADA,IMBIRIBEIRA,AV MARECHAL MASCARENHAS DE MORAES,,,PROXIMO A FACULDADE DE SAUDE,IMBIRIBEIRA,,,COLISÃO TRASEIRA,1,1,0,0,0,0,0,0,0,0,0,,,,,,,,,,,,,