Protocolo,data,hora,natureza,situacao,bairro,endereco,numero,detalhe_endereco_acidente,complemento,bairro_cruzamento,num_semaforo,sentido_via,tipo,auto,moto,ciclom,ciclista,pedestre,onibus,caminhao,viatura,outros,vitimas,vitimasfatais,acidente_verificado,tempo_clima,situacao_semaforo,sinalizacao,condicao_via,conservacao_via,ponto_controle,situacao_placa,velocidade_max_via,mao_direcao,divisao_via1,divisao_via2,divisao_via3
202220862,2022-09-05,,COM VÍTIMA,FINALIZADA,AREIAS,RUA IPOJUCA,274,RUA CARUARU,PRÓX. À ESCOLA MUNICIPAL DE AREIAS,AREIAS,,CIDADE,COLISÃO LATERAL,1,1,0,0,0,0,0,0,0,1,0,Cruzamento,Chuvoso,Não existe,Perfeito estado,Molhada,Perfeito estado,Não existe,"Placas ""Pare""",30 km/h,Dupla,Não existe,,
202220871,2022-09-05,,SEM VÍTIMA,FINALIZADA,BOA VIAGEM,RUA RIBEIRO DE BRITO,,AV CONSELHEIRO AGUIAR,SOB O SEMÁFORO,BOA VIAGEM,147,,CHOQUE,0,0,0,0,0,1,0,0,0,0,0,,,,,,,,,,,,,
202220878,2022-09-05,,COM VÍTIMA,FINALIZADA,CABANGA,RUA GENERAL ESTILAC LEAL,439,,EM FRENTE AO 7º DEP.  SUP,CABANGA,,CIDADE,QUEDA,0,1,0,0,0,0,0,0,0,2,0,Longo da via,Bom,Não existe,Não existente,Oleosa,Perfeito estado,Não existe,Não há placas,,Dupla,Não existe,,
202220879,2022-09-05,,COM VÍTIMA,FINALIZADA,TAMARINEIRA,AV CONS ROSA E SILVA,149,,APÓS O CORREIA PICANÇO,TAMARINEIRA,61,SUBURBIO,COLISÃO LATERAL,2,1,0,0,0,0,0,0,0,1,0,Longo da via,,Sem defeito,Perfeito estado,,Perfeito estado,Faixa de pedestre,R-6a,,Única,Canteiro central,,
202220915,2022-09-05,,COM VÍTIMA,FINALIZADA,JARDIM SÃO PAULO,RUA LEANDRO BARRETO,685,AV SAO PAULO,,JARDIM SÃO PAULO,507,SUBURBIO,COLISÃO TRASEIRA,1,2,0,0,0,0,0,0,0,1,0,Longo da via,Chuvoso,Sem defeito,Perfeito estado,Molhada,Perfeito estado,Faixa de pedestre,Não há placas,,Dupla,Não existe,,
202220920,2022-09-05,,COM VÍTIMA,CANCELADA,BOA VIAGEM,AV BOA VIAGEM,,,EM FRENTE A PRACINHA,BOA VIAGEM,,,COLISÃO TRASEIRA,1,1,0,0,0,0,0,0,0,1,0,,,,,,,,,,,,,
202220925,2022-09-05,,COM VÍTIMA,FINALIZADA,DERBY,RUA JENER DE SOUZA,,RUA AMAURI DE MEDEIROS,PRÓXIMO A ESCOLA MILITAR,DERBY,,,COLISÃO FRONTAL,1,1,0,0,0,0,0,0,0,1,0,Cruzamento,Chuvoso,Não existe,Perfeito estado,Molhada,Perfeito estado,Faixa de pedestre,"Placas ""Pare""",,Única,Canteiro central,,
202220959,2022-09-06,,SEM VÍTIMA,FINALIZADA,BARRO,AV DR JOSE RUFINO,2887,,,BARRO,,CIDADE,COLISÃO FRONTAL,2,0,0,0,0,0,0,0,0,0,0,Longo da via,Bom,Não existe,Não existente,Seca,Perfeito estado,Não existe,Não há placas,,Dupla,Faixa contínua,,
202220966,2022-09-06,,COM VÍTIMA,FINALIZADA,ENCRUZILHADA,AV JOAO DE BARROS,,AV NORTE MIGUEL ARRAES DE ALENCAR,BANCO SANTANDER,ENCRUZILHADA,43,CIDADE,COLISÃO TRANSVERSAL,1,1,0,0,0,0,0,0,0,1,0,Cruzamento,Bom,Sem defeito,Perfeito estado,Seca,Perfeito estado,Agente,Outras,,Dupla,Canteiro central,,
202220976,2022-09-06,,COM VÍTIMA,FINALIZADA,BOA VIAGEM,RUA MANOEL DE BRITO,,RUA MANOEL DE BRITO,ENTRADA DO TÚNEL,BOA VIAGEM,103,,COLISÃO LATERAL,1,1,0,0,0,0,0,0,0,1,0,Cruzamento,Bom,Sem defeito,Perfeito estado,Seca,Perfeito estado,Outros,Não há placas,,Única,Faixa contínua,,
202220980,2022-09-06,,COM VÍTIMA,FINALIZADA,IBURA,RUA RIO PAJEU,123,,PROX A PADARIA  CRISTO REI,IBURA,,,COLISÃO TRASEIRA,2,0,0,0,0,0,0,0,0,1,0,Longo da via,Bom,Não existe,Não existente,Seca,Perfeito estado,Não existe,Não há placas,,Única,Não existe,,
202220981,2022-09-06,,COM VÍTIMA,FINALIZADA,IBURA,RUA EXP FRANCISCO VITORIANO,280,,PROX AO POSTO DE SAUDE  E/ FA PADARIA DOCE MEL,IBURA,,,COLISÃO LATERAL,0,2,0,0,0,0,0,0,0,3,0,Longo da via,Bom,Não existe,Perfeito estado,Seca,Perfeito estado,Não existe,R-6a,,Dupla,Não existe,,
202220986,2022-09-06,,COM VÍTIMA,FINALIZADA,GUABIRABA,AV VEREADOR OTACILIO AZEVEDO,2011,,POR TRAS DA EMPRESA DA GLOBO  S/T  BR,GUABIRABA,,,COLISÃO FRONTAL,0,1,0,0,0,0,1,0,0,1,0,Longo da via,Bom,Não existe,Incompleta,Seca,Perfeito estado,Não existe,"Placas ""Pare""",40 km/h,Dupla,Não existe,,
202221000,2022-09-06,,COM VÍTIMA,FINALIZADA,MADALENA,RUA JOSE OSORIO,877,,EM FRENTE A MORAES MULTIMARCAS,MADALENA,,,COLISÃO LATERAL,1,1,0,0,0,0,0,0,0,1,0,Longo da via,Bom,Não existe,Perfeito estado,Seca,Perfeito estado,Não existe,R-6a,,Dupla,Faixa contínua,,
202221001,2022-09-06,,COM VÍTIMA,FINALIZADA,ÁGUA FRIA,EST VELHA DE AGUA FRIA,,RUA CABO HONORIO,,ÁGUA FRIA,,,COLISÃO FRONTAL,1,1,0,0,0,0,0,0,0,1,0,Cruzamento,Bom,Não existe,Perfeito estado,Seca,Perfeito estado,Não existe,Outras,40 km/h,Dupla,Faixa contínua,,
202221004,2022-09-06,,SEM VÍTIMA,FINALIZADA,TEJIPIÓ,AV DR JOSE RUFINO,2993,,,TEJIPIÓ,,,,1,0,0,0,0,1,0,0,0,0,0,Longo da via,Bom,Não existe,Perfeito estado,Seca,Perfeito estado,Não existe,R-6a,,Dupla,Faixa contínua,,
202221062,2022-09-07,,COM VÍTIMA,FINALIZADA,MADALENA,RUA JOSE BONIFACIO,272,,EM FRENTE À IGREJA METODISTA RECIFE,MADALENA,,,COLISÃO TRASEIRA,2,1,0,0,0,0,0,0,0,1,0,Longo da via,Bom,Não existe,Perfeito estado,Seca,Perfeito estado,Não existe,Não há placas,60 km/h,Única,Faixa seccionada,,
202221067,2022-09-07,,SEM VÍTIMA,FINALIZADA,BOA VIAGEM,AV BOA VIAGEM,3962,RUA RIBEIRO DE BRITO,EM FRENTE EDF. QUEEM MARY,BOA VIAGEM,,CIDADE,,1,0,0,0,0,0,0,1,0,0,0,,Bom,Não existe,Perfeito estado,Seca,Perfeito estado,Outros,Outras,,Única,Faixa seccionada,,
202221092,2022-09-07,,COM VÍTIMA,FINALIZADA,BOA VIAGEM,AV CONSELHEIRO AGUIAR,,RUA MARIA CAROLINA,ESQUINA DA FARMACIA PAGUE MENOS,BOA VIAGEM,,,COLISÃO LATERAL,1,1,0,0,0,0,0,0,0,1,0,Longo da via,Bom,Não existe,Perfeito estado,Seca,Perfeito estado,Não existe,R-6a,,Única,Faixa seccionada,,
202221098,2022-09-07,,SEM VÍTIMA,CANCELADA,SANTO AMARO,AV MARIO MELO,,RUA DA AURORA,,SANTO AMARO,,,COLISÃO TRASEIRA,1,0,0,0,0,1,0,0,0,0,0,,,,,,,,,,,,,
202221132,2022-09-08,,COM VÍTIMA,FINALIZADA,CASA FORTE,AV DEZESSETE DE AGOSTO,1515,,LABORATÓRIO EDMAR VICTOR,CASA FORTE,,,COLISÃO TRASEIRA,3,0,0,0,0,0,0,0,0,1,0,Longo da via,Bom,Não existe,Perfeito estado,Seca,Perfeito estado,Não existe,Outras,40 km/h,Dupla,Faixa contínua,,
202221165,2022-09-08,,COM VÍTIMA,FINALIZADA,BOA VIAGEM,RUA PADRE CARAPUCEIRO,,,EM FRENTE À IGREJA UNIVERSAL,BOA VIAGEM,216,CIDADE,COLISÃO FRONTAL,1,1,0,0,0,0,0,0,0,1,0,Longo da via,Bom,Sem defeito,Perfeito estado,Seca,Perfeito estado,Faixa de pedestre,,60 km/h,Única,,,
202221166,2022-09-08,,COM VÍTIMA,FINALIZADA,BOA VISTA,RUA DO PRINCIPE,114,RUA DO SOSSEGO,FARMÁCIA CANDEIA,BOA VISTA,,,COLISÃO TRASEIRA,1,1,0,0,0,0,0,0,0,1,0,,,,,,,,,,,,,
202221170,2022-09-08,,COM VÍTIMA,FINALIZADA,TAMARINEIRA,AV NORTE MIGUEL ARRAES DE ALENCAR,,RUA CONEGO BARATA,,TAMARINEIRA,62,,COLISÃO TRANSVERSAL,1,1,0,0,0,0,0,0,0,1,0,Cruzamento,Bom,Sem defeito,Perfeito estado,Seca,Perfeito estado,Faixa de pedestre,R-4a,,Dupla,Canteiro central,,
202221219,2022-09-09,,COM VÍTIMA,FINALIZADA,IMBIRIBEIRA,RUA MIS JOEL CARLSON,123,RUA ZEFERINO PINHO,RUA EM FRENTE A LASER ELETRO,IMBIRIBEIRA,,,COLISÃO LATERAL,1,1,0,0,0,0,0,0,0,1,0,Cruzamento,Bom,Não existe,Não existente,Seca,Perfeito estado,Não existe,Não há placas,30 km/h,Dupla,Não existe,,
202221222,2022-09-09,,COM VÍTIMA,FINALIZADA,MADALENA,AV ENGENHEIRO ABDIAS DE CARVALHO,1079,RUA JOAO IVO DA SILVA,HABIBS,MADALENA,132,SUBURBIO,COLISÃO LATERAL,1,1,0,0,0,0,0,0,0,1,0,Cruzamento,Bom,Sem defeito,Perfeito estado,Seca,Perfeito estado,Faixa de pedestre,R-6a,60 km/h,Dupla,Faixa seccionada,Canteiro central,
202221243,2022-09-09,,SEM VÍTIMA,FINALIZADA,SANTO ANTÔNIO,RUA VINTE E QUATRO DE MAIO,183,,EM FRENTE A M&A CAMISARIA,SANTO ANTÔNIO,,SUBURBIO,FISCALIZAÇÃO,0,0,0,0,0,0,0,0,0,0,0,,,,,,,,,,,,,
202221250,2022-09-09,,COM VÍTIMA,FINALIZADA,JOANA BEZERRA,VIADUTO CAPITAO TEMUDO,,,EM CIMA DO VIADUTO,JOANA BEZERRA,,,COLISÃO LATERAL,1,1,0,0,0,0,0,0,0,1,0,Viaduto,Bom,Não existe,Incompleta,Seca,Perfeito estado,Não existe,Não há placas,60 km/h,Única,Faixa seccionada,,
202221285,2022-09-09,,COM VÍTIMA,FINALIZADA,AREIAS,AV RECIFE,3060,,NA FRENTE DO SUPERMERCADO ECONOMICO,AREIAS,,SUBURBIO,COLISÃO LATERAL,0,2,0,0,0,0,0,0,0,1,0,Longo da via,Bom,Não existe,Perfeito estado,Seca,Perfeito estado,Não existe,R-6a,60 km/h,Única,Faixa seccionada,,
202221310,2022-09-10,,SEM VÍTIMA,FINALIZADA,MADALENA,AV VISCONDE DE ALBUQUERQUE,,RUA LOPES DE CARVALHO,,MADALENA,,,COLISÃO FRONTAL,0,0,0,0,0,0,0,0,0,0,0,Cruzamento,Chuvoso,Não existe,Perfeito estado,Molhada,Perfeito estado,Não existe,R-6a,60KM/H,Única,Faixa seccionada,,
202221315,2022-09-10,,SEM VÍTIMA,FINALIZADA,BARRO,RUA FRANCISCO RUSSO,115,,PRÓXIMO AO PAGODE CHATOU,BARRO,,,CHOQUE,0,0,0,0,0,0,0,1,0,0,0,Longo da via,Bom,Não existe,Perfeito estado,Seca,Perfeito estado,Não existe,Não há placas,,Dupla,Não existe,,
202221331,2022-09-10,,COM VÍTIMA,FINALIZADA,BOA VIAGEM,AVENIDA CELSO FURTADO (VIA MANGUE),,,PRÓXIMO AO ANTIGO LAÇA BURGUER/ SPETTUS,BOA VIAGEM,,CIDADE,COLISÃO LATERAL,1,1,0,0,0,0,0,0,0,1,0,Longo da via,Bom,Não existe,Perfeito estado,Seca,Perfeito estado,Outros,R-19,60 km/h,Dupla,Canteiro central,,
202221336,2022-09-10,,COM VÍTIMA,FINALIZADA,MADALENA,AV JOSE GONCALVES DE MEDEIROS,107,,EM FRENTE A MCDONALDS,MADALENA,,SUBURBIO,COLISÃO LATERAL,1,1,0,0,0,0,0,0,0,1,0,Longo da via,Bom,Sem defeito,Perfeito estado,Seca,Perfeito estado,Não existe,Não há placas,,Dupla,Faixa contínua,,
202221347,2022-09-10,,COM VÍTIMA,FINALIZADA,BEBERIBE,AV BEBERIBE,1310,RUA DAS MOCAS,EM FRENTE AO CAMPO DO SANTA CRUZ,BEBERIBE,,CIDADE,COLISÃO LATERAL,1,1,0,0,0,0,0,0,0,1,0,Cruzamento,Bom,Não existe,Perfeito estado,Seca,Perfeito estado,Não existe,Não há placas,,Dupla,Faixa seccionada,,
202221351,2022-09-10,,COM VÍTIMA,FINALIZADA,CAMPO GRANDE,RUA ODORICO MENDES,165,RUA VISCONDE DE CAIRU,APÓS A PEIXARIA TUDO DO MAR,CAMPO GRANDE,,,COLISÃO LATERAL,1,1,0,0,0,0,0,0,0,1,0,Cruzamento,Bom,Não existe,,Seca,Perfeito estado,Não existe,R-6a,,Dupla,,,
202221358,2022-09-10,,COM VÍTIMA,FINALIZADA,TEJIPIÓ,AV DR JOSE RUFINO,2984,,EM FRENTE AO CONDOMINIO CASA SOLAR,TEJIPIÓ,,,COLISÃO FRONTAL,1,1,0,0,0,0,0,0,0,1,0,Longo da via,Bom,Sem defeito,Perfeito estado,Seca,Perfeito estado,Não existe,Não há placas,,Dupla,Faixa contínua,,
202221368,2022-09-10,,SEM VÍTIMA,CANCELADA,ESTÂNCIA,AV ESTANCIA,58,,APOIS COLEGIO VISÃO,ESTÂNCIA,,SUBURBIO,COLISÃO LATERAL,2,0,0,0,0,0,0,0,0,0,0,,,,,,,,,,,,,
202221390,2022-09-10,,COM VÍTIMA,FINALIZADA,IBURA,LAD DA COHAB,,AV DOIS RIOS,PRÓXIMO A POLICLINICA DO IBURA,IBURA,,SUBURBIO,COLISÃO FRONTAL,1,1,0,0,0,0,0,0,0,2,0,Longo da via,Bom,Não existe,Não existente,Molhada,Perfeito estado,Não existe,Não há placas,,Dupla,Não existe,,
202221396,2022-09-11,,COM VÍTIMA,CANCELADA,IBURA,AV MATO GROSSO,1134,,APÓS A CURVA DO S E DEPOIS DA ESCOLA MARIA SAMPAIO,IBURA,,,COLISÃO LATERAL,1,1,0,0,0,0,0,0,0,1,0,,,,,,,,,,,,,
202221448,2022-09-11,,COM VÍTIMA,FINALIZADA,BOA VIAGEM,RUA SETUBAL,,RUA BARAO DE SOUZA LEAO,PROX A IGREJINHA DE BOA VIAGEM  NO SEMAFORO 419,BOA VIAGEM,419,SUBURBIO,COLISÃO LATERAL,1,1,0,0,0,0,0,0,0,1,0,Cruzamento,Bom,Sem defeito,Perfeito estado,Seca,Perfeito estado,Faixa de pedestre,Não há placas,,Única,Faixa seccionada,,
202221449,2022-09-11,,COM VÍTIMA,FINALIZADA,BOA VIAGEM,RUA BARAO DE SOUZA LEAO,,AV ENGENHEIRO DOMINGOS FERREIRA,E/F AO BOA VIAGEM MEDICAL CENTER,BOA VIAGEM,129,SUBURBIO,COLISÃO COM CICLISTA,0,0,0,1,0,1,0,0,0,1,0,Cruzamento,Bom,Sem defeito,Perfeito estado,Seca,Perfeito estado,Faixa de pedestre,Outras,,Única,Faixa seccionada,,
202221452,2022-09-11,,SEM VÍTIMA,FINALIZADA,CASA AMARELA,AV NORTE MIGUEL ARRAES DE ALENCAR,,,NA SUBIDA DO ALTO JOSE D PINHO,CASA AMARELA,,,COLISÃO LATERAL,1,0,0,0,0,0,0,0,1,0,0,Cruzamento,Bom,Sem defeito,Perfeito estado,Seca,Perfeito estado,Faixa de pedestre,Outras,,Dupla,Canteiro central,,
202221453,2022-09-11,,COM VÍTIMA,FINALIZADA,ARRUDA,RUA DO TRIUNFO,400,RUA DO MACHADO,E/F AO  ESTADIO DO  SANTA  CRUZ,ARRUDA,,SUBURBIO,COLISÃO LATERAL,0,2,0,0,0,0,0,0,0,2,0,Cruzamento,Bom,Não existe,Perfeito estado,Seca,Perfeito estado,Não existe,"Placas ""Pare""",,Dupla,Não existe,,
202221462,2022-09-11,,COM VÍTIMA,FINALIZADA,MACAXEIRA,RUA MARIA CANDIDA,73,AV NORTE MIGUEL ARRAES DE ALENCAR,APÓS PARQUE DA MACAXEIRA,MACAXEIRA,296,SUBURBIO,COLISÃO FRONTAL,0,2,0,0,0,0,0,0,0,1,0,Longo da via,Bom,Sem defeito,Perfeito estado,Seca,Perfeito estado,Não existe,Não há placas,,Dupla,Não existe,,
202221469,2022-09-11,,COM VÍTIMA,CANCELADA,ALTO SANTA TERESINHA,AV ANIBAL BENEVOLO,1145,,MERCADINHO PASSIRA,ALTO SANTA TERESINHA,,,COLISÃO FRONTAL,1,1,0,0,0,0,0,0,0,1,0,,,,,,,,,,,,,
202221472,2022-09-12,,SEM VÍTIMA,FINALIZADA,IMBIRIBEIRA,AV MARECHAL MASCARENHAS DE MORAES,,,EM FRENTE A JUSTIÇA DO TRABALHO,IMBIRIBEIRA,,CIDADE,COLISÃO TRANSVERSAL,1,0,0,0,0,1,0,0,0,0,0,,,,,,,,,,,,,
202221499,2022-09-12,,COM VÍTIMA,FINALIZADA,VASCO DA GAMA,RUA ALTO DO EUCALIPTO,,AV VEREADOR OTACILIO AZEVEDO,POR TRÁS DO RESIDENCIAL DOM HÉLDER / PRÓX À IGREJA ANGLICANA SÃO PAULO,VASCO DA GAMA,,,COLISÃO LATERAL,0,1,0,0,0,1,0,0,0,1,0,Longo da via,Bom,Não existe,Não existente,Seca,Perfeito estado,Não existe,Não há placas,30 km/h,Dupla,Não existe,,
202221525,2022-09-12,,COM VÍTIMA,FINALIZADA,AFLITOS,RUA CARNEIRO VILELA,688,,EM FRENTE A KAPTAVI PILATES E FISIOTERAPIA,AFLITOS,,SUBURBIO,COLISÃO LATERAL,1,1,0,0,0,0,0,0,0,1,0,Longo da via,Bom,Não existe,Não existente,Seca,Perfeito estado,Não existe,Não há placas,,Única,Não existe,,
202221542,2022-09-12,,COM VÍTIMA,CANCELADA,CASA FORTE,AV DEZESSETE DE AGOSTO,,,EM FRENTE A CULTURA INGLESA,CASA FORTE,,,COLISÃO TRASEIRA,0,2,0,0,0,0,0,0,0,1,0,,,,,,,,,,,,,
202221559,2022-09-12,,COM VÍTIMA,FINALIZADA,CAMPO GRANDE,RUA JERONIMO VILELA,,RUA DR MACHADO,CRUZAMENTO,CAMPO GRANDE,565,SUBURBIO,COLISÃO LATERAL,1,1,0,0,0,0,0,0,0,1,0,Cruzamento,Bom,Sem defeito,Perfeito estado,Seca,Perfeito estado,Faixa de pedestre,Outras,30 km/h,Dupla,Faixa seccionada,,
202221563,2022-09-12,,COM VÍTIMA,CANCELADA,IPSEP,AV SALDANHA MARINHO,,,POR TRAS DO COLEGIO LAURO DINIZ,IPSEP,,,COLISÃO FRONTAL,1,1,0,0,0,0,0,0,0,1,0,,,,,,,,,,,,,
202221568,2022-09-12,,SEM VÍTIMA,FINALIZADA,IMBIRIBEIRA,AV MARECHAL MASCARENHAS DE MORAES,,,ANTES DA UNIVERSO,IMBIRIBEIRA,,CIDADE,CHOQUE,1,0,0,0,0,0,0,0,0,0,0,Cruzamento,Bom,Sem defeito,Perfeito estado,Seca,Perfeito estado,Faixa de pedestre,Não há placas,,Dupla,Canteiro central,Faixa contínua,
202221591,2022-09-13,,COM VÍTIMA,FINALIZADA,SANTO AMARO,AV CRUZ CABUGA,449,RUA ARARIPINA,,SANTO AMARO,,SUBURBIO,COLISÃO TRANSVERSAL,1,1,0,0,0,0,0,0,0,2,0,Longo da via,Bom,Não existe,Perfeito estado,Seca,Perfeito estado,Não existe,Não há placas,,Dupla,Faixa contínua,Faixa seccionada,
202221592,2022-09-13,,COM VÍTIMA,FINALIZADA,TEJIPIÓ,RUA FALCAO DE LACERDA,299,,EM FRENTE AO CARTÓRIO CIVIL,TEJIPIÓ,411,CIDADE,COLISÃO FRONTAL,0,2,0,0,0,0,0,0,0,2,0,Longo da via,Bom,Sem defeito,Perfeito estado,Seca,Perfeito estado,Faixa de pedestre,Não há placas,60 km/h,Dupla,Faixa contínua,,
202221605,2022-09-13,,COM VÍTIMA,FINALIZADA,AFOGADOS,RUA VINTE E UM DE ABRIL,1254,AV MANOEL GONCALVES DA LUZ,PROX. AO ARMAZEM CONSTRUAÇO,AFOGADOS,245,CIDADE,COLISÃO COM CICLISTA,0,1,0,1,0,0,0,0,0,1,0,Longo da via,Bom,Sem defeito,Incompleta,Seca,Mal conservada,Faixa de pedestre,Não há placas,40 km/h,Dupla,Faixa seccionada,Faixa contínua,
202221611,2022-09-13,,COM VÍTIMA,FINALIZADA,CORDEIRO,AV CAXANGA,2319,RUA CLAUDIO BROTHERHOOD,SOB O SEMÁFORO: 235,CORDEIRO,235,CIDADE,COLISÃO COM CICLISTA,1,0,0,1,0,0,0,0,0,1,0,Outros,Bom,Sem defeito,Ilegível,Seca,Perfeito estado,Outros,Não há placas,60 km/h,Única,Faixa seccionada,,
202221614,2022-09-13,,SEM VÍTIMA,FINALIZADA,BAIRRO DO RECIFE,CAIS DO APOLO,,,EM FGRENTE A PREFEITURA,BAIRRO DO RECIFE,,,COLISÃO TRASEIRA,2,0,0,0,0,0,0,0,0,0,0,Longo da via,Bom,Não existe,Perfeito estado,Seca,Perfeito estado,Faixa de pedestre,R-6a,,Única,Faixa contínua,,
202221634,2022-09-13,,COM VÍTIMA,FINALIZADA,ILHA JOANA BEZERRA,VIADUTO CAPITAO TEMUDO,,,SENT. OLINDA NO MEIO DO VIADULTO CAP. TEMUDO,ILHA JOANA BEZERRA,,SUBURBIO,COLISÃO TRASEIRA,0,1,0,0,0,1,0,0,0,2,0,Longo da via,Bom,Não existe,Perfeito estado,Seca,Perfeito estado,Não existe,Não há placas,,Dupla,Outros,,
202221659,2022-09-13,,COM VÍTIMA,FINALIZADA,ESPINHEIRO,RUA QUARENTA E OITO,815,,EM FRENTE AO RESTAURANTE SABOR DO RANCHO,ESPINHEIRO,,,COLISÃO TRASEIRA,3,0,0,0,0,0,0,0,0,1,0,,,,,,,,,,,,,
202221660,2022-09-13,,COM VÍTIMA,FINALIZADA,ILHA DO RETIRO,AV ENGENHEIRO ABDIAS DE CARVALHO,,,EM FRENTE A ESTAÇÃO DA CELPE,ILHA DO RETIRO,,CIDADE,COLISÃO TRASEIRA,1,1,0,0,0,0,0,0,0,2,0,Longo da via,Bom,Sem defeito,Perfeito estado,Seca,Perfeito estado,Não existe,Não há placas,,Dupla,Canteiro central,,
202221669,2022-09-13,,COM VÍTIMA,FINALIZADA,AFOGADOS,RUA SAO MIGUEL,1935,,PROXIMO AO POSTO IPIRANGA,AFOGADOS,,CIDADE,COLISÃO LATERAL,1,1,0,0,0,0,0,0,0,1,0,Longo da via,Bom,Não existe,Perfeito estado,Seca,Perfeito estado,Não existe,Outras,30 km/h,Dupla,Faixa contínua,,
202221679,2022-09-13,,COM VÍTIMA,CANCELADA,TORRE,RUA MARCOS ANDRE,200,,EM FRENTE AO EDIFICIO SAINT ANDRE,TORRE,,,COLISÃO TRASEIRA,1,1,0,0,0,0,0,0,0,1,0,,,,,,,,,,,,,
202221687,2022-09-13,,COM VÍTIMA,FINALIZADA,ESPINHEIRO,RUA DO ESPINHEIRO,,RUA SANTO ELIAS,POSTO DE GASOLINA,ESPINHEIRO,,SUBURBIO,COLISÃO LATERAL,1,1,0,0,0,0,0,0,0,1,0,Cruzamento,Bom,Não existe,Perfeito estado,Seca,Perfeito estado,Outros,"Placas ""Pare""",,Dupla,Outros,,
202221690,2022-09-14,,COM VÍTIMA,FINALIZADA,BONGI,AV ENGENHEIRO ABDIAS DE CARVALHO,1803,,FERNANDES PISO E CONSTRUÇÕES,BONGI,,CIDADE,CHOQUE,0,0,0,0,0,0,0,0,0,1,0,,,,,,,,,,,,,
202221706,2022-09-14,,COM VÍTIMA,FINALIZADA,ENCRUZILHADA,RUA PADRE MIGUELINHO,29,RUA AUGUSTO RODRIGUES,PROX. PRAÇA TORREÃO,ENCRUZILHADA,,,COLISÃO LATERAL,1,1,0,0,0,0,0,0,0,2,0,Cruzamento,Bom,Não existe,Perfeito estado,Seca,Perfeito estado,Não existe,Outras,,Única,Não existe,,
202221711,2022-09-14,,COM VÍTIMA,FINALIZADA,CASA AMARELA,AV NORTE MIGUEL ARRAES DE ALENCAR,5121,,REI DA PICANHA,CASA AMARELA,677,CIDADE,COLISÃO TRASEIRA,1,1,0,0,0,0,0,0,0,1,0,Longo da via,Bom,Sem defeito,Perfeito estado,Seca,Perfeito estado,Faixa de pedestre,Outras,50 km/h,Dupla,Canteiro central,,
202221728,2022-09-14,,SEM VÍTIMA,FINALIZADA,CORDEIRO,AV INACIO MONTEIRO,,RUA N S DA SAUDE,DROGASIL / SEMÁFORO 234,CORDEIRO,,,COLISÃO LATERAL,1,0,0,0,0,0,0,1,0,0,0,Cruzamento,Bom,Sem defeito,Perfeito estado,Seca,Perfeito estado,Faixa de retenção,Não há placas,60KM/H,Única,Faixa contínua,,
202221738,2022-09-14,,COM VÍTIMA,FINALIZADA,MADALENA,AV JOSE GONCALVES DE MEDEIROS,138,RUA COMENDADOR BENTO AGUIAR,PROXIMO A FARMACIA PAGUE MENOS,MADALENA,,CIDADE,COLISÃO FRONTAL,1,1,0,0,0,0,0,0,0,1,0,Cruzamento,Bom,Não existe,Perfeito estado,Seca,Perfeito estado,Não existe,Não há placas,,Dupla,Não existe,,
202221754,2022-09-14,,SEM VÍTIMA,FINALIZADA,BOA VISTA,RUA DO PRINCIPE,,,EM FRENTE A FACULDADE DE DIREITO DO RECIFE,BOA VISTA,,,COLISÃO LATERAL,0,0,0,0,0,1,0,1,0,0,0,Longo da via,Chuvoso,Sem defeito,Perfeito estado,Molhada,Perfeito estado,Faixa de pedestre,Outras,,Única,Canteiro central,,
202221756,2022-09-14,,SEM VÍTIMA,CANCELADA,IBURA,AV RIO LARGO,,,PROX AO MERCADO PROABI,IBURA,,,COLISÃO TRASEIRA,1,0,0,0,0,1,0,0,0,0,0,,,,,,,,,,,,,
202221760,2022-09-14,,COM VÍTIMA,FINALIZADA,BOA VIAGEM,RUA VISCONDE DE JEQUITINHONHA,1280,RUA ENGENHEIRO ZAEL DIOGENES,DEPOIS DO HOTEL ATLANTE PLAZA,BOA VIAGEM,,SUBURBIO,COLISÃO TRASEIRA,1,1,0,0,0,0,0,0,0,1,0,Esquina,Bom,Não existe,Perfeito estado,Seca,Perfeito estado,Não existe,,,Única,Canteiro central,,
202221765,2022-09-14,,COM VÍTIMA,FINALIZADA,PINA,AV ANTONIO DE GOES,,,DEPOIS DA  POLICIA RODOVIARIA FEDERAL DO PINA,PINA,,CIDADE,COLISÃO TRASEIRA,1,1,0,0,0,0,0,0,0,1,0,Ponte,Bom,Não existe,Perfeito estado,Seca,Perfeito estado,Não existe,Outras,60 km/h,Única,Canteiro central,,
202221775,2022-09-14,,COM VÍTIMA,FINALIZADA,SAN MARTIN,AV GENERAL SAN MARTIN,,AV CONSUL VILARES FRAGOSO,PROX. DO QUARTEL DA CAVALERIA,SAN MARTIN,326,,COLISÃO FRONTAL,1,1,0,0,0,0,0,0,0,2,0,Cruzamento,Chuvoso,Sem defeito,Incompleta,Molhada,Perfeito estado,Outros,Não há placas,40 km/h,Única,Não existe,,