Protocolo,data,hora,natureza,situacao,bairro,endereco,numero,detalhe_endereco_acidente,complemento,bairro_cruzamento,num_semaforo,sentido_via,tipo,auto,moto,ciclom,ciclista,pedestre,onibus,caminhao,viatura,outros,vitimas,vitimasfatais,acidente_verificado,tempo_clima,situacao_semaforo,sinalizacao,condicao_via,conservacao_via,ponto_controle,situacao_placa,velocidade_max_via,mao_direcao,divisao_via1,divisao_via2,divisao_via3
202221776,2022-09-14,,COM VÍTIMA,FINALIZADA,MADALENA,AV BEIRA RIO,591,,EM FRENTE AO EDF. SOBRADO DO CAPIBARIBE,MADALENA,,SUBURBIO,COLISÃO LATERAL,1,1,0,0,0,0,0,0,0,1,0,Longo da via,Bom,Não existe,Perfeito estado,Seca,Perfeito estado,Não existe,R-6a,,Dupla,Faixa seccionada,,
202221806,2022-09-15,,COM VÍTIMA,FINALIZADA,MADALENA,AV PROFESSOR ESTEVAO FRANCISCO DA COSTA,,AV CAXANGA,PRÓX. À RINALDO MOTOS,MADALENA,,CIDADE,COLISÃO LATERAL,0,2,0,0,0,0,0,0,0,2,0,Longo da via,Bom,Sem defeito,Perfeito estado,Seca,Perfeito estado,Não existe,Não há placas,,Única,Não existe,,
202221811,2022-09-15,,SEM VÍTIMA,FINALIZADA,CAMPO GRANDE,RUA FRANKLIN TAVORA,,RUA VOLUNTARIOS DA PATRIA,PROX. AO CENTRO BUDISTA DRUKPA RECIFE,CAMPO GRANDE,,,COLISÃO LATERAL,2,0,0,0,0,0,0,0,0,0,0,Longo da via,Bom,Não existe,Perfeito estado,Seca,Perfeito estado,Não existe,Não há placas,,Dupla,Não existe,,
202221828,2022-09-15,,SEM VÍTIMA,FINALIZADA,IBURA,AV SAO PAULO,183,,EM FRENTE AO ARMAZEM DO GOMES,IBURA,,,COLISÃO LATERAL,1,0,0,0,0,1,0,0,0,0,0,Longo da via,Bom,Não existe,Perfeito estado,Seca,Perfeito estado,Não existe,Não há placas,,Dupla,Não existe,,
202221853,2022-09-15,,SEM VÍTIMA,FINALIZADA,ESPINHEIRO,RUA AMELIA,280,RUA DO ESPINHEIRO,E/F A GALERIA DA LUMI,ESPINHEIRO,,,COLISÃO LATERAL,1,0,0,0,0,1,0,0,0,0,0,Cruzamento,Bom,Sem defeito,Perfeito estado,Seca,Perfeito estado,Faixa de retenção,Outras,,Única,Faixa seccionada,,
202221862,2022-09-15,,COM VÍTIMA,FINALIZADA,JOANA BEZERRA,AV MARTIN LUTHER KING,4,,PROXIMO AO CAMPO DO BARRO,JOANA BEZERRA,,CIDADE,COLISÃO LATERAL,0,1,0,0,0,1,0,0,0,1,0,Cruzamento,Bom,Não existe,Incompleta,Seca,Perfeito estado,Não existe,R-6a,60 km/h,Dupla,Não existe,,
202221873,2022-09-15,,SEM VÍTIMA,FINALIZADA,AREIAS,,,,HOSPITAL DE AREIAS,AREIAS,,,COLISÃO TRASEIRA,1,0,0,0,0,0,0,1,0,0,0,Longo da via,Bom,Não existe,Incompleta,Seca,Perfeito estado,Não existe,Não há placas,,Dupla,Não existe,,
202221875,2022-09-15,,COM VÍTIMA,FINALIZADA,BOA VIAGEM,RUA SA E SOUZA,45,RUA ANTONIO VICENTE,ESTACIONAMENTO DO COLEGIO MADRE DE DEUS,BOA VIAGEM,,SUBURBIO,COLISÃO LATERAL,1,1,0,0,0,0,0,0,0,1,0,Cruzamento,Bom,Não existe,Não existente,Seca,Mal conservada,Não existe,Não há placas,30 km/h,Dupla,Não existe,,
202221882,2022-09-15,,COM VÍTIMA,FINALIZADA,BOA VIAGEM,AV DOM JOAO VI,,,PROX A LOMBADA ELETRONICA (COLÉGIO GGE),BOA VIAGEM,,SUBURBIO/ PIEDADE,COLISÃO LATERAL,1,1,0,0,0,0,0,0,0,1,0,Longo da via,Bom,Não existe,Perfeito estado,Seca,Perfeito estado,Não existe,Não há placas,50 km/h,Única,Faixa seccionada,,
202221887,2022-09-15,,SEM VÍTIMA,FINALIZADA,IMBIRIBEIRA,AV MARECHAL MASCARENHAS DE MORAES,7935C,,PROX A EMBREAGEM FRIO DIREÇÃO HIDRAULICA,IMBIRIBEIRA,,CIDADE,COLISÃO FRONTAL,1,0,0,0,0,0,0,1,0,0,0,Longo da via,Bom,Sem defeito,Perfeito estado,Seca,Perfeito estado,Não existe,Não há placas,,Única,Faixa seccionada,,
202221891,2022-09-15,,COM VÍTIMA,FINALIZADA,HIPÓDROMO,EST DE BELEM,313,RUA ANTONIO RANGEL,EM FRENTE A QUITANDARIA,HIPÓDROMO,201,,COLISÃO LATERAL,1,1,0,0,0,0,0,0,0,1,0,Cruzamento,Bom,Sem defeito,Perfeito estado,Seca,Perfeito estado,Faixa de pedestre,R-6a,,Dupla,Não existe,,
202221929,2022-09-16,,COM VÍTIMA,FINALIZADA,MADALENA,RUA JOSE OSORIO,707,,PERU VEÍCULOS / REALIZE CAR,MADALENA,,SUBURBIO,ATROPELAMENTO DE PESSOA,0,1,0,0,1,0,0,0,0,2,0,Longo da via,Bom,Não existe,Perfeito estado,Seca,Perfeito estado,Não existe,Outras,40 km/h,Dupla,Faixa contínua,,
202221931,2022-09-16,,COM VÍTIMA,FINALIZADA,SANTO AMARO,AV CRUZ CABUGA,,,PROXIMO AO SHOPPING TACARUNA. EM FRENTE A PARADA DO BRT,SANTO AMARO,468,CIDADE,ATROPELAMENTO DE PESSOA,0,1,0,0,1,0,0,0,0,1,0,Longo da via,Bom,Sem defeito,Perfeito estado,Seca,Perfeito estado,Faixa de pedestre,Não há placas,60 km/h,Única,Faixa seccionada,,
202221932,2022-09-16,,COM VÍTIMA,FINALIZADA,CAXANGÁ,AV CAXANGA,,,"EM BAIXO DO VIADUTO, EM FRENTE AO TERMINAL CDU",CAXANGÁ,,CIDADE,ATROPELAMENTO DE PESSOA,0,1,0,0,1,0,0,0,0,1,0,Longo da via,Bom,Não existe,Perfeito estado,Seca,Perfeito estado,Não existe,Não há placas,60 km/h,Dupla,Canteiro central,,
202221934,2022-09-16,,COM VÍTIMA,FINALIZADA,CASA AMARELA,AV NORTE MIGUEL ARRAES DE ALENCAR,5121,RUA BELA VISTA,"EM FRENTE A BIKE NORTE, SENT. MACAXEIRA",CASA AMARELA,677,SUBURBIO,COLISÃO LATERAL,1,1,0,0,0,0,0,0,0,1,0,Cruzamento,Bom,Sem defeito,Perfeito estado,Seca,Perfeito estado,Faixa de pedestre,Não há placas,,Única,Canteiro central,,
202221988,2022-09-16,,COM VÍTIMA,CANCELADA,APIPUCOS,RUA DE APIPUCOS,,,EM FRENTE AO MOTEL SENZALA,APIPUCOS,1078,,COLISÃO TRASEIRA,0,2,0,0,0,0,0,0,0,1,0,,,,,,,,,,,,,
202221998,2022-09-16,,COM VÍTIMA,CANCELADA,BONGI,EST DO BONGI,,,E/F A IGREJA BATISTA DO BONGI,BONGI,,,COLISÃO COM CICLISTA,1,0,0,1,0,0,0,0,0,1,0,,,,,,,,,,,,,
202222007,2022-09-16,,COM VÍTIMA,FINALIZADA,SANTO ANTÔNIO,PTE DO LIMOEIRO,,,EM FRENTE AO ANTIGO DE COVID-19 DO RECIFE,SANTO ANTÔNIO,243,CIDADE / PREFEITURA DO RECIFE,COLISÃO COM CICLISTA,0,1,0,1,0,0,0,0,0,2,0,Longo da via,Bom,Sem defeito,Perfeito estado,Seca,Perfeito estado,Faixa de pedestre,Não há placas,60 km/h,Dupla,Faixa contínua,,
202222028,2022-09-16,,COM VÍTIMA,FINALIZADA,ESPINHEIRO,RUA SANTO ELIAS,169,RUA CONS PORTELA,EM FRENTE AO POSTO DE COMBUSTÍVEL,ESPINHEIRO,,CIDADE,COLISÃO FRONTAL,1,1,0,0,0,0,0,0,0,1,0,Longo da via,Bom,Não existe,Perfeito estado,Seca,Perfeito estado,Não existe,R-6a,30 km/h,Dupla,Não existe,,
202222029,2022-09-16,,COM VÍTIMA,FINALIZADA,PARNAMIRIM,RUA JOAO TUDE DE MELO,,,SOBRE O VIADUTO DA TORRE,PARNAMIRIM,,,COLISÃO LATERAL,1,1,0,0,0,0,0,0,0,1,0,,,,,,,,,,,,,
202222038,2022-09-17,,COM VÍTIMA,FINALIZADA,AFOGADOS,EST DOS REMEDIOS,1052,,CLAYTON ALTO PEÇAS E SERVIÇOS,AFOGADOS,,CIDADE,COLISÃO LATERAL,1,1,0,0,0,0,0,0,0,1,0,Longo da via,Bom,Sem defeito,Incompleta,Seca,Perfeito estado,Faixa de pedestre,R-6a,60 km/h,Única,Faixa seccionada,,
202222068,2022-09-17,,COM VÍTIMA,FINALIZADA,SANTO AMARO,RUA DOS PALMARES,140,RUA MAJOR CODECEIRA,EM FRENTE AO PROCAPE,SANTO AMARO,,SUBURBIO,COLISÃO LATERAL,1,1,0,0,0,0,0,0,0,1,0,Cruzamento,Bom,Não existe,Perfeito estado,Seca,Perfeito estado,Outros,Outras,,Única,Faixa,,
202222072,2022-09-17,,COM VÍTIMA,FINALIZADA,ARRUDA,AV BEBERIBE,1253,,ESTÁDIO DO SANTA CUZ,ARRUDA,,,COLISÃO TRASEIRA,1,1,0,0,0,0,0,0,0,1,0,Cruzamento,Bom,Não existe,Incompleta,Seca,Perfeito estado,Outros,Outras,,Dupla,Faixa contínua,,
202222074,2022-09-17,,COM VÍTIMA,CANCELADA,ALTO JOSÉ DO PINHO,RUA HORACIO SILVA,,,NA SUBIDA DA LADEIRA DO ALTO JOSE DO PINHO  E/F A IGREJA ASSEMBLEIA DE DEUS,ALTO JOSÉ DO PINHO,,,COLISÃO LATERAL,1,1,0,0,0,0,0,0,0,1,0,,,,,,,,,,,,,
202222079,2022-09-17,,COM VÍTIMA,FINALIZADA,BOMBA DO HEMETÉRIO,RUA ARLINDO CISNEIRO,951,,PROX A PADARIA RECORD,BOMBA DO HEMETÉRIO,,SUBURBIO,COLISÃO LATERAL,2,1,0,0,0,0,0,0,0,1,0,Longo da via,Bom,Não existe,Não existente,Seca,Perfeito estado,Não existe,Não há placas,40 km/h,Dupla,Não existe,,
202222094,2022-09-17,,COM VÍTIMA,FINALIZADA,BOA VIAGEM,RUA BALTAZAR PASSOS,,RUA VISCONDE DE JEQUITINHONHA,BEIRA CANAL  NO SEMAFORO 154,BOA VIAGEM,154,SUBURBIO,COLISÃO COM CICLISTA,1,0,0,1,0,0,0,0,0,1,0,Cruzamento,Bom,Sem defeito,Perfeito estado,Seca,Perfeito estado,Faixa de pedestre,Outras,40 km/h,Única,Faixa contínua,,
202222108,2022-09-17,,SEM VÍTIMA,FINALIZADA,PINA,AV HERCULANO BANDEIRA,,,APÓS A PASSARELA,PINA,,,CHOQUE,1,0,0,0,0,0,0,0,0,0,0,,,,,,,,,,,,,
202222122,2022-09-17,,SEM VÍTIMA,FINALIZADA,MUSTARDINHA,AV MANOEL GONCALVES DA LUZ,396,RUA JOSE MOREIRA REIS,EM FRENTE AO Nº 391,MUSTARDINHA,,SUBURBIO,COLISÃO TRASEIRA,1,0,0,0,0,0,0,1,0,0,0,Longo da via,Bom,Não existe,Perfeito estado,Seca,Perfeito estado,Não existe,Não há placas,30 km/h,Dupla,Faixa seccionada,,
202222134,2022-09-18,,COM VÍTIMA,FINALIZADA,IBURA,AV JORNALISTA COSTA PORTO,200,,EM FRENTE A COMPESA,IBURA,,,COLISÃO FRONTAL,0,2,0,0,0,0,0,0,0,2,0,Longo da via,Bom,Não existe,,Seca,Perfeito estado,Não existe,,,Dupla,Não existe,,
202222138,2022-09-18,,SEM VÍTIMA,FINALIZADA,CORDEIRO,AV INACIO MONTEIRO,90,,,CORDEIRO,,SUBURBIO,COLISÃO TRASEIRA,2,0,0,0,0,0,0,0,0,0,0,Longo da via,Bom,Não existe,Perfeito estado,Seca,Perfeito estado,Não existe,Não há placas,,Única,Faixa seccionada,,
202222147,2022-09-18,,COM VÍTIMA,CANCELADA,SANCHO,AV LIBERDADE,1531,,EM FRENTE À PADARIA EMPÓRIO DOS PÃES,SANCHO,,,COLISÃO FRONTAL,1,1,0,0,0,0,0,0,0,1,0,,,,,,,,,,,,,
202222153,2022-09-18,,COM VÍTIMA,FINALIZADA,BOA VISTA,RUA DO HOSPICIO,815,RUA JOAO LIRA,,BOA VISTA,32,SUBURBIO,COLISÃO FRONTAL,1,1,0,0,0,0,0,0,0,1,0,Cruzamento,Bom,Sem defeito,Perfeito estado,Seca,Perfeito estado,Faixa de pedestre,Não há placas,60 km/h,Única,Faixa contínua,Faixa seccionada,
202222155,2022-09-18,,COM VÍTIMA,FINALIZADA,AFOGADOS,RUA SAO MIGUEL,1331,RUA LUIZ PEREIRA DE FARIAS,EM FRENTE PARAISO DOS PETS,AFOGADOS,,SUBURBIO,COLISÃO TRASEIRA,1,1,0,0,0,0,0,0,0,2,0,Cruzamento,Bom,Não existe,Não existente,Seca,Perfeito estado,Não existe,Não há placas,,Dupla,Faixa seccionada,,
202222159,2022-09-18,,COM VÍTIMA,FINALIZADA,IPSEP,AV RECIFE,,RUA JEAN EMILE FAVRE,PROXIMO AO SEMÁFORO 130 / SENTIDO BR,IPSEP,130,CIDADE,COLISÃO TRASEIRA,1,1,0,0,0,0,0,0,0,1,0,Cruzamento,Bom,Sem defeito,Perfeito estado,Seca,Perfeito estado,Faixa de pedestre,Não há placas,60 km/h,Única,Faixa contínua,Faixa seccionada,
202222166,2022-09-18,,SEM VÍTIMA,FINALIZADA,AFOGADOS,RUA TRES DE AGOSTO,117',EST DOS REMEDIOS,,AFOGADOS,,,COLISÃO LATERAL,2,0,0,0,0,1,0,0,0,0,0,,,,,,,,,,,,,
202222178,2022-09-18,,SEM VÍTIMA,FINALIZADA,BOA VIAGEM,AV CONSELHEIRO AGUIAR,5025,,EM FRENTE A GALERIA CIDADE SUL,BOA VIAGEM,318,SUBURBIO,,1,1,0,0,0,0,0,0,0,0,0,Longo da via,Bom,Sem defeito,Perfeito estado,Seca,Perfeito estado,Faixa de pedestre,R-6a,,Única,Faixa seccionada,,
202222190,2022-09-18,,COM VÍTIMA,FINALIZADA,BOA VIAGEM,RUA FELIX DE BRITO E MELO,3278,RUA DOS NAVEGANTES,RUA DOS NAVEGANTES - PROX. A PADARIA DIPLOMATA,BOA VIAGEM,,SUBURBIO,COLISÃO LATERAL,2,0,0,0,0,0,0,0,0,1,0,Cruzamento,Bom,Não existe,Perfeito estado,Seca,Perfeito estado,Não existe,"Placas ""Pare""",30 km/h,Única,Faixa seccionada,,
202222191,2022-09-18,,SEM VÍTIMA,CANCELADA,BOMBA DO HEMETÉRIO,RUA CORREGO DO EUCLIDES,391,,PRÓXIMO AO ANTIGO PAGODE DO NEO,BOMBA DO HEMETÉRIO,,,CHOQUE,1,3,0,0,0,0,0,0,0,0,0,,,,,,,,,,,,,
202222200,2022-09-19,,COM VÍTIMA,FINALIZADA,ARRUDA,AV BEBERIBE,1628,RUA SAO BENTO,APÓS O ARMAZÉM CORAL,ARRUDA,64,CIDADE,COLISÃO FRONTAL,0,0,0,1,0,1,0,0,0,2,0,Esquina,Bom,Sem defeito,Perfeito estado,Seca,Perfeito estado,Faixa de pedestre,R-6a,30 km/h,Dupla,Faixa contínua,Outros,
202222215,2022-09-19,,COM VÍTIMA,FINALIZADA,JIQUIÁ,RUA SAO MIGUEL,2015,RUA GUARAMIRIM,PRÓX. AO POSTO PETROISA E AO MOTEL PREMIUM,JIQUIÁ,,CIDADE,COLISÃO TRASEIRA,2,1,0,0,0,0,0,0,0,1,0,Longo da via,Bom,Não existe,Incompleta,Seca,Perfeito estado,Não existe,R-6c,60 km/h,Dupla,Faixa contínua,Faixa seccionada,
202222240,2022-09-19,,SEM VÍTIMA,FINALIZADA,ESPINHEIRO,AV GOVERNADOR AGAMENON MAGALHAES,,RUA BUENOS AYRES,,ESPINHEIRO,78,CIDADE,,1,0,0,0,0,1,0,0,0,0,0,Cruzamento,Bom,Sem defeito,Perfeito estado,Seca,Perfeito estado,Faixa de pedestre,,60 km/h,Única,Canteiro central,,
202222245,2022-09-19,,COM VÍTIMA,FINALIZADA,SÃO JOSÉ,AV SUL,,,AO LADO DO ANTIGO MERCADO DAS FLORES,SÃO JOSÉ,,CIDADE,COLISÃO FRONTAL,1,1,0,0,0,0,0,0,0,1,0,Longo da via,Bom,Não existe,Perfeito estado,Seca,Perfeito estado,Não existe,Não há placas,,Única,Faixa contínua,,
202222248,2022-09-19,,COM VÍTIMA,FINALIZADA,AFOGADOS,RUA COSME VIANA,,RUA TRES DE AGOSTO,NO SEMAFORO 525,AFOGADOS,,,ATROPELAMENTO DE PESSOA,0,0,0,0,1,1,0,0,0,1,0,,,,,,,,,,,,,
202222254,2022-09-19,,COM VÍTIMA,FINALIZADA,AFOGADOS,RUA SAO MIGUEL,268,,EM FRENTE AO DEPATRI,AFOGADOS,,,COLISÃO LATERAL,0,1,0,0,0,0,0,1,0,1,0,Longo da via,Bom,Não existe,Ilegível,Seca,Perfeito estado,Não existe,Não há placas,60 km/h,Dupla,Faixa contínua,,
202222255,2022-09-19,,COM VÍTIMA,FINALIZADA,SANTO AMARO,RUA TREZE DE MAIO,,RUA PEDRO AFONSO,AO LADO DO SESC,SANTO AMARO,427,,COLISÃO LATERAL,1,1,0,0,0,0,0,0,0,1,0,Cruzamento,Bom,Sem defeito,Perfeito estado,Seca,Perfeito estado,Faixa de pedestre,Não há placas,40 km/h,Dupla,Faixa,,
202222258,2022-09-19,,COM VÍTIMA,FINALIZADA,AFOGADOS,RUA SAO MIGUEL,,,EM FRENTE AO QUARTEL,AFOGADOS,,SUBURBIO,COLISÃO LATERAL,1,1,0,0,0,0,0,0,0,1,0,Longo da via,Bom,Sem defeito,Perfeito estado,Seca,Perfeito estado,Faixa de retenção,Não há placas,60 km/h,Dupla,Faixa contínua,,
202222264,2022-09-19,,COM VÍTIMA,FINALIZADA,BOA VISTA,RUA BISPO CARDOSO AYRES,,RUA DO RIACHUELO,,BOA VISTA,,,COLISÃO LATERAL,1,1,0,0,0,0,0,0,0,1,0,Cruzamento,Bom,Não existe,Perfeito estado,,Perfeito estado,Faixa de pedestre,R-6a,40 km/h,Única,Não existe,,
202222290,2022-09-20,,COM VÍTIMA,FINALIZADA,IMBIRIBEIRA,AV PINHEIROS,,RUA ARQUITETO LUIZ NUNES,NO SEMAFORO 537,IMBIRIBEIRA,,,COLISÃO TRASEIRA,1,1,0,0,0,0,0,0,0,2,0,Longo da via,Bom,Sem defeito,Perfeito estado,Seca,Perfeito estado,Faixa de pedestre,Outras,30 km/h,Dupla,Faixa contínua,,
202222302,2022-09-20,,SEM VÍTIMA,FINALIZADA,BOA VIAGEM,AV BOA VIAGEM,118,,APÓS O SEMÁFORO Nº 118,BOA VIAGEM,118,CIDADE,COLISÃO TRASEIRA,2,0,0,0,0,0,0,1,0,0,0,Longo da via,Bom,Sem defeito,Perfeito estado,Seca,Perfeito estado,Faixa de pedestre,R-6a,60 km/h,Única,Faixa seccionada,,
202222314,2022-09-20,,COM VÍTIMA,FINALIZADA,CASA AMARELA,EST DO ARRAIAL,4834,,COLÉGIO PROF MILO PEREIRA,CASA AMARELA,,,COLISÃO LATERAL,1,1,0,0,0,0,0,0,0,1,0,Longo da via,Bom,Não existe,Incompleta,Seca,Perfeito estado,Não existe,Outras,,Única,Não existe,,
202222325,2022-09-20,,COM VÍTIMA,FINALIZADA,JOANA BEZERRA,AV DES GUERRA BARRETO,,,EM FRENTE AO FORUM JOANA BEZERRA,JOANA BEZERRA,38,CIDADE,COLISÃO LATERAL,1,1,0,0,0,0,0,0,0,1,0,Longo da via,Bom,Sem defeito,Perfeito estado,Seca,Perfeito estado,Faixa de pedestre,Outras,,Dupla,Faixa contínua,,
202222333,2022-09-20,,COM VÍTIMA,FINALIZADA,DERBY,AV GOVERNADOR AGAMENON MAGALHAES,,,EM FRENTE A CLINICA JOSE ROCHA DE SÁ,DERBY,68,,COLISÃO LATERAL,1,1,0,0,0,0,0,0,0,1,0,Longo da via,Bom,Sem defeito,Perfeito estado,Seca,Perfeito estado,Não existe,Outras,60 km/h,Dupla,Canal,,
202222340,2022-09-20,,SEM VÍTIMA,FINALIZADA,BAIRRO DO RECIFE,CAIS DO APOLO,,,SEMÁFORO 019,BAIRRO DO RECIFE,19,SUBURBIO,,2,0,0,0,0,0,0,0,1,0,0,Longo da via,Bom,Sem defeito,Perfeito estado,Seca,Perfeito estado,Não existe,Outras,,Dupla,Canteiro central,,
202222343,2022-09-20,,COM VÍTIMA,FINALIZADA,IMBIRIBEIRA,RUA ITACARI,301,,POR TRÁS DO BANCO ITAU DA IMBIRIBEIRA,IMBIRIBEIRA,,,COLISÃO FRONTAL,1,1,0,0,0,0,0,0,0,1,0,Cruzamento,Bom,Não existe,Perfeito estado,Seca,Perfeito estado,Faixa de pedestre,"Placas ""Pare""",40 km/h,,Faixa contínua,,
202222345,2022-09-20,,COM VÍTIMA,FINALIZADA,MADALENA,AV BEIRA RIO,701,RUA JOSE OSORIO,SEMÁFORO 387,MADALENA,,SUBURBIO,ATROPELAMENTO DE PESSOA,1,0,0,0,1,0,0,0,0,1,0,Longo da via,Bom,Sem defeito,Perfeito estado,Seca,Perfeito estado,Faixa de pedestre,Outras,40 km/h,Dupla,Faixa contínua,,
202222349,2022-09-20,,SEM VÍTIMA,FINALIZADA,ESPINHEIRO,RUA BARAO DE ITAMARACA,,,SUPERMERCADO SOBERANO,ESPINHEIRO,,SUBURBIO,COLISÃO FRONTAL,2,0,0,0,0,0,0,0,0,0,0,Longo da via,Bom,Não existe,Perfeito estado,Seca,Perfeito estado,Não existe,Outras,30 km/h,Dupla,Não existe,,
202222350,2022-09-20,,SEM VÍTIMA,FINALIZADA,BOA VIAGEM,RUA CORONEL ANIZIO RODRIGUES COELHO,66,RUA DES JOAO PAES,,BOA VIAGEM,,SUBURBIO,COLISÃO TRANSVERSAL,2,0,0,0,0,0,0,0,0,0,0,Cruzamento,Bom,Sem defeito,Perfeito estado,Seca,Perfeito estado,Faixa de pedestre,"Placas ""Pare""",,Única,Não existe,,
202222366,2022-09-20,,COM VÍTIMA,CANCELADA,IPSEP,AV RECIFE,,,EM FRENTE  AO POSTO SHEL - SAIDA DO IBURA,IPSEP,55,,COLISÃO LATERAL,0,2,0,0,0,0,0,0,0,1,0,,,,,,,,,,,,,
202222372,2022-09-21,,COM VÍTIMA,FINALIZADA,BAIRRO DO RECIFE,PTE GIRATORIA,,,PRÓX. AO ARMAZÉM 14 / SENTIDO BOA VIAGEM,BAIRRO DO RECIFE,,,COLISÃO TRASEIRA,1,1,0,0,0,0,0,0,0,1,0,Longo da via,Bom,Não existe,Perfeito estado,Seca,Perfeito estado,Não existe,Não há placas,,Dupla,Canteiro central,,
202222411,2022-09-21,,COM VÍTIMA,FINALIZADA,AREIAS,AV DR JOSE RUFINO,841,,"VIADULTO DA AV. RECIFE, EM FRENTE AO CENTRO DE TREINAMENTO DA HONDA",AREIAS,,,COLISÃO LATERAL,1,1,0,0,0,0,0,0,0,1,0,Longo da via,Bom,Não existe,Perfeito estado,Seca,Perfeito estado,Não existe,Não há placas,50 km/h,Dupla,Faixa contínua,,
202222426,2022-09-21,,COM VÍTIMA,FINALIZADA,JOANA BEZERRA,VDO PAPA JOAO PAULO II,,,ANTES DO FORUM DE JOANA BEZERRA / NO VIADUTO,JOANA BEZERRA,,,COLISÃO TRASEIRA,1,1,0,0,0,0,0,0,0,1,0,Longo da via,Bom,Não existe,Perfeito estado,Seca,Perfeito estado,Não existe,Não há placas,60 km/h,Única,,,
202222431,2022-09-21,,SEM VÍTIMA,FINALIZADA,DOIS IRMÃOS,PRC FARIAS NEVES,1314,,EM FRENTE A COMPESA,DOIS IRMÃOS,,,,1,1,0,0,0,0,0,0,0,0,0,Longo da via,Bom,Não existe,Incompleta,Seca,Mal conservada,Outros,Outras,,Única,Não existe,,
202222432,2022-09-21,,COM VÍTIMA,CANCELADA,BOA VIAGEM,RUA MARIA CAROLINA,671,,EM FRENTE AO HOTEL BEACH CLASS,BOA VIAGEM,,,COLISÃO FRONTAL,0,2,0,0,0,0,0,0,0,1,0,,,,,,,,,,,,,
202222444,2022-09-21,,COM VÍTIMA,FINALIZADA,VÁRZEA,AV CAXANGA,,,EM FRENTE AO GOLF CLUBE,VÁRZEA,,SUBURBIO,COLISÃO TRASEIRA,1,1,0,0,0,0,0,0,0,1,0,Longo da via,Bom,Sem defeito,Perfeito estado,Seca,Perfeito estado,Não existe,R-19,60 km/h,Dupla,Faixa seccionada,,
202222446,2022-09-21,,SEM VÍTIMA,CANCELADA,TORRE,RUA MARCOS ANDRE,,,EM FRENTE AO CARREFOUR,TORRE,,,COLISÃO TRASEIRA,1,0,0,0,0,0,0,0,0,0,0,,,,,,,,,,,,,
202222457,2022-09-21,,COM VÍTIMA,FINALIZADA,SÃO JOSÉ,AV MARTINS DE BARROS,,,DENTRO DO CAIS DE SANTA RITA,SÃO JOSÉ,,,ATROPELAMENTO DE PESSOA,0,0,0,0,1,1,0,0,0,1,0,Longo da via,Bom,Não existe,Perfeito estado,Seca,Perfeito estado,Não existe,Não há placas,,Única,Não existe,,
202222458,2022-09-21,,COM VÍTIMA,FINALIZADA,IPSEP,AV RECIFE,,,EM FRENTE HOSPTIAL PÃO DE AREIAS,IPSEP,,SUBURBIO,COLISÃO LATERAL,1,1,0,0,0,0,0,0,0,1,0,Longo da via,Bom,Não existe,Perfeito estado,Seca,Perfeito estado,Não existe,Não há placas,60 km/h,Dupla,Canteiro central,,
202222459,2022-09-21,,COM VÍTIMA,FINALIZADA,IMBIRIBEIRA,RUA ENGENHEIRO JOSE BRANDAO CAVALCANTE,95,,LOJA DE PEÇAS ATOMAX,IMBIRIBEIRA,,,COLISÃO LATERAL,1,1,0,0,0,0,0,0,0,1,0,,,,,,,,,,,,,
202222469,2022-09-21,,COM VÍTIMA,FINALIZADA,TORRE,RUA PADRE LANDIM,405,RUA DOM MANOEL DA COSTA,,TORRE,,,COLISÃO LATERAL,0,2,0,0,0,0,0,0,0,3,0,Cruzamento,Bom,Sem defeito,Perfeito estado,Seca,Perfeito estado,Outros,"Placas ""Pare""",,Única,Outros,,
202222498,2022-09-22,,COM VÍTIMA,CANCELADA,TAMARINEIRA,AV PROFESSOR JOSE DOS ANJOS,157,,PRÓX. AO SESC,TAMARINEIRA,,,QUEDA,0,1,0,0,0,0,0,0,0,1,0,,,,,,,,,,,,,
202222502,2022-09-22,,COM VÍTIMA,FINALIZADA,ÁGUA FRIA,AV BEBERIBE,,,EM FRENTE À FEIRA NOVA DE ÁGUA FRIA,ÁGUA FRIA,405,SUBURBIO,COLISÃO LATERAL,1,1,0,0,0,0,0,0,0,1,0,Cruzamento,Bom,Sem defeito,Perfeito estado,Seca,Perfeito estado,Faixa de retenção,Não há placas,60 km/h,Única,Faixa contínua,,
202222505,2022-09-22,,COM VÍTIMA,FINALIZADA,IMBIRIBEIRA,AV PRESIDENTE DUTRA,347,,APÓS O RESTAURANTE SAL E BRASA,IMBIRIBEIRA,,,COLISÃO COM CICLISTA,0,1,0,1,0,0,0,0,0,1,0,Longo da via,Bom,Não existe,Perfeito estado,Seca,Perfeito estado,Não existe,Outras,,Dupla,Canteiro central,,
202222521,2022-09-22,,SEM VÍTIMA,FINALIZADA,IMBIRIBEIRA,AV MARECHAL MASCARENHAS DE MORAES,2314,,APÓS A BATERIA MOURA,IMBIRIBEIRA,631,SUBURBIO,COLISÃO TRASEIRA,1,1,0,0,0,0,0,0,0,0,0,Longo da via,Bom,Sem defeito,Perfeito estado,Seca,Perfeito estado,Não existe,R-4b,,Única,Faixa contínua,,
202222549,2022-09-22,,COM VÍTIMA,FINALIZADA,CAXANGÁ,AV CAXANGA,,,PROX AO GOOF CLUBE,CAXANGÁ,,CIDADE,COLISÃO LATERAL,0,2,0,0,0,0,0,0,0,3,0,Longo da via,Bom,Não existe,Perfeito estado,Molhada,Perfeito estado,Não existe,Não há placas,,Única,Faixa seccionada,,