Protocolo,data,hora,natureza,situacao,bairro,endereco,numero,detalhe_endereco_acidente,complemento,bairro_cruzamento,num_semaforo,sentido_via,tipo,auto,moto,ciclom,ciclista,pedestre,onibus,caminhao,viatura,outros,vitimas,vitimasfatais,acidente_verificado,tempo_clima,situacao_semaforo,sinalizacao,condicao_via,conservacao_via,ponto_controle,situacao_placa,velocidade_max_via,mao_direcao,divisao_via1,divisao_via2,divisao_via3
202222574,2022-09-22,,COM VÍTIMA,FINALIZADA,IMBIRIBEIRA,RUA ITACARI,,,EM FRENTE A WJ GÁS NATURAL,IMBIRIBEIRA,,,COLISÃO LATERAL,2,1,0,0,0,0,0,0,0,1,0,Cruzamento,Bom,Não existe,Ilegível,Seca,Mal iluminada,Não existe,"Placas ""Pare""",40 km/h,Única,Faixa seccionada,,
202222585,2022-09-23,,COM VÍTIMA,FINALIZADA,TORRE,AV BEIRA RIO,1305,,EM FRENTE AO MARTELINHO DE OURO,TORRE,,,COLISÃO LATERAL,1,1,0,0,0,0,0,0,0,1,0,Longo da via,Bom,Não existe,Perfeito estado,Seca,Perfeito estado,Não existe,Não há placas,40 km/h,Dupla,Faixa contínua,,
202222587,2022-09-23,,COM VÍTIMA,FINALIZADA,ILHA JOANA BEZERRA,VIADUTO CAPITAO TEMUDO,,,EM CIMA DO VIADUTO / SENTIDO BOA VIAGEM,ILHA JOANA BEZERRA,,,CHOQUE,1,0,0,0,0,0,0,0,0,1,0,Viaduto,Bom,Não existe,Perfeito estado,Seca,Perfeito estado,Não existe,Não há placas,,Dupla,Outros,,
202222589,2022-09-23,,COM VÍTIMA,FINALIZADA,BEBERIBE,AV BEBERIBE,581,,BAR BATE PAPO / CANAL DA CONSTRUÇÃO,BEBERIBE,,,COLISÃO LATERAL,1,1,0,0,0,0,0,0,0,3,0,Cruzamento,Bom,Sem defeito,Perfeito estado,Seca,Mal conservada,Faixa de pedestre,Outras,,Dupla,Não existe,,
202222610,2022-09-23,,COM VÍTIMA,FINALIZADA,SAN MARTIN,AV GENERAL SAN MARTIN,2347,,EM FRENTE AO RESTAURANTE XODÓ NORDESTINO,SAN MARTIN,,,COLISÃO TRASEIRA,1,1,0,0,0,0,0,0,0,1,0,Longo da via,Bom,Não existe,Perfeito estado,Seca,Perfeito estado,Não existe,Não há placas,30 km/h,Dupla,Não existe,,
202222628,2022-09-23,,COM VÍTIMA,FINALIZADA,BOA VIAGEM,AV ENGENHEIRO DOMINGOS FERREIRA,2965,,AO LADO DO BANCO DO NORDESTE,BOA VIAGEM,,,COLISÃO LATERAL,1,1,0,0,0,0,0,0,0,1,0,Longo da via,Bom,Sem defeito,Perfeito estado,Seca,Perfeito estado,Não existe,Não há placas,,Única,Faixa seccionada,,
202222639,2022-09-23,,COM VÍTIMA,FINALIZADA,BOA VIAGEM,AV ENGENHEIRO DOMINGOS FERREIRA,,RUA PADRE CARAPUCEIRO,EM FRENTE FRISABOR,BOA VIAGEM,,SUBURBIO,ATROPELAMENTO DE PESSOA,0,0,0,0,1,1,0,0,0,1,0,Longo da via,Bom,Sem defeito,Perfeito estado,Seca,Perfeito estado,Faixa de pedestre,Não há placas,,Única,Não existe,,
202222647,2022-09-23,,COM VÍTIMA,FINALIZADA,JARDIM SÃO PAULO,RUA LORENA,93,,PROX ACADEMIA WM,JARDIM SÃO PAULO,,,COLISÃO FRONTAL,1,1,0,0,0,0,0,0,0,1,0,Cruzamento,Bom,Não existe,Incompleta,Seca,Perfeito estado,Não existe,"Placas ""Pare""",,,,Não existe,
202222648,2022-09-23,,COM VÍTIMA,FINALIZADA,DERBY,AV GOVERNADOR AGAMENON MAGALHAES,,RUA HENRIQUE DIAS,,DERBY,68,,COLISÃO LATERAL,0,2,0,0,0,0,0,0,0,2,0,Cruzamento,Bom,Sem defeito,Perfeito estado,Seca,Perfeito estado,Faixa de pedestre,Não há placas,60 km/h,Única,Canal,,
202222651,2022-09-23,,COM VÍTIMA,CANCELADA,AREIAS,AV RECIFE,,,EM FRENTE AO RESTAURANTE PAJUÇARA,AREIAS,,SUBURBIO,COLISÃO COM CICLISTA,0,1,0,1,0,0,0,0,0,3,0,,,,,,,,,,,,,
202222667,2022-09-23,,COM VÍTIMA,CANCELADA,BOMBA DO HEMETÉRIO,RUA CHA DE ALEGRIA,115,,,BOMBA DO HEMETÉRIO,,,COLISÃO FRONTAL,0,0,0,0,0,0,0,0,0,1,0,,,,,,,,,,,,,
202222669,2022-09-24,,COM VÍTIMA,FINALIZADA,PORTO DA MADEIRA,AV BEBERIBE,,,RESIDENCIAL JOÃO PAULO II,PORTO DA MADEIRA,,,COLISÃO LATERAL,0,2,0,0,0,0,0,0,0,2,0,Longo da via,Bom,,Perfeito estado,Seca,Perfeito estado,Outros,Outras,,Dupla,Faixa seccionada,,
202222692,2022-09-24,,COM VÍTIMA,FINALIZADA,PAISSANDU,AV GOVERNADOR AGAMENON MAGALHAES,,,"EM FRENTE AO HOSPITAL PORTUGUES, SENTIDO BOA VIAGEM - DERBY",PAISSANDU,,,ATROPELAMENTO DE PESSOA,0,0,0,0,1,0,1,0,0,1,0,Longo da via,Bom,Sem defeito,Perfeito estado,Seca,Perfeito estado,Faixa de pedestre,R-6a,,Dupla,Canteiro central,,
202222693,2022-09-24,,COM VÍTIMA,FINALIZADA,TORRE,RUA REAL DA TORRE,,,EM FRENTE A LOJA DO CONDOMÍNIO,TORRE,,,COLISÃO LATERAL,1,1,0,0,0,0,0,0,0,1,0,Longo da via,Bom,Não existe,Perfeito estado,Seca,Perfeito estado,Não existe,Outras,,Única,Faixa seccionada,,
202222702,2022-09-24,,SEM VÍTIMA,FINALIZADA,TORRE,AV VISCONDE DE ALBUQUERQUE,,,EM FRENTE A PADARIA MASSA NOBRE,TORRE,,,COLISÃO TRASEIRA,0,0,0,0,0,0,0,0,0,0,0,,,,,,,,,,,,,
202222713,2022-09-24,,COM VÍTIMA,CANCELADA,ROSARINHO,AV SANTOS DUMONT,332,,EM FRENTE A CAFETERIA CAFETÃO,ROSARINHO,,,COLISÃO TRASEIRA,1,1,0,0,0,0,0,0,0,1,0,,,,,,,,,,,,,
202222722,2022-09-24,,SEM VÍTIMA,FINALIZADA,JARDIM SÃO PAULO,AV RECIFE,5327,RUA MARQUES DE ITANHAEM,,JARDIM SÃO PAULO,,,COLISÃO TRASEIRA,1,0,0,0,0,0,0,1,0,0,0,,,,,,,,,,,,,
202222746,2022-09-24,,COM VÍTIMA,FINALIZADA,IPSEP,AV RECIFE,,,PROXIMO A DELEGACIA,IPSEP,,,CHOQUE,0,0,0,0,0,0,0,0,0,2,0,Longo da via,Bom,Não existe,Perfeito estado,Seca,Perfeito estado,Não existe,Não há placas,,Dupla,Faixa contínua,Faixa seccionada,
202222754,2022-09-25,,COM VÍTIMA,FINALIZADA,BAIRRO DO RECIFE,AV ALFREDO LISBOA,,,POSTO POLICIAL CIATUR,BAIRRO DO RECIFE,,,ATROPELAMENTO DE PESSOA,1,0,0,0,1,0,0,0,0,1,0,Longo da via,Bom,Não existe,Perfeito estado,Seca,Perfeito estado,,R-6a,30 km/h,Única,,,
202222838,2022-09-26,,COM VÍTIMA,FINALIZADA,MADALENA,AV VISCONDE DE ALBUQUERQUE,401,RUA LOPES DE CARVALHO,"APÓS O BOMPREÇO, EM FRENTE AO MADALENA CENTER",MADALENA,,CIDADE,COLISÃO LATERAL,1,1,0,0,0,0,0,0,0,1,0,Cruzamento,Bom,Não existe,Perfeito estado,Seca,Perfeito estado,Outros,Outras,,Única,Faixa seccionada,,
202222841,2022-09-26,,COM VÍTIMA,FINALIZADA,ESTÂNCIA,RUA JOAO TEIXEIRA,,,EM FRENTE AO COLEGIO VISÃO,ESTÂNCIA,,,COLISÃO LATERAL,1,0,0,0,0,1,0,0,0,1,0,,,,,,,,,,,,,
202222849,2022-09-26,,COM VÍTIMA,FINALIZADA,BOA VISTA,RUA DR LEOPOLDO LINS,,AV GOVERNADOR AGAMENON MAGALHAES,PRÓX. À CAIXA,BOA VISTA,78,,COLISÃO TRASEIRA,1,1,0,0,0,0,0,0,0,1,0,Cruzamento,Bom,Sem defeito,Perfeito estado,Seca,Perfeito estado,Faixa de pedestre,Não há placas,60 km/h,Única,Faixa seccionada,,
202222850,2022-09-26,,SEM VÍTIMA,FINALIZADA,IMBIRIBEIRA,AV MARECHAL MASCARENHAS DE MORAES,,,LADO OPOSTO A IGREJA BATISTA LARGO DA PAZ,IMBIRIBEIRA,,CIDADE,COLISÃO TRANSVERSAL,1,0,0,0,0,0,1,0,0,0,0,Longo da via,Bom,Não existe,Perfeito estado,Seca,Perfeito estado,Não existe,Não há placas,,Única,Canteiro central,,
202222853,2022-09-26,,COM VÍTIMA,FINALIZADA,BOA VISTA,RUA DR LEOPOLDO LINS,,AV GOVERNADOR AGAMENON MAGALHAES,PRÓX. À CAIXA,BOA VISTA,78,,QUEDA,0,1,0,0,0,0,0,0,0,1,0,Cruzamento,Bom,Sem defeito,Perfeito estado,Seca,Perfeito estado,Não existe,Não há placas,60 km/h,Única,Faixa seccionada,,
202222870,2022-09-26,,COM VÍTIMA,FINALIZADA,BOA VIAGEM,AV ENGENHEIRO DOMINGOS FERREIRA,,RUA PADRE CARAPUCEIRO,RUA PADRE CARAPUCEIRO,BOA VIAGEM,216,,COLISÃO LATERAL,1,1,0,0,0,0,0,0,0,1,0,Cruzamento,Bom,Sem defeito,Perfeito estado,Seca,Perfeito estado,Faixa de pedestre,Outras,,Única,Canteiro central,,
202222873,2022-09-26,,COM VÍTIMA,FINALIZADA,SANTO AMARO,AV CRUZ CABUGA,405,,APÓS O ARMAZEM CORAL,SANTO AMARO,,CIDADE,COLISÃO LATERAL,1,1,0,0,0,0,0,0,0,1,0,Longo da via,Bom,Sem defeito,Perfeito estado,Seca,Perfeito estado,Não existe,Não há placas,60 km/h,Dupla,Faixa contínua,,
202222891,2022-09-26,,COM VÍTIMA,FINALIZADA,SANTO AMARO,AV CRUZ CABUGA,,AV PREFEITO ARTUR LIMA CAVALCANTI,EM FRENTE A APAC,SANTO AMARO,343,,COLISÃO LATERAL,2,0,0,0,0,0,0,0,0,1,0,Cruzamento,Bom,Sem defeito,Perfeito estado,Seca,Perfeito estado,Faixa de pedestre,R-6a,,Dupla,Faixa contínua,,
202222905,2022-09-26,,COM VÍTIMA,FINALIZADA,SANCHO,AV LIBERDADE,1427,,EM FRENTE AO PRESIDIO ANIBAL BRUNO E A EMBRANET,SANCHO,,,COLISÃO FRONTAL,1,1,0,0,0,0,0,0,0,1,0,Longo da via,Bom,Não existe,Ilegível,Seca,Perfeito estado,Não existe,R-6c,,Dupla,Não existe,,
202222911,2022-09-26,,COM VÍTIMA,FINALIZADA,DERBY,PRC DO DERBY,,,E/F A ESTAÇAO DO BRT  S/T SUB,DERBY,,,QUEDA,0,1,0,0,0,0,0,0,0,2,0,Longo da via,Bom,Sem defeito,Perfeito estado,Seca,Perfeito estado,Faixa de pedestre,Outras,,Dupla,Canteiro central,,
202222916,2022-09-26,,COM VÍTIMA,FINALIZADA,IMBIRIBEIRA,AV MARECHAL MASCARENHAS DE MORAES,,,EM FRENTE A UPA DA IMBIRIBEIRA,IMBIRIBEIRA,,,ATROPELAMENTO DE PESSOA,0,1,0,0,1,0,0,0,0,1,0,Longo da via,Bom,Não existe,Perfeito estado,Seca,Perfeito estado,Não existe,Não há placas,60 km/h,Única,Faixa seccionada,,
202222918,2022-09-26,,COM VÍTIMA,CANCELADA,CAMPO GRANDE,RUA PROFESSOR FRANCISCO DA TRINDADE,,RUA SAO CAETANO,POR TRAS DO CLUBE DAS PAZ,CAMPO GRANDE,,,COLISÃO FRONTAL,1,1,0,0,0,0,0,0,0,2,0,,,,,,,,,,,,,
202222928,2022-09-26,,COM VÍTIMA,CANCELADA,TORRE,RUA JOSE BONIFACIO,,RUA MARCOS ANDRE,PROX AO SUPERMERCADO CARREFUOR,TORRE,,,COLISÃO TRASEIRA,1,1,0,0,0,0,0,0,0,1,0,,,,,,,,,,,,,
202222930,2022-09-26,,COM VÍTIMA,CANCELADA,ILHA DO RETIRO,RUA PROFESSOR BENEDITO MONTEIRO,,,EM FRENTE ACADEMIA CEUFIT / PROX A LE BISCUIT DO BENFICA,ILHA DO RETIRO,,,COLISÃO LATERAL,1,1,0,0,0,0,0,0,0,1,0,,,,,,,,,,,,,
202222940,2022-09-27,,COM VÍTIMA,FINALIZADA,BOMBA DO HEMETÉRIO,RUA BOMBA DO HEMETERIO,649,,,BOMBA DO HEMETÉRIO,,SUBURBIO,COLISÃO FRONTAL,1,1,0,0,0,0,0,0,0,2,0,Longo da via,Bom,Não existe,Perfeito estado,Seca,Perfeito estado,Não existe,R-6a,,Dupla,Não existe,,
202222950,2022-09-27,,COM VÍTIMA,FINALIZADA,CAXANGÁ,AV CAXANGA,,,EM FRENTE A DISNOVE CONCESSIONÁRIA,CAXANGÁ,,,COLISÃO TRASEIRA,1,1,0,0,0,0,0,0,0,1,0,Longo da via,Bom,Não existe,Perfeito estado,Seca,Perfeito estado,Não existe,Não há placas,,Dupla,Canteiro central,,
202222951,2022-09-27,,COM VÍTIMA,FINALIZADA,CORDEIRO,AV GENERAL SAN MARTIN,495,RUA SANTOS MOREIRA,EM FRENTE A MUG SORVETES,CORDEIRO,,,COLISÃO LATERAL,1,1,0,0,0,0,0,0,0,1,0,Longo da via,Bom,Não existe,Ilegível,Seca,Perfeito estado,Não existe,Não há placas,,Dupla,,,
202222982,2022-09-27,,COM VÍTIMA,FINALIZADA,VÁRZEA,AV PROFESSOR ARTUR DE SA,,RUA PROFESSOR ANTONIO COELHO,EM FRENTE AO HOSPITAL DAS CLÍNICAS,VÁRZEA,,,COLISÃO LATERAL,1,1,0,0,0,0,0,0,0,1,0,Longo da via,Bom,Não existe,Perfeito estado,Seca,Perfeito estado,Outros,R-6a,,Dupla,Faixa contínua,,
202222984,2022-09-27,,COM VÍTIMA,FINALIZADA,CAXANGÁ,AV MAURICIO DE NASSAU,2075,,EM FRENTE A FUNDANÇÃO ALTINO VENTURA,CAXANGÁ,,,COLISÃO TRANSVERSAL,1,1,0,0,0,0,0,0,0,1,0,Longo da via,Bom,Sem defeito,Perfeito estado,Seca,Perfeito estado,Outros,Não há placas,,Dupla,Faixa contínua,,
202222986,2022-09-27,,COM VÍTIMA,FINALIZADA,MADALENA,AV VISCONDE DE ALBUQUERQUE,862,RUA JANUARIO BARBOSA,EM FRENTE A CLINICA INTERPERIO E PROXIMO A PRAÇA EÇA DE QUEIROZ,MADALENA,,,COLISÃO FRONTAL,1,1,0,0,0,0,0,0,0,1,0,Cruzamento,Bom,Não existe,Incompleta,Seca,Perfeito estado,Faixa de pedestre,"Placas ""Pare""",60 km/h,Única,Faixa contínua,Faixa seccionada,
202222992,2022-09-27,,SEM VÍTIMA,CANCELADA,DOIS UNIDOS,RUA VILA FLOR,281,,PROXIMO A ASSEMBLEIA DE DEUS,DOIS UNIDOS,,SUBURBIO,COLISÃO FRONTAL,1,1,0,0,0,0,0,0,0,0,0,,,,,,,,,,,,,
202223006,2022-09-27,,COM VÍTIMA,FINALIZADA,BEBERIBE,AV ANIBAL BENEVOLO,,,TERMINAL DE ÔNIBUS,BEBERIBE,,,COLISÃO LATERAL,1,1,0,0,0,0,0,0,0,1,0,,,,,,,,,,,,,
202223009,2022-09-27,,COM VÍTIMA,CANCELADA,CABANGA,RUA GENERAL ESTILAC LEAL,,,QUARTEL EXERCITO,CABANGA,,,COLISÃO TRASEIRA,1,0,0,0,0,0,0,0,0,1,0,,,,,,,,,,,,,
202223018,2022-09-28,,COM VÍTIMA,FINALIZADA,ESPINHEIRO,RUA CONS PORTELA,644,,"EM FRENTE A LIVRARIA AQUARELA, PROX. A AUDISONIC APARELHOS",ESPINHEIRO,,,COLISÃO LATERAL,1,1,0,0,0,0,0,0,0,1,0,Longo da via,Bom,Não existe,Perfeito estado,Seca,Perfeito estado,Não existe,Outras,30 km/h,Única,Não existe,,
202223020,2022-09-28,,COM VÍTIMA,FINALIZADA,IBURA,AV RECIFE,,,UPA E DA AV RECIFE,IBURA,,,ATROPELAMENTO DE PESSOA,0,1,0,0,1,0,0,0,0,2,0,Longo da via,Bom,Sem defeito,Perfeito estado,Seca,Perfeito estado,Faixa de pedestre,Não há placas,,Dupla,Não existe,,
202223077,2022-09-28,,SEM VÍTIMA,FINALIZADA,AFLITOS,AV SANTOS DUMONT,444,,EM FRENTE AO Nº 444,AFLITOS,,SUBURBIO,CHOQUE,2,0,0,0,0,0,0,0,0,0,0,Longo da via,Bom,Não existe,Perfeito estado,Seca,Perfeito estado,Não existe,R-6a,30 km/h,Única,,,
202223087,2022-09-28,,COM VÍTIMA,FINALIZADA,IMBIRIBEIRA,AV MARECHAL MASCARENHAS DE MORAES,,,EM FRENTE A FPS NO SENTIDO PRAZERES,IMBIRIBEIRA,,,COLISÃO TRASEIRA,0,2,0,0,0,0,0,0,0,1,0,Longo da via,Bom,Não existe,Perfeito estado,Seca,Perfeito estado,Não existe,R-6a,60 km/h,Dupla,Canteiro central,,
202223091,2022-09-28,,COM VÍTIMA,FINALIZADA,GRAÇAS,RUA DAS PERNAMBUCANAS,,RUA MONSENHOR AMBROZINO LEITE,PROXIMO AO HOSPITAL JAIME DA FONTE,GRAÇAS,600,SUBURBIO,COLISÃO TRANSVERSAL,1,1,0,0,0,0,0,0,0,1,0,Cruzamento,Bom,Intermitente,Perfeito estado,Seca,Perfeito estado,Faixa de pedestre,R-6a,,Dupla,Faixa seccionada,,
202223098,2022-09-29,,COM VÍTIMA,CANCELADA,TEJIPIÓ,RUA LEANDRO BARRETO,425,,EM FRENTE A GALERIA VERDE,TEJIPIÓ,,,QUEDA,0,1,0,0,0,0,0,0,0,1,0,,,,,,,,,,,,,
202223110,2022-09-29,,COM VÍTIMA,DUPLICIDADE,,RUA SAO MIGUEL,,,,,,,COLISÃO FRONTAL,1,1,0,0,0,0,0,0,0,1,0,,,,,,,,,,,,,
202223111,2022-09-29,,COM VÍTIMA,FINALIZADA,DERBY,RUA HENRIQUE DIAS,,AV GOVERNADOR AGAMENON MAGALHAES,,DERBY,,,COLISÃO TRASEIRA,1,1,0,0,0,0,0,0,0,1,0,Longo da via,Bom,Sem defeito,Perfeito estado,Seca,Perfeito estado,Outros,Outras,,Dupla,Faixa seccionada,,
202223115,2022-09-29,,COM VÍTIMA,FINALIZADA,AFOGADOS,RUA SAO MIGUEL,1883,,CENTER QUADROS METÁLICOS,AFOGADOS,,,COLISÃO LATERAL,1,2,0,0,0,0,0,0,0,1,0,Longo da via,Bom,Não existe,Perfeito estado,Seca,Perfeito estado,Não existe,Não há placas,,Dupla,Faixa contínua,Faixa seccionada,
202223138,2022-09-29,,COM VÍTIMA,FINALIZADA,CIDADE UNIVERSITÁRIA,AV PROFESSOR LUIZ FREIRE,,,EM FRENTE AO IFPE,CIDADE UNIVERSITÁRIA,,,COLISÃO TRASEIRA,0,2,0,0,0,0,0,0,0,2,0,Longo da via,Bom,Não existe,Perfeito estado,Seca,Perfeito estado,Não existe,Não há placas,40 km/h,Dupla,Faixa seccionada,,
202223141,2022-09-29,,COM VÍTIMA,FINALIZADA,BARRO,AV DR JOSE RUFINO,,,EM FRENTE AO 4º BCOM,BARRO,,,COLISÃO LATERAL,1,1,0,0,0,0,0,0,0,1,0,,,,,,,,,,,,,
202223142,2022-09-29,,SEM VÍTIMA,FINALIZADA,BOA VIAGEM,AV MARECHAL MASCARENHAS DE MORAES,5313,,EM FRENTE AO HOTEL IBIS RECIFE AEROPORTO,BOA VIAGEM,,CIDADE,,1,0,0,0,0,0,0,1,0,0,0,Longo da via,Bom,Não existe,Perfeito estado,Seca,Perfeito estado,Não existe,Não há placas,60 km/h,Única,Faixa contínua,Canteiro central,
202223162,2022-09-29,,COM VÍTIMA,FINALIZADA,DOIS IRMÃOS,RUA DOIS IRMAOS,,,EM FRENTE A ESCOLA CÃNDIDO DUARTE,DOIS IRMÃOS,,,QUEDA,0,1,0,0,0,0,0,0,0,1,0,Longo da via,Bom,Sem defeito,Perfeito estado,Seca,Perfeito estado,Não existe,R-6a,,Dupla,Faixa contínua,,
202223170,2022-09-29,,SEM VÍTIMA,CANCELADA,BOA VIAGEM,RUA BALTAZAR PASSOS,,AV BOA VIAGEM,,BOA VIAGEM,,,COLISÃO LATERAL,1,0,0,0,0,0,1,0,0,0,0,,,,,,,,,,,,,
202223174,2022-09-29,,SEM VÍTIMA,FINALIZADA,BOA VIAGEM,AV BOA VIAGEM,,,EM FRENTE AO Nº 3356,BOA VIAGEM,547,CIDADE,COLISÃO TRASEIRA,2,0,0,0,0,0,0,0,0,0,0,Longo da via,Bom,Sem defeito,Perfeito estado,Seca,Perfeito estado,Faixa de pedestre,,,Única,Faixa seccionada,,
202223176,2022-09-29,,COM VÍTIMA,FINALIZADA,BOA VIAGEM,RUA CAMBOIM,,RUA JOAO CARDOSO AIRES,,BOA VIAGEM,,,COLISÃO LATERAL,1,1,0,0,0,0,0,0,0,1,0,Cruzamento,Bom,Não existe,Ilegível,Seca,Perfeito estado,Não existe,"Placas ""Pare""",30 km/h,Dupla,Faixa seccionada,,
202223183,2022-09-30,,COM VÍTIMA,FINALIZADA,BOA VIAGEM,AV CONSELHEIRO AGUIAR,2707,,EM FRENTE A CLÍNICA ARMINDO MOURA NETO,BOA VIAGEM,549,,ENGAVETAMENTO,3,0,0,0,0,0,0,0,0,1,0,Longo da via,Bom,Sem defeito,Perfeito estado,Seca,Perfeito estado,Faixa de pedestre,R-6a,,Única,Faixa seccionada,,
202223193,2022-09-30,,COM VÍTIMA,FINALIZADA,MANGUEIRA,RUA VINTE E UM DE ABRIL,2090,RUA BOM JARDIM,JOEL DAS BEBIDAS / BORRACHARIA DO LUCAS,MANGUEIRA,,,COLISÃO LATERAL,1,1,0,0,0,0,0,0,0,1,0,Cruzamento,Bom,Não existe,Não existente,Seca,Perfeito estado,Não existe,Não há placas,,Dupla,Não existe,,
202223231,2022-09-30,,COM VÍTIMA,FINALIZADA,IMBIRIBEIRA,RUA CONEGO LIRA,370,,PROX A DISTRUIDORA PALAÇOS / BATERIA MOURA,IMBIRIBEIRA,,,COLISÃO LATERAL,1,1,0,0,0,0,0,0,0,1,0,Cruzamento,Bom,Não existe,Não existente,Seca,Perfeito estado,Não existe,Não há placas,,Dupla,Não existe,,
202223236,2022-09-30,,COM VÍTIMA,FINALIZADA,BONGI,RUA DELMIRO GOUVEIA,333,,EM FRENTE A CHESF,BONGI,,CIDADE,COLISÃO LATERAL,1,1,0,0,0,0,0,0,0,1,0,Longo da via,Bom,Não existe,Incompleta,Seca,Perfeito estado,Não existe,Não há placas,,Dupla,Não existe,,
202223254,2022-09-30,,COM VÍTIMA,CANCELADA,POÇO DA PANELA,AV DEZESSETE DE AGOSTO,1986,,PRÓXIMO AO LABORATÓRIO MARCELO MAGALHÃES,POÇO DA PANELA,,,COLISÃO LATERAL,0,0,0,0,0,0,0,0,0,1,0,,,,,,,,,,,,,
202223262,2022-09-30,,COM VÍTIMA,CANCELADA,CAXANGÁ,RUA EMILIANO BRAGA,,,ATTRAS DA ESTACÃO DE ONIBUS BRT,CAXANGÁ,,,COLISÃO FRONTAL,1,1,0,0,0,0,0,0,0,1,0,,,,,,,,,,,,,
202223274,2022-09-30,,COM VÍTIMA,CANCELADA,ARRUDA,RUA DA REGENERACAO,788,,EM FRENTE A LOJA TO NO ASSAI,ARRUDA,,,CHOQUE,2,0,0,0,0,0,0,0,0,1,0,,,,,,,,,,,,,
202223276,2022-10-01,,COM VÍTIMA,FINALIZADA,JARDIM SÃO PAULO,AV RECIFE,6165,,EM FRENTE AO ASSAI,JARDIM SÃO PAULO,,,COLISÃO LATERAL,1,1,0,0,0,0,0,0,0,1,0,Longo da via,Bom,Sem defeito,Perfeito estado,Seca,Perfeito estado,Não existe,Não há placas,,Única,Faixa seccionada,,
202223345,2022-10-01,,COM VÍTIMA,FINALIZADA,ENCRUZILHADA,AV BEBERIBE,,RUA PEDRO ALVES,DROGASIL,ENCRUZILHADA,186,CIDADE,COLISÃO TRASEIRA,1,1,0,0,0,0,0,0,0,1,0,Cruzamento,Bom,Sem defeito,Perfeito estado,Seca,Perfeito estado,Faixa de pedestre,Outras,,Dupla,Faixa contínua,,
202223347,2022-10-01,,SEM VÍTIMA,FINALIZADA,IBURA,RUA PINTOR AGENOR DE ALBUQUERQUE CESAR,160,,,IBURA,,,CHOQUE,1,0,0,0,0,0,0,1,0,0,0,Longo da via,Bom,Não existe,Perfeito estado,Seca,Perfeito estado,Não existe,,,Dupla,Não existe,,
202223349,2022-10-01,,COM VÍTIMA,FINALIZADA,VASCO DA GAMA,RUA VASCO DA GAMA,178,,PRÓXIMO AO SESI DO VASCO,VASCO DA GAMA,,,COLISÃO LATERAL,1,1,0,0,0,0,0,0,0,1,0,Outros,Bom,Não existe,Incompleta,Seca,Mal conservada,Não existe,R-6a,40 km/h,Dupla,Faixa seccionada,,
202223352,2022-10-02,,COM VÍTIMA,FINALIZADA,IMBIRIBEIRA,RUA ARQUITETO LUIZ NUNES,,RUA ENGENHEIRO JOSE BRANDAO CAVALCANTE,LAGOA DO ARAÇA,IMBIRIBEIRA,,,COLISÃO LATERAL,1,1,0,0,0,0,0,0,0,2,0,Cruzamento,Bom,Não existe,Perfeito estado,Seca,Perfeito estado,Não existe,"Placas ""Pare""",,Dupla,Faixa contínua,,
202223354,2022-10-02,,COM VÍTIMA,FINALIZADA,CAXANGÁ,RUA GASTAO VIDIGAL,,,EM FRENTE A UPA,CAXANGÁ,,SUBURBIO,COLISÃO LATERAL,2,0,0,0,0,0,0,0,0,1,0,Cruzamento,Bom,Sem defeito,Perfeito estado,Seca,Perfeito estado,Faixa de pedestre,Não há placas,,Dupla,Não existe,,
202223358,2022-10-02,,SEM VÍTIMA,FINALIZADA,JORDÃO,PRC DO JORDAO,53,,FRENTE Nº 53,JORDÃO,,CIDADE,COLISÃO FRONTAL,0,1,0,0,0,0,0,1,0,0,0,Longo da via,Bom,Não existe,Perfeito estado,Seca,Perfeito estado,Não existe,R-6a,30 km/h,Dupla,Não existe,,
202223400,2022-10-02,,COM VÍTIMA,CANCELADA,AREIAS,RUA FIGUEIRA DE MELO,11,,EM FRENTE AO CASA DE FESTA OXENTE KIDS,AREIAS,,,QUEDA,0,1,0,0,0,0,0,0,0,1,0,,,,,,,,,,,,,
202223416,2022-10-02,,COM VÍTIMA,FINALIZADA,PORTO DA MADEIRA,RUA DALVA DE OLIVEIRA,,,PROXIMO A AMBEV,PORTO DA MADEIRA,,,COLISÃO LATERAL,1,1,0,0,0,0,0,0,0,1,0,Cruzamento,Bom,Não existe,Perfeito estado,Seca,Perfeito estado,Outros,Não há placas,,Dupla,Não existe,,
202223433,2022-10-03,,SEM VÍTIMA,FINALIZADA,CORDEIRO,RUA MANDIORE,152,,,CORDEIRO,,SUBURBIO,CHOQUE,3,0,0,0,0,0,0,0,0,0,0,Longo da via,Bom,Não existe,Não existente,Seca,Perfeito estado,Não existe,Não há placas,,Dupla,Não existe,,
202223435,2022-10-03,,SEM VÍTIMA,FINALIZADA,VASCO DA GAMA,RUA NOVA DESCOBERTA,213,,EM FRENTE ATACAREJO,VASCO DA GAMA,,CIDADE,COLISÃO FRONTAL,0,1,0,0,0,1,0,0,0,0,0,Longo da via,Bom,Não existe,Perfeito estado,Seca,Perfeito estado,Não existe,R-6a,,Dupla,Não existe,,
202223438,2022-10-03,,SEM VÍTIMA,FINALIZADA,DERBY,AV GOVERNADOR AGAMENON MAGALHAES,,RUA JOAO FERNANDES VIEIRA,,DERBY,37,SUBURBIO,CHOQUE,0,0,0,0,0,0,0,1,0,0,0,Cruzamento,Bom,Sem defeito,Perfeito estado,Seca,Perfeito estado,Faixa de pedestre,Não há placas,60 km/h,Única,Faixa contínua,,