Protocolo,data,hora,natureza,situacao,bairro,endereco,numero,detalhe_endereco_acidente,complemento,bairro_cruzamento,num_semaforo,sentido_via,tipo,auto,moto,ciclom,ciclista,pedestre,onibus,caminhao,viatura,outros,vitimas,vitimasfatais,acidente_verificado,tempo_clima,situacao_semaforo,sinalizacao,condicao_via,conservacao_via,ponto_controle,situacao_placa,velocidade_max_via,mao_direcao,divisao_via1,divisao_via2,divisao_via3
202227305,2022-11-17,,SEM VÍTIMA,FINALIZADA,IPSEP,AV RECIFE,2706,,SEMÁFORO 016,IPSEP,,,COLISÃO TRASEIRA,1,0,0,0,0,0,0,1,0,0,0,Cruzamento,Bom,Sem defeito,Perfeito estado,Seca,Perfeito estado,Faixa de pedestre,R-6a,,Dupla,Canteiro central,,
202227318,2022-11-17,,COM VÍTIMA,FINALIZADA,BOA VISTA,RUA AURORA,1295,,E/F AO EDF CAIS DA AURORA  PROX AO BANCO CENTRAL  DO BRASIL,BOA VISTA,,,COLISÃO LATERAL,1,0,0,0,0,0,1,0,0,1,0,Longo da via,Bom,,Não existente,Seca,Perfeito estado,Não existe,Não há placas,,Única,Faixa seccionada,,
202227319,2022-11-17,,COM VÍTIMA,FINALIZADA,TEJIPIÓ,RUA FALCAO DE LACERDA,175,,E/F A IGREJA PRESBITERIANA DE TEJIPIO,TEJIPIÓ,,,COLISÃO LATERAL,1,2,0,0,0,0,0,0,0,1,0,,,,,,,,,,,,,
202227325,2022-11-17,,COM VÍTIMA,FINALIZADA,CASA AMARELA,RUA PADRE LEMOS,723,,PROX AO POSTO DE GASOLINA BR,CASA AMARELA,66,SUBURBIO,COLISÃO LATERAL,1,1,0,0,0,0,0,0,0,1,0,Longo da via,Bom,Sem defeito,Incompleta,Seca,Perfeito estado,Não existe,Não há placas,,Dupla,Não existe,,
202227326,2022-11-17,,COM VÍTIMA,FINALIZADA,SÃO JOSÉ,PRC DAS CINCO PONTAS,104,RUA DO JARDIM,EM FRENTE AO FORTE CINCO PONTAS,SÃO JOSÉ,199,SUBURBIO,COLISÃO LATERAL,0,2,0,0,0,0,0,0,0,1,0,Longo da via,Bom,Sem defeito,Perfeito estado,Seca,Perfeito estado,Não existe,Não há placas,40 km/h,Única,Não existe,,
202227330,2022-11-17,,COM VÍTIMA,FINALIZADA,BOA VISTA,RUA DA AURORA,,,EM FRENTE AO CINE SÃO LUIS,BOA VISTA,162,CIDADE,ATROPELAMENTO DE PESSOA,1,0,0,0,1,0,0,0,0,1,0,Longo da via,Bom,Sem defeito,Perfeito estado,Seca,Perfeito estado,Faixa de pedestre,R-6a,,Única,Faixa contínua,,
202227372,2022-11-18,,COM VÍTIMA,FINALIZADA,CORDEIRO,RUA DR JOAO LACERDA,S/N,,EM FRENTE AO DHPP,CORDEIRO,,,COLISÃO TRASEIRA,1,1,0,0,0,0,0,0,0,1,0,Longo da via,Bom,Não existe,Ilegível,Seca,Perfeito estado,Não existe,Não há placas,60 km/h,Dupla,Faixa contínua,,
202227440,2022-11-18,,SEM VÍTIMA,FINALIZADA,SÃO JOSÉ,AV MARTINS DE BARROS,,,PROXIMO A PRAÇA DA REPUBLICA,SÃO JOSÉ,,,COLISÃO LATERAL,1,1,0,0,0,0,0,0,0,0,0,Longo da via,Bom,Sem defeito,Perfeito estado,Seca,Perfeito estado,Faixa de pedestre,Não há placas,,Única,Faixa contínua,Faixa contínua,
202227446,2022-11-18,,COM VÍTIMA,FINALIZADA,SÃO JOSÉ,AV SUL,1374,RUA CARLOS COELHO LEAL VALENTE,EM FRENTE PORTELA INDUSTRIA,SÃO JOSÉ,260,CIDADE,COLISÃO LATERAL,1,1,0,0,0,0,0,0,0,1,0,Cruzamento,Bom,Sem defeito,,Seca,Perfeito estado,,Não há placas,,Única,,,
202227448,2022-11-18,,COM VÍTIMA,FINALIZADA,ESPINHEIRO,RUA CONS PORTELA,,RUA LAURO MONTENEGRO,PROX A IGREJA CATOLICA DO ESPINHEIRO  VT 15 NO LOCAL,ESPINHEIRO,464,SUBURBIO,COLISÃO LATERAL,1,1,0,0,0,0,0,0,0,1,0,Longo da via,Bom,Sem defeito,Perfeito estado,Seca,Perfeito estado,Não existe,R-6a,,Única,Faixa seccionada,,
202227449,2022-11-18,,COM VÍTIMA,CANCELADA,MONTEIRO,AV CIDADE DE MONTEIRO,,,E/F AO ARMAZEM CORAL PROX A SUBIDA DA PONTE,MONTEIRO,,,COLISÃO FRONTAL,1,0,0,0,0,0,0,0,0,2,0,,,,,,,,,,,,,
202227458,2022-11-18,,COM VÍTIMA,FINALIZADA,AREIAS,AV RECIFE,3585,,APÓS O RESTAURANTE GALETUS,AREIAS,,,COLISÃO TRANSVERSAL,1,1,0,0,0,0,1,0,0,1,0,Longo da via,Bom,Não existe,Perfeito estado,Seca,Perfeito estado,Não existe,Não há placas,60 km/h,Dupla,Faixa seccionada,Canteiro central,
202227463,2022-11-18,,SEM VÍTIMA,FINALIZADA,BOA VIAGEM,RUA CARLOS PEREIRA FALCAO,100,,EM FRENTE A PADARIA DIPLOMATA,BOA VIAGEM,,,COLISÃO FRONTAL,2,0,0,0,0,0,0,0,0,0,0,,,,,,,,,,,,,
202227495,2022-11-19,,COM VÍTIMA,FINALIZADA,CAMPO GRANDE,RUA CATULO DA PAIXAO CEARENSE,263,RUA PROFESSOR FRANCISCO DA TRINDADE,PRÓX. AO BAR E RESTAURANTE CASA DE MÃE,CAMPO GRANDE,,,COLISÃO LATERAL,1,1,0,0,0,0,0,0,0,1,0,,,,,,,,,,,,,
202227496,2022-11-19,,COM VÍTIMA,FINALIZADA,AFOGADOS,RUA SAO MIGUEL,1357,,PRÓX. AO BODE DO NÔ E À PANIFICADORA LISBOA,AFOGADOS,,,COLISÃO LATERAL,1,1,0,0,0,0,0,0,0,1,0,Longo da via,Bom,Não existe,Incompleta,Seca,Perfeito estado,Não existe,Não há placas,,Dupla,Não existe,,
202227503,2022-11-19,,COM VÍTIMA,FINALIZADA,ENCRUZILHADA,EST DE BELEM,535,RUA LARGA DO FEITOSA,PRÓX. À CASA DE BOLOS E À HI ACADEMIA.,ENCRUZILHADA,,CIDADE,COLISÃO LATERAL,1,1,0,0,0,0,0,0,0,2,0,Longo da via,Bom,Não existe,Perfeito estado,Seca,Perfeito estado,Não existe,R-6a,,Dupla,Faixa contínua,,
202227505,2022-11-19,,COM VÍTIMA,FINALIZADA,CORDEIRO,AV MAURICIO DE NASSAU,38,,"EM FRENTE AO PARQUE EXPOSIÇÃO DE ANIMAIS, PROX GOE",CORDEIRO,,SUBURBIO,COLISÃO TRASEIRA,1,1,0,0,0,0,0,0,0,1,0,Longo da via,Bom,Não existe,Incompleta,Seca,Perfeito estado,Não existe,Outras,,Dupla,Faixa contínua,,
202227522,2022-11-19,,COM VÍTIMA,FINALIZADA,AFOGADOS,AV DR JOSE RUFINO,685,,ALTO PEÇAS E SERVIÇOS,AFOGADOS,391,SUBURBIO,COLISÃO LATERAL,1,1,0,0,0,0,0,0,0,1,0,Esquina,Bom,Sem defeito,Não existente,Seca,Perfeito estado,Faixa de pedestre,Não há placas,,Dupla,Faixa contínua,,
202227524,2022-11-19,,COM VÍTIMA,FINALIZADA,ESTÂNCIA,RUA HAVAI,119,,RUA RESIDENCIAL,ESTÂNCIA,,SUBURBIO,COLISÃO FRONTAL,1,1,0,0,0,0,0,0,0,1,0,Longo da via,Bom,Não existe,Não existente,Seca,Perfeito estado,Não existe,Não há placas,,Dupla,Não existe,,
202227567,2022-11-20,,SEM VÍTIMA,FINALIZADA,SAN MARTIN,AV ENGENHEIRO ABDIAS DE CARVALHO,,,AO LADO DO ATACAREJO,SAN MARTIN,687,CIDADE,CAPOTAMENTO,0,0,0,0,0,0,0,0,0,0,0,,,,,,,,,,,,,
202227631,2022-11-20,,COM VÍTIMA,FINALIZADA,BOA VIAGEM,AV BOA VIAGEM,,,PRAÇA DE BOA VIAGEM,BOA VIAGEM,4,,ATROPELAMENTO DE PESSOA,0,1,0,0,1,0,0,0,0,2,0,Longo da via,Bom,Sem defeito,Perfeito estado,Seca,Perfeito estado,Faixa de pedestre,Não há placas,,Única,Faixa seccionada,,
202227650,2022-11-21,,COM VÍTIMA,FINALIZADA,ILHA DO LEITE,AV FREI MATIAS TEVES,,RUA SENADOR JOSE HENRIQUE,EM FRENTE O HOSPITAL ALBERT SABIN,ILHA DO LEITE,,,COLISÃO LATERAL,1,1,0,0,0,0,0,0,0,1,0,Cruzamento,Bom,Não existe,Ilegível,Seca,Perfeito estado,Faixa de pedestre,Outras,30 km/h,Única,Faixa seccionada,,
202227653,2022-11-21,,COM VÍTIMA,FINALIZADA,IMBIRIBEIRA,RUA CONDE PEREIRA CARNEIRO,150,RUA JACY,RUA AO LADO DO SANTANDER,IMBIRIBEIRA,,SUBURBIO,COLISÃO FRONTAL,1,1,0,0,0,0,0,0,0,2,0,Cruzamento,Bom,Não existe,Perfeito estado,Seca,Perfeito estado,Não existe,R-6a,,Dupla,Não existe,,
202227658,2022-11-21,,COM VÍTIMA,FINALIZADA,VÁRZEA,AV CAXANGA,5775,,"EM FRENTE AO POSTO SHELL, PROX AO TERMINAL INTEGRADO DA CAXANGÁ",VÁRZEA,,SUBURBIO,COLISÃO LATERAL,1,1,0,1,0,1,0,0,0,1,0,Longo da via,Bom,Sem defeito,Incompleta,Seca,Perfeito estado,Não existe,Não há placas,60 km/h,Única,Não existe,,
202227664,2022-11-21,,COM VÍTIMA,FINALIZADA,BOA VIAGEM,AV ENGENHEIRO DOMINGOS FERREIRA,,RUA DO MUNIZ,"EM FRENTE AO CERPE, E PROX AO SPETTUS",BOA VIAGEM,380,SUBURBIO,COLISÃO LATERAL,2,0,0,0,0,0,0,0,0,1,0,Cruzamento,Bom,Sem defeito,Perfeito estado,Seca,Perfeito estado,Faixa de pedestre,Outras,60 km/h,Única,Faixa seccionada,,
202227680,2022-11-21,,COM VÍTIMA,FINALIZADA,TORRÕES,EST DO FORTE DO ARRAIAL N. DO B. JESUS,1592,,PROX. A CASA MODERNA HOME CENTER,TORRÕES,,SUBURBIO,ATROPELAMENTO DE PESSOA,1,0,0,0,1,0,0,0,0,1,0,Cruzamento,Bom,Não existe,Perfeito estado,Seca,Perfeito estado,Não existe,Não há placas,60 km/h,Dupla,Faixa contínua,,
202227683,2022-11-21,,COM VÍTIMA,CANCELADA,MADALENA,RUA PESSOA DE MELO,299,,EM FRENTE A CAFETERIA SANTA CLARA,MADALENA,,,COLISÃO LATERAL,2,0,0,0,0,0,0,0,0,1,0,,,,,,,,,,,,,
202227687,2022-11-21,,SEM VÍTIMA,CANCELADA,PRADO,RUA CARLOS GOMES,,AV ENGENHEIRO ABDIAS DE CARVALHO,E/F A BIG CAR,PRADO,,,COLISÃO LATERAL,0,0,0,0,0,0,1,1,0,0,0,,,,,,,,,,,,,
202227690,2022-11-21,,COM VÍTIMA,FINALIZADA,BOA VIAGEM,AV ENGENHEIRO DOMINGOS FERREIRA,1653,,EM FRENTE AO ANTIGO EXTRA,BOA VIAGEM,380,SUBURBIO,COLISÃO TRASEIRA,1,1,0,0,0,0,0,0,0,1,0,Longo da via,Bom,Sem defeito,Perfeito estado,Seca,Perfeito estado,Não existe,Não há placas,60 km/h,Única,Faixa seccionada,,
202227691,2022-11-21,,COM VÍTIMA,FINALIZADA,IPSEP,RUA DR RAPOSO PINTO,67,RUA JEAN EMILE FAVRE,E/F A PIZZARIA DOMINO´S,IPSEP,,SUBURBIO,COLISÃO LATERAL,0,1,0,0,0,1,0,0,0,1,0,Longo da via,Bom,Não existe,Não existente,Seca,Perfeito estado,Não existe,Não há placas,,Dupla,Não existe,,
202227696,2022-11-21,,COM VÍTIMA,FINALIZADA,BAIRRO DO RECIFE,RUA IMPERIAL,,,APOS O COLEGIO JOAQUIM NABUCO,BAIRRO DO RECIFE,,SUBURBIO,COLISÃO LATERAL,0,2,0,0,0,0,0,0,0,3,0,Cruzamento,Bom,Não existe,Perfeito estado,Seca,Perfeito estado,Não existe,Outras,,Única,Faixa seccionada,,
202227701,2022-11-21,,COM VÍTIMA,FINALIZADA,BOA VIAGEM,RUA BARAO DE SOUZA LEAO,1093,,EM FRENTE AO ARMAZEM REZZOLVE,BOA VIAGEM,476,SUBURBIO,COLISÃO LATERAL,1,1,0,0,0,0,0,0,0,1,0,Longo da via,Bom,Sem defeito,Perfeito estado,Seca,Perfeito estado,Não existe,R-6a,,Única,Faixa seccionada,,
202227711,2022-11-21,,COM VÍTIMA,FINALIZADA,VASCO DA GAMA,RUA VASCO DA GAMA,145,,E/F AO SESI DO VASCO,VASCO DA GAMA,,SUBURBIO,COLISÃO LATERAL,1,1,0,0,0,0,0,0,0,2,0,Cruzamento,Bom,Não existe,Perfeito estado,Seca,Perfeito estado,Faixa de pedestre,Placas Pare,,Dupla,,,
202227713,2022-11-21,,COM VÍTIMA,FINALIZADA,ESPINHEIRO,RUA DO ESPINHEIRO,,RUA SANTO ELIAS,RUA SANTO ELIAS,ESPINHEIRO,,SUBURBIO,COLISÃO LATERAL,1,1,0,0,0,0,0,0,0,1,0,Cruzamento,Bom,Não existe,Perfeito estado,Seca,Perfeito estado,Agente,R-6a,40 km/h,Única,Faixa contínua,,
202227724,2022-11-21,,COM VÍTIMA,FINALIZADA,CAXANGÁ,AV CAXANGA,,AV INACIO MONTEIRO,EM FRENTE A DROGASIL,CAXANGÁ,,SUBURBIO,COLISÃO TRASEIRA,2,1,0,0,0,0,0,0,0,1,0,Longo da via,Bom,Sem defeito,Perfeito estado,Seca,Perfeito estado,Faixa de pedestre,,60 km/h,Única,Faixa seccionada,,
202227725,2022-11-21,,SEM VÍTIMA,FINALIZADA,ÁGUA FRIA,AV BEBERIBE,,,EM FRENTE A O MERCADO DE AGUA FRIA,ÁGUA FRIA,,,CHOQUE,1,1,0,0,0,0,0,0,0,0,0,Cruzamento,Bom,Sem defeito,Perfeito estado,Seca,Perfeito estado,Faixa de pedestre,Não há placas,,Dupla,Faixa seccionada,,
202227727,2022-11-21,,COM VÍTIMA,FINALIZADA,ARRUDA,AV PROFESSOR JOSE DOS ANJOS,,RUA FARIAS NEVES,RUA  DESENHISTA EULINO SANTOS,ARRUDA,,SUBURBIO,CHOQUE,1,0,0,0,0,0,0,0,0,1,0,Cruzamento,Bom,Não existe,Perfeito estado,Seca,Perfeito estado,Faixa de pedestre,Outras,,Única,Não existe,,
202227733,2022-11-22,,COM VÍTIMA,FINALIZADA,TAMARINEIRA,RUA CONEGO BARATA,,AV CONS ROSA E SILVA,PROX. DA FERREIRA COSTA,TAMARINEIRA,61,SUBURBIO,CHOQUE,1,0,0,0,0,0,0,0,0,2,0,Cruzamento,Bom,Sem defeito,Perfeito estado,Seca,Perfeito estado,Faixa de pedestre,R-6a,,Dupla,Canteiro central,,
202227762,2022-11-22,,COM VÍTIMA,FINALIZADA,BOMBA DO HEMETÉRIO,RUA BOMBA DO HEMETERIO,400,RUA GUANAMBI,EM FRENTE A FUNERARIA CANAÃ,BOMBA DO HEMETÉRIO,,CIDADE,COLISÃO FRONTAL,1,1,0,0,0,0,0,0,0,1,0,Esquina,Chuvoso,Não existe,Incompleta,Molhada,Perfeito estado,Não existe,Outras,,Dupla,Não existe,,
202227766,2022-11-22,,COM VÍTIMA,FINALIZADA,PINA,AV ANTONIO DE GOES,500,,EM FRENTE AO DETROIT CAR,PINA,,,ATROPELAMENTO DE PESSOA,1,1,0,0,1,0,0,0,0,1,0,Longo da via,Chuvoso,Não existe,Perfeito estado,Molhada,Perfeito estado,Não existe,Não há placas,60 km/h,Única,Canteiro central,,
202227767,2022-11-22,,COM VÍTIMA,FINALIZADA,IMBIRIBEIRA,AV MARECHAL MASCARENHAS DE MORAES,1482,RUA MURICILANDIA,EM FRENTE A GOOD YEAR,IMBIRIBEIRA,287,CIDADE,QUEDA,0,1,0,0,0,0,0,0,0,2,0,Longo da via,Chuvoso,Sem defeito,Perfeito estado,Molhada,Perfeito estado,Faixa de retenção,Placas Pare,60 km/h,Dupla,Canteiro central,,
202227773,2022-11-22,,COM VÍTIMA,FINALIZADA,AFOGADOS,RUA SAO MIGUEL,865,,EM FRENTE AO 14º BATALHÃO LOGÍSTICO,AFOGADOS,423,SUBURBIO,COLISÃO TRASEIRA,1,1,0,0,0,0,0,0,0,1,0,Longo da via,Chuvoso,Sem defeito,Perfeito estado,Molhada,Perfeito estado,Faixa de pedestre,Não há placas,60 km/h,Dupla,Faixa contínua,,
202227776,2022-11-22,,COM VÍTIMA,FINALIZADA,SANTO AMARO,AV DR JAYME DA FONTE,67,,CAMPO DE FUTEBOL / NA RUA DA COMPESA,SANTO AMARO,,CIDADE,COLISÃO COM CICLISTA,1,0,0,1,0,0,0,0,0,1,0,Longo da via,Bom,Sem defeito,Perfeito estado,Seca,Perfeito estado,Não existe,Não há placas,,,Não existe,,
202227783,2022-11-22,,COM VÍTIMA,FINALIZADA,BOA VIAGEM,AV ENGENHEIRO DOMINGOS FERREIRA,3704,RUA JACK AYRES,QUASE EM FRENTE A ESCOLA DE GASTRONOMIA E CONFEITARIA,BOA VIAGEM,,SUBURBIO,COLISÃO TRANSVERSAL,1,1,0,0,0,0,0,0,0,1,0,Cruzamento,Bom,Não existe,Perfeito estado,Seca,Perfeito estado,Não existe,Outras,60 km/h,Única,Faixa seccionada,,
202227805,2022-11-22,,COM VÍTIMA,FINALIZADA,IMBIRIBEIRA,AV MARECHAL MASCARENHAS DE MORAES,4240,,VENEZA DIESEL,IMBIRIBEIRA,,CIDADE,ATROPELAMENTO DE PESSOA,1,0,0,0,1,0,0,0,0,1,0,Longo da via,Chuvoso,Não existe,Perfeito estado,Molhada,Mal iluminada,Não existe,Não há placas,60 km/h,Dupla,,,
202227810,2022-11-22,,COM VÍTIMA,FINALIZADA,IMBIRIBEIRA,RUA DEZ DE JULHO,211,,INTEGRAÇÃO DO AEROPORTO,IMBIRIBEIRA,,SUBURBIO,ATROPELAMENTO DE PESSOA,0,0,0,0,1,0,0,0,0,1,0,Não informado,Chuvoso,Não existe,Perfeito estado,Seca,Perfeito estado,Faixa de pedestre,Não há placas,,Única,Não existe,,
202227812,2022-11-22,,COM VÍTIMA,FINALIZADA,BOA VISTA,AV CRUZ CABUGA,,,FACULDADE DE DIREITO,BOA VISTA,31,,COLISÃO FRONTAL,1,1,0,0,0,0,0,0,0,1,0,Cruzamento,Chuvoso,Sem defeito,Perfeito estado,Molhada,Perfeito estado,,R-6a,40 km/h,Dupla,Canteiro central,Blocos,
202227832,2022-11-23,,COM VÍTIMA,CANCELADA,APIPUCOS,RUA DOIS IRMAOS,1196,,"PROX. AO QUARTEL, SENT. DOIS IRMAOS APOS O CANAL",APIPUCOS,,,COLISÃO LATERAL,1,1,0,0,0,0,0,0,0,1,0,,,,,,,,,,,,,
202227867,2022-11-23,,COM VÍTIMA,FINALIZADA,IBURA,AV DOIS RIOS,250,,SENA SAÚDE CONSULTÓRIOS,IBURA,,,COLISÃO LATERAL,1,1,0,0,0,0,0,0,0,1,0,,,,,,,,,,,,,
202227871,2022-11-23,,SEM VÍTIMA,FINALIZADA,AFOGADOS,RUA SAO MIGUEL,132,RUA PEDRO CABRAL DE OLIVEIRA,EM FRENTE AO CARTORIO,AFOGADOS,,CIDADE,,1,0,0,0,0,0,1,0,0,0,0,Cruzamento,Bom,Não existe,Perfeito estado,Seca,Perfeito estado,Outros,Outras,,Dupla,Não existe,,
202227878,2022-11-23,,COM VÍTIMA,FINALIZADA,IPUTINGA,AV MAURICIO DE NASSAU,134,RUA ENGENHEIRO MOACYR PARAHYBA,APOS A CLINICA FUNDAÇAÕ  ALTINO VENTURA S/T BR,IPUTINGA,,SUBURBIO,COLISÃO FRONTAL,1,1,0,0,0,0,0,0,0,1,0,Cruzamento,Bom,Não existe,Não existente,Seca,Perfeito estado,Não existe,Não há placas,,Dupla,Faixa contínua,,
202227891,2022-11-23,,COM VÍTIMA,FINALIZADA,CASA AMARELA,EST DO ENCANAMENTO,1284,RUA JADER DE ANDRADE,E/F A CASA DE FESTA ESTRIPULIA,CASA AMARELA,,,COLISÃO FRONTAL,1,1,0,0,0,0,0,0,0,2,0,Cruzamento,Bom,Não existe,Perfeito estado,Seca,Perfeito estado,Não existe,Placas Pare,,Única,Faixa seccionada,,
202227909,2022-11-23,,VÍTIMA FATAL,FINALIZADA,CORDEIRO,AV GENERAL SAN MARTIN,,,EM FRENTE AOS CORREIOS,CORDEIRO,403,SUBURBIO,QUEDA,0,0,0,0,1,1,0,0,0,0,1,Longo da via,Bom,Desligado,Perfeito estado,Seca,Perfeito estado,Faixa de pedestre,R-6a,,Dupla,Faixa contínua,,
202227922,2022-11-24,,COM VÍTIMA,FINALIZADA,IPSEP,RUA PINTOR LULA CARDOSO AYRES,S/N,,"EM FRENTE A FACTOR COMERCIO, PROX AO SAL E BRASA,",IPSEP,,,COLISÃO FRONTAL,3,0,0,0,0,0,0,0,0,1,0,,,,,,,,,,,,,
202227924,2022-11-24,,SEM VÍTIMA,FINALIZADA,MADALENA,AV VISCONDE DE ALBUQUERQUE,668,,EM FRENTE AO HOSPITAL DE ÁVILA,MADALENA,,,COLISÃO LATERAL,2,0,0,0,0,0,0,0,0,0,0,,,,,,,,,,,,,
202227926,2022-11-24,,COM VÍTIMA,FINALIZADA,HIPÓDROMO,RUA PRUDENTE DE MORAES,124,,ULTRA GÁS,HIPÓDROMO,,,COLISÃO LATERAL,1,1,0,0,0,0,0,0,0,1,0,Cruzamento,Bom,Não existe,Perfeito estado,Seca,Perfeito estado,Faixa de pedestre,Placas Pare,,Dupla,Faixa seccionada,,
202227941,2022-11-24,,COM VÍTIMA,FINALIZADA,IPSEP,RUA PINTOR LULA CARDOSO AYRES,595,,"EM FRENTE A FATO COMERCIO, PROX AO SAL E BRASA E AO TENIS CLUBE",IPSEP,,,COLISÃO FRONTAL,3,0,0,0,0,0,0,0,0,1,0,Longo da via,Bom,Não existe,Não existente,Seca,Perfeito estado,Não existe,Não há placas,30 km/h,Única,Não existe,,
202227971,2022-11-24,,COM VÍTIMA,FINALIZADA,GRAÇAS,RUA SOUZA DE ANDRADE,241,RUA ANTONIO NOVAIS,POR TRAS DO COLEGIO SAO LUIZ,GRAÇAS,,,COLISÃO FRONTAL,1,1,0,0,0,0,0,0,0,2,0,Cruzamento,Bom,Não existe,Perfeito estado,Seca,Perfeito estado,Não existe,Placas Pare,,Dupla,Não existe,,
202227975,2022-11-24,,SEM VÍTIMA,FINALIZADA,SANTO AMARO,AV GOVERNADOR AGAMENON MAGALHAES,118 A,,SOBRE O VIADUTO DA JOÃO DE BARROS,SANTO AMARO,,SUBURBIO,COLISÃO TRASEIRA,1,1,0,0,0,0,0,0,0,0,0,,Bom,Não existe,Perfeito estado,Seca,Perfeito estado,Não existe,Não há placas,60 km/h,Dupla,Canteiro central,,
202227980,2022-11-24,,COM VÍTIMA,FINALIZADA,MADALENA,AV CAXANGA,521,,EM FRENTE AO COMPAZ MIGUEL ARRAES,MADALENA,489,CIDADE,ATROPELAMENTO DE PESSOA,0,1,0,0,1,0,0,0,0,2,0,Longo da via,Bom,Sem defeito,Incompleta,Seca,Mal conservada,Faixa de pedestre,R-6a,60 km/h,Dupla,Faixa contínua,Faixa seccionada,Canteiro central
202227984,2022-11-24,,COM VÍTIMA,FINALIZADA,CASA FORTE,AV DEZESSETE DE AGOSTO,99,,AO LADO DO BRADESCO,CASA FORTE,,CIDADE,COLISÃO FRONTAL,1,1,0,0,0,0,0,0,0,1,0,Longo da via,Bom,Não existe,Perfeito estado,Seca,Perfeito estado,Não existe,R-6a,60 km/h,Dupla,Faixa seccionada,,
202227987,2022-11-24,,COM VÍTIMA,FINALIZADA,BOA VISTA,AV GOVERNADOR AGAMENON MAGALHAES,,,APOS O BOMPREÇO DA BENFICA  NO GIRADOURO DO BRADESCO SEGUROS  VT 29 NO LOCAL,BOA VISTA,,,COLISÃO LATERAL,1,1,0,0,0,0,0,0,0,1,0,Longo da via,Bom,Não existe,Perfeito estado,Seca,Perfeito estado,Não existe,R-6a,60 km/h,Dupla,Canteiro central,,
202227988,2022-11-24,,COM VÍTIMA,CANCELADA,ÁGUA FRIA,EST VELHA DE AGUA FRIA,,AV PROFESSOR JOSE DOS ANJOS,ACIDENTE COM VÍTIMA ENVOVENDO DUAS MOTOS,ÁGUA FRIA,,SUBURBIO,COLISÃO LATERAL,0,2,0,0,0,0,0,0,0,2,0,,,,,,,,,,,,,
202227992,2022-11-24,,COM VÍTIMA,FINALIZADA,AFOGADOS,RUA SAO MIGUEL,,RUA VEREADOR FRANCISCO DE PAULA SANTANA CHICO DA MANOLA,EM FRENTE AO ARMAZEM CORAL,AFOGADOS,,CIDADE,COLISÃO LATERAL,1,1,0,0,0,0,0,0,0,1,0,Longo da via,Bom,Não existe,Não existente,Seca,Perfeito estado,Não existe,Não há placas,60 km/h,Dupla,Não existe,,
202227995,2022-11-24,,COM VÍTIMA,FINALIZADA,IPUTINGA,AV MARIO ALVARES PEREIRA DE LYRA,139,,PROX AO SEMÁFORO 134,IPUTINGA,,,QUEDA,0,1,0,0,0,0,0,0,0,1,0,,,,,,,,,,,,,
202227996,2022-11-24,,COM VÍTIMA,FINALIZADA,SÃO JOSÉ,CAIS DO APOLO,594,,EM FRENTE AO TRIBUNAL REGIONAL FEDERAL,SÃO JOSÉ,,,COLISÃO LATERAL,0,2,0,0,0,0,0,0,0,1,0,Longo da via,Bom,Não existe,Perfeito estado,Seca,Perfeito estado,,,,Dupla,Canteiro central,,
202228008,2022-11-24,,COM VÍTIMA,FINALIZADA,JORDÃO,AV MARIA IRENE,875,,POSTO DE GASOLINA TOTAL,JORDÃO,,,COLISÃO FRONTAL,0,2,0,0,0,0,0,0,0,3,0,Longo da via,Bom,Sem defeito,Perfeito estado,Seca,Perfeito estado,Faixa de pedestre,,,Dupla,Faixa contínua,,
202228009,2022-11-24,,COM VÍTIMA,FINALIZADA,CORDEIRO,RUA EDUARDO FONSECA,121,,,CORDEIRO,,,COLISÃO FRONTAL,1,1,0,0,0,0,0,0,0,1,0,Cruzamento,Chuvoso,Não existe,Perfeito estado,Seca,Perfeito estado,Não existe,R-6a,,Única,Faixa seccionada,,
202228010,2022-11-25,,SEM VÍTIMA,CANCELADA,BOA VIAGEM,RUA DES JOAO PAES,657,,EDF ILHA DE GUADALUPE,BOA VIAGEM,,,COLISÃO TRASEIRA,2,0,0,0,0,0,0,0,0,0,0,,,,,,,,,,,,,
202228055,2022-11-25,,COM VÍTIMA,FINALIZADA,BONGI,EST DO BONGI,365,,EM FRENTE AO TOYOTA EMPILHADEIRA,BONGI,,CIDADE,COLISÃO LATERAL,1,1,0,0,0,0,0,0,0,1,0,Longo da via,Bom,Não existe,Incompleta,Seca,Perfeito estado,Não existe,Não há placas,,Dupla,Não existe,,
202228057,2022-11-25,,COM VÍTIMA,FINALIZADA,BOA VIAGEM,AVENIDA CELSO FURTADO (VIA MANGUE),215,,ANTES DO COLEGIO GGE / POR TRÁS DO SUPERMECARDO BIG BOMPREÇO,BOA VIAGEM,,SUBURBIO / PIEDADE,COLISÃO TRASEIRA,2,0,0,0,0,0,0,0,0,2,0,Ponte,Bom,Não existe,Perfeito estado,Seca,Perfeito estado,Não existe,Outras,50 km/h,Dupla,Canal,,