Protocolo,data,hora,natureza,situacao,bairro,endereco,numero,detalhe_endereco_acidente,complemento,bairro_cruzamento,num_semaforo,sentido_via,tipo,auto,moto,ciclom,ciclista,pedestre,onibus,caminhao,viatura,outros,vitimas,vitimasfatais,acidente_verificado,tempo_clima,situacao_semaforo,sinalizacao,condicao_via,conservacao_via,ponto_controle,situacao_placa,velocidade_max_via,mao_direcao,divisao_via1,divisao_via2,divisao_via3
202228069,2022-11-25,,COM VÍTIMA,FINALIZADA,CASA AMARELA,RUA PADRE LEMOS,743,,EM FRENTE AO POSTO DE GASOLINA BR,CASA AMARELA,,,COLISÃO LATERAL,1,1,0,0,0,0,0,0,0,1,0,Longo da via,Bom,Não existe,Não existente,Seca,Perfeito estado,Não existe,Não há placas,,Dupla,Não existe,,
202228075,2022-11-25,,COM VÍTIMA,FINALIZADA,SAN MARTIN,AV GENERAL SAN MARTIN,2337,,NO GIRADOURO DE SAN MARTIN,SAN MARTIN,,SUBURBIO,ATROPELAMENTO DE PESSOA,1,0,0,0,1,0,0,0,0,1,0,Rotatória,Bom,Não existe,Perfeito estado,Seca,Perfeito estado,Não existe,Não há placas,,Única,Não existe,,
202228076,2022-11-25,,COM VÍTIMA,FINALIZADA,CAXANGÁ,AV CAXANGA,,,E/F AO ESPAÇO CIDADANIA  VT 13 NO LOCAL  S/T CID,CAXANGÁ,,,COLISÃO TRASEIRA,1,1,0,0,0,0,0,0,0,1,0,Longo da via,Bom,Não existe,Incompleta,Seca,Perfeito estado,Não existe,Não há placas,,Dupla,Canteiro central,,
202228085,2022-11-25,,COM VÍTIMA,FINALIZADA,CAMPO GRANDE,RUA ODORICO MENDES,882,,AO LADO DO INSTITUTO DE CRIMINASLISTICA IC,CAMPO GRANDE,,,COLISÃO LATERAL,0,1,0,0,0,0,0,1,0,1,0,Cruzamento,Bom,Sem defeito,Perfeito estado,Seca,Perfeito estado,Não existe,Outras,40 km/h,Dupla,Blocos,,
202228102,2022-11-26,,COM VÍTIMA,FINALIZADA,BOA VIAGEM,RUA VISCONDE DE JEQUITINHONHA,,RUA PROFESSOR MARIO CASTRO,SEMAFORO 158,BOA VIAGEM,,,COLISÃO FRONTAL,1,1,0,0,0,0,0,0,0,1,0,Cruzamento,Bom,Sem defeito,Perfeito estado,Seca,Perfeito estado,Faixa de pedestre,Não há placas,,Única,Faixa seccionada,,
202228120,2022-11-26,,COM VÍTIMA,FINALIZADA,SANTO AMARO,RUA DOS PALMARES,,RUA DO POMBAL,PROX. A CLINICA WALDEMAR DE OLIVEIRA,SANTO AMARO,,,COLISÃO LATERAL,1,1,0,0,0,0,0,0,0,1,0,Cruzamento,Bom,Não existe,Perfeito estado,Seca,Perfeito estado,,Não há placas,,Dupla,Faixa seccionada,Canteiro central,
202228130,2022-11-26,,COM VÍTIMA,FINALIZADA,SAN MARTIN,RUA VINTE E UM DE ABRIL,3470,,PROX AO MERCADINHO COMPRE MAIS,SAN MARTIN,,SUBURBIO,ATROPELAMENTO DE PESSOA,1,0,0,0,1,0,0,0,0,1,0,Longo da via,Bom,Não existe,Não existente,Seca,Perfeito estado,Não existe,Não há placas,40 km/h,Dupla,Faixa seccionada,,
202228135,2022-11-26,,COM VÍTIMA,FINALIZADA,BOA VIAGEM,RUA VISCONDE DE JEQUITINHONHA,,RUA PROFESSOR MARIO CASTRO,NO SEMAFORO 158,BOA VIAGEM,,,COLISÃO LATERAL,1,1,0,0,0,0,0,0,0,1,0,,,,,,,,,,,,,
202228155,2022-11-26,,SEM VÍTIMA,CANCELADA,CORDEIRO,RUA N S DA SAUDE,252,,"EXPOSIÇÕES DE ANIMAIS, DROGASIL",CORDEIRO,,,COLISÃO FRONTAL,2,0,0,0,0,0,0,0,0,0,0,,,,,,,,,,,,,
202228164,2022-11-26,,COM VÍTIMA,FINALIZADA,SAN MARTIN,AV GENERAL SAN MARTIN,1648 B,,PIZZARIA PASSIRA,SAN MARTIN,,,COLISÃO FRONTAL,1,1,0,0,0,0,0,0,0,1,0,Cruzamento,Bom,Não existe,Perfeito estado,Seca,Perfeito estado,Não existe,Não há placas,,Dupla,Faixa contínua,,
202228171,2022-11-27,,COM VÍTIMA,FINALIZADA,BOA VIAGEM,AV BOA VIAGEM,2724,,EM FRENTE A PADARIA BOA VIAGEM,BOA VIAGEM,,CIDADE,ATROPELAMENTO DE PESSOA,1,0,0,0,1,0,0,0,0,1,0,Longo da via,Bom,Não existe,Perfeito estado,Seca,Perfeito estado,Não existe,Não há placas,,Única,Faixa seccionada,,
202228190,2022-11-27,,COM VÍTIMA,FINALIZADA,TORRE,RUA CLOVIS BEVILAQUA,50,RUA AGUAS BELAS,APOS AO RESTAURANTE IPON,TORRE,,,QUEDA,0,1,0,0,0,0,0,0,0,1,0,Cruzamento,Bom,Não existe,Perfeito estado,Seca,Perfeito estado,Outros,Outras,,Dupla,Não existe,,
202228212,2022-11-27,,COM VÍTIMA,CANCELADA,DERBY,RUA JENER DE SOUZA,,,EM FRENTE AO QUARTEL DO DERBY,DERBY,,,COLISÃO LATERAL,1,1,0,0,0,0,0,0,0,1,0,,,,,,,,,,,,,
202228215,2022-11-27,,SEM VÍTIMA,FINALIZADA,AREIAS,RUA IPOJUCA,918,,PROXIMOA ESCOLA DOZE DE OUTUBRO,AREIAS,,,CHOQUE,0,0,0,0,0,0,0,0,0,0,0,,,,,,,,,,,,,
202228217,2022-11-27,,COM VÍTIMA,FINALIZADA,SANTO ANTÔNIO,AV GUARARAPES,,AV DANTAS BARRETO,AV DANTAS BARRETO,SANTO ANTÔNIO,15,,COLISÃO LATERAL,1,0,0,0,0,1,0,0,0,1,0,Cruzamento,Bom,Sem defeito,Perfeito estado,Seca,Perfeito estado,Não existe,Não há placas,,Dupla,,,
202228237,2022-11-27,,COM VÍTIMA,FINALIZADA,PARNAMIRIM,RUA VIRGINIA LORETO,188,,PROX RESTAURANTE GUAIAMUM GIGANTE,PARNAMIRIM,,,COLISÃO LATERAL,1,1,0,0,0,0,0,0,0,1,0,Cruzamento,Bom,Não existe,Perfeito estado,Seca,Perfeito estado,Não existe,R-6a,,Única,Faixa seccionada,,
202228260,2022-11-28,,COM VÍTIMA,FINALIZADA,CAMPO GRANDE,RUA ODORICO MENDES,S/N,RUA VISCONDE DE CAIRU,PROX AO0 COLEGIO JESUS CRUCIFICADO,CAMPO GRANDE,,,COLISÃO LATERAL,1,1,0,0,0,0,0,0,0,1,0,,,,,,,,,,,,,
202228279,2022-11-28,,COM VÍTIMA,FINALIZADA,ENCRUZILHADA,AV BEBERIBE,433,,PROXIMO AO BANCO DO BRASIL,ENCRUZILHADA,,,COLISÃO LATERAL,1,1,0,0,0,0,0,0,0,1,0,Cruzamento,Bom,Não existe,Perfeito estado,Seca,Perfeito estado,Não existe,Não há placas,,Dupla,Faixa contínua,,
202228281,2022-11-28,,COM VÍTIMA,FINALIZADA,MADALENA,RUA JOSE OSORIO,522,,PROX A VISTORIA DO DETRAN DA MADALENA,MADALENA,,SUBURBIO,COLISÃO FRONTAL,1,1,0,0,0,0,0,0,0,1,0,Cruzamento,Bom,Não existe,Incompleta,Seca,Mal conservada,Não existe,R-6a,40 km/h,Dupla,Faixa contínua,Faixa seccionada,
202228284,2022-11-28,,COM VÍTIMA,FINALIZADA,SAN MARTIN,AV GENERAL SAN MARTIN,,,EM FRENTE AO NOVO ATACAREJO,SAN MARTIN,,,COLISÃO LATERAL,1,1,0,0,0,0,0,0,0,1,0,Outros,Bom,Sem defeito,Perfeito estado,Seca,Perfeito estado,Outros,R-5a,,Dupla,Não existe,,
202228289,2022-11-28,,COM VÍTIMA,FINALIZADA,VASCO DA GAMA,RUA VASCO DA GAMA,667,,EM FRENTE AO SUPERMERCADO PERNAMBUCANO,VASCO DA GAMA,,SUBURBIO,COLISÃO FRONTAL,0,2,0,0,0,0,0,0,0,1,0,Longo da via,Bom,Não existe,Perfeito estado,Seca,Perfeito estado,Não existe,R-6a,30 km/h,Dupla,Faixa seccionada,,
202228311,2022-11-28,,COM VÍTIMA,FINALIZADA,CASA FORTE,AV DEZESSETE DE AGOSTO,,,EM FRENTE A PRAÇA DE CASA FORTE,CASA FORTE,,SUBURBIO,COLISÃO FRONTAL,2,0,0,0,0,0,0,0,0,2,0,Longo da via,Bom,Não existe,Perfeito estado,Seca,Perfeito estado,Não existe,Não há placas,,Dupla,Faixa contínua,,
202228313,2022-11-28,,SEM VÍTIMA,FINALIZADA,CASA AMARELA,AV NORTE MIGUEL ARRAES DE ALENCAR,4913,,,CASA AMARELA,,SUBURBIO,COLISÃO TRASEIRA,2,0,0,0,0,0,0,0,0,0,0,Longo da via,Bom,Não existe,Perfeito estado,Seca,Perfeito estado,Não existe,Não há placas,,Dupla,Faixa seccionada,,
202228316,2022-11-28,,COM VÍTIMA,FINALIZADA,APIPUCOS,RUA DE APIPUCOS,261,,AÇUDE DE APIPUCOS,APIPUCOS,,,COLISÃO TRASEIRA,1,1,0,0,0,0,0,0,0,2,0,Longo da via,Bom,Não existe,Perfeito estado,Seca,Perfeito estado,Não existe,Não há placas,,Dupla,Faixa contínua,,
202228335,2022-11-29,,COM VÍTIMA,FINALIZADA,IPUTINGA,AV CAXANGA,,,EM FRENTE AO GOLF CLUB SENT. CIDADE,IPUTINGA,,,COLISÃO TRASEIRA,1,1,0,0,0,0,0,0,0,1,0,,,,,,,,,,,,,
202228337,2022-11-29,,COM VÍTIMA,FINALIZADA,VÁRZEA,RUA ACADEMICO HELIO RAMOS,238,,PROX. AO RESTAURANTE CEU DA BOCA,VÁRZEA,,,COLISÃO LATERAL,1,1,0,0,0,0,0,0,0,1,0,,,,,,,,,,,,,
202228343,2022-11-29,,COM VÍTIMA,FINALIZADA,ESPINHEIRO,RUA CONS PORTELA,1716,AV JOAO DE BARROS,POR TRÁS DO BANCO ITAÚ,ESPINHEIRO,,,COLISÃO TRASEIRA,1,1,0,0,0,0,0,0,0,1,0,,,,,,,,,,,,,
202228351,2022-11-29,,COM VÍTIMA,FINALIZADA,ESPINHEIRO,RUA CONS PORTELA,,AV JOAO DE BARROS,AV JOÃO DE BARROS,ESPINHEIRO,,,COLISÃO LATERAL,1,2,0,0,0,0,0,0,0,2,0,,,,,,,,,,,,,
202228356,2022-11-29,,COM VÍTIMA,FINALIZADA,SANTO AMARO,RUA DOS PALMARES,,,EM FRENTE A POLICLINICA VALDEMAR DE OLIVEIRA,SANTO AMARO,,,COLISÃO LATERAL,1,1,0,0,0,0,0,0,0,1,0,,,,,,,,,,,,,
202228373,2022-11-29,,COM VÍTIMA,FINALIZADA,PINA,AV ANTONIO DE GOES,742,,EM FRENTE AO EMPRESARIAL JOPIN,PINA,,,COLISÃO TRASEIRA,1,1,0,0,0,0,0,0,0,1,0,,,,,,,,,,,,,
202228376,2022-11-29,,COM VÍTIMA,FINALIZADA,CORDEIRO,AV CAXANGA,1777,,RANCHO ALEGRE PRODUTOS AGROPECUÁRIO,CORDEIRO,,,ATROPELAMENTO DE PESSOA,0,1,0,0,1,0,0,0,0,1,0,,,,,,,,,,,,,
202228387,2022-11-29,,COM VÍTIMA,FINALIZADA,IPUTINGA,EST DO BARBALHO,,,E/F  AUTO ESCOLA CEFOC PROX AO DETRAN,IPUTINGA,,,COLISÃO FRONTAL,0,0,1,0,0,1,0,0,0,1,0,,,,,,,,,,,,,
202228390,2022-11-29,,COM VÍTIMA,FINALIZADA,IPSEP,AV RECIFE,,,E/F AO SUPERMERCADO ECONOMICO,IPSEP,,CIDADE,COLISÃO FRONTAL,0,2,0,0,0,0,0,0,0,2,0,,,,,,,,,,,,,
202228391,2022-11-29,,COM VÍTIMA,FINALIZADA,SÃO JOSÉ,AV SUL,,,PROXIMO A SAIDA DA ROCAN,SÃO JOSÉ,,,COLISÃO LATERAL,0,2,0,0,0,0,0,0,0,1,0,,,,,,,,,,,,,
202228406,2022-11-29,,COM VÍTIMA,FINALIZADA,IPUTINGA,AV MARECHAL CORDEIRO DE FARIAS,,,NA RUA DO MUSEU DA MOEDA,IPUTINGA,,,COLISÃO LATERAL,1,1,0,0,0,0,0,0,0,1,0,,,,,,,,,,,,,
202228414,2022-11-30,,COM VÍTIMA,FINALIZADA,SANTO AMARO,AV JOAO DE BARROS,860,,PRÓXIMO AO VIADUTO,SANTO AMARO,,,COLISÃO TRASEIRA,1,0,0,0,0,1,0,0,0,1,0,,,,,,,,,,,,,
202228416,2022-11-30,,SEM VÍTIMA,FINALIZADA,CASA AMARELA,AV NORTE MIGUEL ARRAES DE ALENCAR,5280,,APÓS O SEMÁFORO 312 SENTIDO CIDADE / SUBÚRBIO,CASA AMARELA,312,CIDADE,CHOQUE,0,0,0,0,0,0,0,1,0,0,0,Longo da via,Nublado,Sem defeito,Perfeito estado,Seca,Perfeito estado,Faixa de pedestre,Outras,,Dupla,Canteiro central,,
202228419,2022-11-30,,COM VÍTIMA,FINALIZADA,IMBIRIBEIRA,AV MARECHAL MASCARENHAS DE MORAES,4555,,PRÓX. À CONCESSIONÁRIA TOYOLEX,IMBIRIBEIRA,,,COLISÃO TRASEIRA,1,1,0,0,0,0,0,0,0,1,0,,,,,,,,,,,,,
202228436,2022-11-30,,SEM VÍTIMA,FINALIZADA,MADALENA,AV CAXANGA,,,"PRÓXIMO A FARMÁCIA PAGUE MENOS , LADO OPOSTO 166",MADALENA,,CIDADE,COLISÃO TRASEIRA,1,0,0,0,0,0,0,1,0,0,0,Longo da via,Chuvoso,Não existe,Perfeito estado,Molhada,Perfeito estado,Não existe,Não há placas,60 km/h,Única,Faixa seccionada,,
202228437,2022-11-30,,SEM VÍTIMA,FINALIZADA,MADALENA,AV CAXANGA,172,,NO ESTACIONAMENTO DA FARMÁCIA PAGUE MENOS,MADALENA,,CIDADE,CHOQUE,1,0,0,0,0,0,0,1,0,0,0,Outros,Chuvoso,Não existe,Não existente,Molhada,Perfeito estado,Não existe,Não há placas,60 km/h,Única,Canteiro central,,
202228450,2022-11-30,,COM VÍTIMA,FINALIZADA,BRASÍLIA TEIMOSA,RUA ATUM,118,,"DESCIDA DO VIADUTO, SENTIDO CIDADE",BRASÍLIA TEIMOSA,,,QUEDA,0,1,0,0,0,0,0,0,0,1,0,,,,,,,,,,,,,
202228475,2022-11-30,,COM VÍTIMA,FINALIZADA,IBURA,AV CHAPADA DO ARARIPE,,,ESCOLA MUNICIPAL MONTE VERDE,IBURA,,,COLISÃO FRONTAL,0,2,0,0,0,0,0,0,0,1,0,,,,,,,,,,,,,
202228535,2022-12-01,,COM VÍTIMA,FINALIZADA,AREIAS,AV RECIFE,3415,,PRÓXIMO AO SUPERMECADO MAX,AREIAS,,,COLISÃO LATERAL,0,1,0,0,0,0,1,0,0,1,0,Longo da via,Bom,Não existe,Perfeito estado,Seca,Perfeito estado,Não existe,Não há placas,,Dupla,Não existe,,
202228549,2022-12-01,,COM VÍTIMA,FINALIZADA,AFOGADOS,RUA SAO MIGUEL,,,EM FRENTE AO BODE DO NO,AFOGADOS,392,,ATROPELAMENTO DE PESSOA,0,0,0,0,1,1,0,0,0,1,0,Longo da via,Bom,Sem defeito,Incompleta,Seca,Perfeito estado,Não existe,Não há placas,,Dupla,Não existe,,
202228572,2022-12-01,,COM VÍTIMA,FINALIZADA,APIPUCOS,RUA DOIS IRMAOS,92,,EM FRENTE A FUNDAÇÃO JOAQUM NABUCO,APIPUCOS,,SUBURBIO,COLISÃO LATERAL,1,1,0,0,0,0,0,0,0,1,0,Longo da via,Bom,Não existe,Perfeito estado,Seca,Perfeito estado,Não existe,Não há placas,,Dupla,Faixa contínua,,
202228573,2022-12-01,,SEM VÍTIMA,FINALIZADA,SANTO AMARO,AV GOVERNADOR AGAMENON MAGALHAES,2615,AV JOAO DE BARROS,AO LADO DO EMPRESARIAL BURLE MARX,SANTO AMARO,,CIDADE,CHOQUE,0,0,0,0,0,0,1,0,1,0,0,Cruzamento,Bom,Não existe,Perfeito estado,Seca,Perfeito estado,Não existe,"Placas ""Dê a preferência""",,Única,Canteiro central,,
202228582,2022-12-02,,COM VÍTIMA,FINALIZADA,BOA VIAGEM,AV ENGENHEIRO DOMINGOS FERREIRA,3436,RUA PADRE CARAPUCEIRO,IGREJA UNIVERSAL,BOA VIAGEM,216,SUBURBIO,COLISÃO TRANSVERSAL,1,1,0,0,0,0,0,0,0,2,0,Cruzamento,Bom,Sem defeito,Perfeito estado,Seca,Perfeito estado,,Outras,40 km/h,Única,Canteiro central,,
202228600,2022-12-02,,COM VÍTIMA,FINALIZADA,BEBERIBE,PRC DA CONVENCAO,,RUA COMPOSITOR VINICIUS DE MORAIS,SUPERMERCADO TEM,BEBERIBE,,,COLISÃO LATERAL,1,1,0,0,0,0,0,0,0,1,0,Cruzamento,Bom,Não existe,Incompleta,Seca,Mal conservada,Não existe,Outras,,Dupla,Canteiro central,,
202228602,2022-12-02,,COM VÍTIMA,FINALIZADA,SAN MARTIN,RUA VINTE E UM DE ABRIL,1877,RUA BOM JARDIM,PROX A IGREJA ASSEMBLEIA DE DEUS,SAN MARTIN,,SUBURBIO,COLISÃO LATERAL,1,1,0,0,0,0,0,0,0,2,0,Longo da via,Bom,Não existe,,Seca,,Não existe,"Placas ""Pare""",40 km/h,Dupla,Faixa seccionada,,
202228637,2022-12-02,,SEM VÍTIMA,FINALIZADA,BOA VIAGEM,AV CONSELHEIRO AGUIAR,,RUA RIBEIRO DE BRITO,ED. ROLIDAY,BOA VIAGEM,147,CIDADE,,1,0,0,0,0,1,0,0,0,0,0,Cruzamento,Bom,Sem defeito,Perfeito estado,Seca,Perfeito estado,Faixa de pedestre,Outras,60 km/h,Única,Não existe,,
202228655,2022-12-02,,COM VÍTIMA,FINALIZADA,TORRE,RUA JOSE BONIFACIO,1315,,NO ESTAC. DO CARREFOUR,TORRE,,,COLISÃO LATERAL,1,1,0,0,0,0,0,0,0,1,0,Cruzamento,Bom,Não existe,Incompleta,Seca,Perfeito estado,Não existe,,,Única,Não existe,,
202228675,2022-12-02,,COM VÍTIMA,FINALIZADA,JOANA BEZERRA,VIADUTO CAPITAO TEMUDO,,,AO LADO DO FÓRUM JOANA BEZERRA,JOANA BEZERRA,,CIDADE,COLISÃO TRASEIRA,1,1,0,0,0,0,0,0,0,1,0,Longo da via,Bom,Não existe,,Seca,Perfeito estado,Não existe,Não há placas,,Única,Não existe,,
202228689,2022-12-02,,COM VÍTIMA,FINALIZADA,CASA AMARELA,RUA DOIS DE FEVEREIRO,459,,PROX A MERCEARIA DOIS IRMÃOS,CASA AMARELA,,CIDADE,COLISÃO COM CICLISTA,1,0,0,1,0,0,0,0,0,2,0,Longo da via,Bom,Não existe,Incompleta,Seca,Mal conservada,Não existe,Não há placas,,Dupla,Não existe,,
202228703,2022-12-02,,COM VÍTIMA,FINALIZADA,VÁRZEA,RUA PROFESSOR ANTONIO COELHO,447,RUA MARECHAL MANOEL LUIS OSORIO,PROX AO COLEGIO PONTUAL,VÁRZEA,,CIDADE,COLISÃO FRONTAL,0,1,0,0,0,1,0,0,0,1,0,Cruzamento,Bom,Não existe,Perfeito estado,Seca,Perfeito estado,Faixa de pedestre,"Placas ""Pare""",30 km/h,Dupla,Não existe,,
202228710,2022-12-02,,COM VÍTIMA,FINALIZADA,IBURA,AV DOIS RIOS,1289,,CONSELHO TUTELAR,IBURA,,SUBURBIO,COLISÃO FRONTAL,1,1,0,0,0,0,0,0,0,1,0,Longo da via,Bom,Não existe,Perfeito estado,Seca,Perfeito estado,Não existe,Não há placas,,Dupla,Faixa contínua,,
202228718,2022-12-02,,COM VÍTIMA,FINALIZADA,SAN MARTIN,AV GENERAL SAN MARTIN,706,,MERCADO IDEAL MIX,SAN MARTIN,,SUBURBIO,COLISÃO FRONTAL,1,1,0,0,0,0,0,0,0,2,0,Longo da via,Bom,Não existe,Ilegível,Seca,Perfeito estado,Não existe,Não há placas,60 km/h,Dupla,Não existe,,
202228722,2022-12-02,,COM VÍTIMA,FINALIZADA,ÁGUA FRIA,RUA CORONEL URBANO RIBEIRO DE SENA,,AV BEBERIBE,,ÁGUA FRIA,307,SUBURBIO,COLISÃO FRONTAL,1,1,0,0,0,0,0,0,0,1,0,Cruzamento,Bom,Sem defeito,Perfeito estado,Seca,Perfeito estado,Não existe,Não há placas,60 km/h,Dupla,Não existe,,
202228729,2022-12-03,,COM VÍTIMA,FINALIZADA,CASA FORTE,AV DEZESSETE DE AGOSTO,,AV FLOR DE SANTANA,EM FRENTE A BURGKING,CASA FORTE,614,SUBURBIO,CHOQUE,0,0,0,0,0,0,0,1,0,1,0,Esquina,Bom,Intermitente,Perfeito estado,Seca,Perfeito estado,Faixa de pedestre,R-6a,,Dupla,Faixa contínua,,
202228747,2022-12-03,,COM VÍTIMA,FINALIZADA,GUABIRABA,AV DA RECUPERACAO,600,,AO LADO DO MOTEL SENZALA,GUABIRABA,,,COLISÃO LATERAL,1,1,0,0,0,0,0,0,0,1,0,Longo da via,Bom,Não existe,Ilegível,Seca,Perfeito estado,Não existe,Não há placas,,Única,Faixa seccionada,,
202228756,2022-12-03,,COM VÍTIMA,FINALIZADA,MADALENA,AV VISCONDE DE ALBUQUERQUE,668,,EM FRENTE AO HOSPITAL D'ÁVILA,MADALENA,413,CIDADE,COLISÃO TRANSVERSAL,1,1,0,0,0,0,0,0,0,1,0,Longo da via,Bom,Não existe,Perfeito estado,Seca,Perfeito estado,Não existe,Outras,,Única,Faixa seccionada,,
202228758,2022-12-03,,COM VÍTIMA,FINALIZADA,AFOGADOS,RUA SANTOS ARAUJO,,RUA SAO MIGUEL,COLISÃO TRANSVERSAL UM VEICULO EVADIU+SE,AFOGADOS,,,COLISÃO TRANSVERSAL,1,1,0,0,0,0,0,0,0,1,0,,,,,,,,,,,,,
202228769,2022-12-03,,SEM VÍTIMA,FINALIZADA,COHAB,RUA RIO SANHAUA,50,RUA PARANACITI,EM FRENTE AO Nº 50,COHAB,,SUBURBIO,,1,0,0,0,0,0,0,1,0,0,0,Outros,Chuvoso,Não existe,Não existente,Molhada,Perfeito estado,Não existe,Não há placas,,Dupla,Não existe,,
202228781,2022-12-03,,SEM VÍTIMA,CANCELADA,BOA VIAGEM,RUA VISCONDE DE JEQUITINHONHA,860A,,PROX AO PARQUE DONA LINDU,BOA VIAGEM,,,COLISÃO LATERAL,2,0,0,0,0,0,0,0,0,0,0,,,,,,,,,,,,,
202228787,2022-12-03,,SEM VÍTIMA,FINALIZADA,BOA VISTA,RUA DO HOSPICIO,,,NO SEMÁFORO 032,BOA VISTA,32,,ATROPELAMENTO DE PESSOA,1,0,0,0,1,0,0,0,0,0,0,Cruzamento,Bom,Sem defeito,Perfeito estado,Seca,Perfeito estado,Faixa de pedestre,R-6a,,Dupla,Faixa seccionada,,
202228807,2022-12-03,,COM VÍTIMA,FINALIZADA,CAXANGÁ,AV CAXANGA,,,EM FRENTE AO GOLF CLUBE,CAXANGÁ,,SUBURBIO,COLISÃO LATERAL,1,1,0,0,0,0,0,0,0,2,0,Longo da via,Bom,Sem defeito,Perfeito estado,Seca,Perfeito estado,Não existe,Não há placas,60 km/h,Única,Faixa seccionada,,
202228813,2022-12-03,,COM VÍTIMA,FINALIZADA,MUSTARDINHA,AV MANOEL GONCALVES DA LUZ,396,,LANCHONETE BOCA LOCA,MUSTARDINHA,,,COLISÃO COM CICLISTA,0,0,0,1,0,1,0,0,0,1,0,Cruzamento,Bom,Não existe,Incompleta,Seca,Perfeito estado,Não existe,"Placas ""Pare""",30 km/h,Dupla,Faixa seccionada,,
202228814,2022-12-03,,COM VÍTIMA,CANCELADA,CASA FORTE,RUA JAYME LOYO,,,AO LADO DA DROGARIA BRASIL,CASA FORTE,,,COLISÃO LATERAL,2,0,0,1,0,0,0,0,0,1,0,,,,,,,,,,,,,
202228822,2022-12-04,,COM VÍTIMA,FINALIZADA,BOA VIAGEM,AV CONSELHEIRO AGUIAR,,RUA PADRE CARAPUCEIRO,PROX.  VERDE FRUT,BOA VIAGEM,,,COLISÃO LATERAL,1,1,0,0,0,0,0,0,0,1,0,Cruzamento,Chuvoso,Sem defeito,Perfeito estado,Molhada,Perfeito estado,Faixa de pedestre,,,Única,Faixa seccionada,,
202228866,2022-12-04,,COM VÍTIMA,FINALIZADA,TOTÓ,AV LIBERDADE,811,,E/F  ANTIGA CASA DO BREGA,TOTÓ,,,COLISÃO LATERAL,1,1,0,0,0,0,0,0,0,1,0,Longo da via,Bom,Não existe,Não existente,Seca,Perfeito estado,Não existe,"Placas ""Dê a preferência""",40 km/h,Dupla,Não existe,,
202228895,2022-12-04,,COM VÍTIMA,FINALIZADA,MADALENA,EST DOS REMEDIOS,,,POLICLÍNICA LESSA DE ANDRADE,MADALENA,,,COLISÃO LATERAL,0,0,0,0,0,0,0,0,0,1,0,Cruzamento,Bom,Sem defeito,Perfeito estado,Seca,Perfeito estado,Outros,R-24a,,Única,Faixa seccionada,,
202228896,2022-12-04,,COM VÍTIMA,FINALIZADA,VÁRZEA,RUA ESCRITOR JOAQUIM NOBERTO,,,NO COSME DAMIAO  UR7  PROX A  PONTE  DA ARENA,VÁRZEA,,,ATROPELAMENTO DE PESSOA,1,0,0,0,1,0,0,0,0,1,0,Cruzamento,Bom,Não existe,Não existente,Seca,Mal conservada,Não existe,Não há placas,30 km/h,Única,Não existe,,
202228903,2022-12-04,,VÍTIMA FATAL,FINALIZADA,IMBIRIBEIRA,AV MARECHAL MASCARENHAS DE MORAES,6997,,ANTES DO TÚNEL FELIPE CAMARÃO,IMBIRIBEIRA,,CIDADE,COLISÃO TRASEIRA,0,2,0,0,0,0,0,0,0,1,1,Longo da via,Bom,Não existe,Perfeito estado,Seca,Perfeito estado,Não existe,Outras,,Dupla,Faixa seccionada,Canteiro central,
202228905,2022-12-04,,SEM VÍTIMA,FINALIZADA,BOA VIAGEM,RUA VISCONDE DE JEQUITINHONHA,,RUA BALTAZAR PASSOS,SOB O SEMÁFORO Nº 154,BOA VIAGEM,154,SUBURBIO,COLISÃO TRANSVERSAL,2,0,0,0,0,0,0,0,0,0,0,Cruzamento,Bom,Sem defeito,Perfeito estado,Seca,Perfeito estado,Faixa de pedestre,Outras,,Única,Canal,,
202228913,2022-12-04,,SEM VÍTIMA,FINALIZADA,BOA VIAGEM,RUA PADRE CARAPUCEIRO,,AV FERNANDO SIMOES BARBOSA,SOB O SEMÁFORO Nº 321,BOA VIAGEM,321,SUBURBIO,COLISÃO TRANSVERSAL,2,0,0,0,0,0,0,0,0,0,0,Cruzamento,Chuvoso,Sem defeito,Perfeito estado,Molhada,Perfeito estado,Faixa de pedestre,Outras,,Dupla,Canal,,
202228944,2022-12-05,,COM VÍTIMA,FINALIZADA,JARDIM SÃO PAULO,AV RECIFE,5704,,BARATÃO DAS EMBALAGENS,JARDIM SÃO PAULO,,,COLISÃO TRASEIRA,1,1,0,0,0,0,0,0,0,2,0,Longo da via,Chuvoso,Sem defeito,Perfeito estado,Molhada,Perfeito estado,Não existe,Não há placas,,Única,Faixa seccionada,,
202228950,2022-12-05,,SEM VÍTIMA,FINALIZADA,TORRE,RUA JOSE BONIFACIO,,,AO LADO DO CARREFOUR,TORRE,,CIDADE,COLISÃO TRASEIRA,1,1,0,0,0,0,0,0,0,0,0,Ponte,Chuvoso,Não existe,Perfeito estado,Molhada,Perfeito estado,Não existe,,,Dupla,Canteiro central,,
202228961,2022-12-05,,COM VÍTIMA,FINALIZADA,SAN MARTIN,RUA APULCRO DE ASSUNCAO,17,RUA DELMIRO GOUVEIA,CAVALARIA,SAN MARTIN,,CIDADE,COLISÃO LATERAL,1,1,0,0,0,0,0,0,0,1,0,Esquina,Bom,Não existe,Incompleta,Seca,Perfeito estado,Não existe,Não há placas,,Dupla,Não existe,,
202228989,2022-12-05,,COM VÍTIMA,FINALIZADA,JARDIM SÃO PAULO,AV RECIFE,3943,RUA LAURA BANDEIRA DE MELLO,SEMÁFORO 705,JARDIM SÃO PAULO,705,,COLISÃO TRASEIRA,1,1,0,0,0,0,0,0,0,2,0,Esquina,Chuvoso,Sem defeito,Perfeito estado,Molhada,Perfeito estado,Faixa de pedestre,Outras,,Dupla,Canteiro central,,