Protocolo,data,hora,natureza,situacao,bairro,endereco,numero,detalhe_endereco_acidente,complemento,bairro_cruzamento,num_semaforo,sentido_via,tipo,auto,moto,ciclom,ciclista,pedestre,onibus,caminhao,viatura,outros,vitimas,vitimasfatais,acidente_verificado,tempo_clima,situacao_semaforo,sinalizacao,condicao_via,conservacao_via,ponto_controle,situacao_placa,velocidade_max_via,mao_direcao,divisao_via1,divisao_via2,divisao_via3
202229991,2022-12-15,,COM VÍTIMA,FINALIZADA,CASA AMARELA,RUA BELA VISTA,102,,EM FRENTE AO RESTAURANTE REI DA PICANHA,CASA AMARELA,,,COLISÃO LATERAL,0,1,0,0,0,0,1,0,0,1,0,Longo da via,Bom,,Perfeito estado,Seca,Perfeito estado,Não existe,Não há placas,,Única,Não existe,,
202229998,2022-12-15,,COM VÍTIMA,FINALIZADA,AFOGADOS,RUA VINTE E UM DE ABRIL,721,,CLUBE FERROVIÁRIO,AFOGADOS,,,COLISÃO LATERAL,1,1,0,0,0,0,0,0,0,1,0,Esquina,Bom,Não existe,Perfeito estado,Seca,Perfeito estado,Não existe,Outras,,Dupla,,,
202230006,2022-12-15,,COM VÍTIMA,FINALIZADA,PINA,AV ANTONIO DE GOES,792,,,PINA,,,COLISÃO TRASEIRA,1,1,0,0,0,0,0,0,0,1,0,Longo da via,Bom,Sem defeito,Perfeito estado,Seca,Perfeito estado,Agente,R-19,60 km/h,Única,Canteiro central,,
202230013,2022-12-15,,COM VÍTIMA,FINALIZADA,MADALENA,RUA JOSE BONIFACIO,401,,MADALENA CENTER,MADALENA,,,COLISÃO LATERAL,1,1,0,0,0,0,0,0,0,1,0,Cruzamento,Bom,Não existe,Perfeito estado,Seca,Perfeito estado,Não existe,"Placas ""Pare""",,Única,Faixa seccionada,,
202230014,2022-12-15,,SEM VÍTIMA,FINALIZADA,PINA,AV REPUBLICA DO LIBANO,251,,EM FRENTE AO RIO MAR ( ACESSO DA ENTRADA DO SHOPPING),PINA,,,COLISÃO LATERAL,1,1,0,0,0,0,0,0,0,0,0,Longo da via,Bom,Não existe,Perfeito estado,Seca,Perfeito estado,Não existe,Outras,,Única,,,
202230017,2022-12-15,,COM VÍTIMA,FINALIZADA,APIPUCOS,AV DEZESSETE DE AGOSTO,1056,,PROX AO SEMÁFORO 540,APIPUCOS,,CIDADE,COLISÃO FRONTAL,1,1,0,0,0,0,0,0,0,1,0,Longo da via,Bom,Sem defeito,Ilegível,Seca,Mal conservada,Faixa de retenção,Não há placas,,Dupla,Faixa contínua,,
202230024,2022-12-15,,SEM VÍTIMA,CANCELADA,TEJIPIÓ,RUA FALCAO DE LACERDA,,RUA JOAO PAULO II,OCORRENCIA COM VITIMA,TEJIPIÓ,,,COLISÃO TRANSVERSAL,1,0,0,0,0,0,0,0,0,0,0,,,,,,,,,,,,,
202230041,2022-12-15,,COM VÍTIMA,FINALIZADA,IPUTINGA,RUA LEAL DE BARROS,,,E/F AO COLEGIO EXPOENTE,IPUTINGA,,,COLISÃO FRONTAL,1,1,0,0,0,0,0,0,0,1,0,Cruzamento,Bom,Não existe,Perfeito estado,Seca,Perfeito estado,Não existe,"Placas ""Pare""",,Dupla,Faixa seccionada,,
202230070,2022-12-15,,COM VÍTIMA,CANCELADA,NOVA DESCOBERTA,RUA NOVA DESCOBERTA,,,EM FRENTE AO SUPERMERCADO MEU ATACAREJO,NOVA DESCOBERTA,,,COLISÃO FRONTAL,1,1,0,0,0,0,0,0,0,1,0,,,,,,,,,,,,,
202230085,2022-12-16,,COM VÍTIMA,FINALIZADA,SANTO AMARO,RUA TREZE DE MAIO,,,EM FRENTE A ANTIGA GARAGEM DA CTU,SANTO AMARO,,,COLISÃO TRANSVERSAL,1,0,0,0,0,1,0,0,0,3,0,Longo da via,Bom,Sem defeito,Perfeito estado,Seca,Perfeito estado,Faixa de retenção,R-6a,,Dupla,Canteiro central,,
202230109,2022-12-16,,SEM VÍTIMA,FINALIZADA,PARNAMIRIM,AV PARNAMIRIM,134,RUA TITO ROSAS,AO LADO  MCDONALDS,PARNAMIRIM,10,CIDADE,COLISÃO TRASEIRA,1,0,0,0,0,0,0,1,0,0,0,Cruzamento,Bom,Sem defeito,Perfeito estado,Seca,Perfeito estado,Faixa de pedestre,R-6a,,Única,Faixa contínua,,
202230110,2022-12-16,,COM VÍTIMA,FINALIZADA,VÁRZEA,AV CAXANGA,5293,,EM FRENTE AO GOLF CLUBE E DISTRIBUIDORA NOVA,VÁRZEA,,,QUEDA,0,1,0,0,0,0,0,0,0,1,0,Longo da via,Bom,Não existe,Ilegível,Molhada,,Não existe,R-19,60 km/h,Dupla,Canteiro central,,
202230116,2022-12-16,,COM VÍTIMA,FINALIZADA,APIPUCOS,RUA DOIS IRMAOS,15,,EM FRENTE AO 11ºBPM,APIPUCOS,,,COLISÃO LATERAL,1,1,0,0,0,0,0,0,0,1,0,Esquina,Bom,Sem defeito,Perfeito estado,Seca,Perfeito estado,Outros,Outras,,Dupla,Faixa,,
202230117,2022-12-16,,COM VÍTIMA,FINALIZADA,IPSEP,RUA JEAN EMILE FAVRE,1001,,SCB - MATERIAIS ELETRICOS,IPSEP,,,ATROPELAMENTO DE PESSOA,0,1,0,0,1,0,0,0,0,1,0,Longo da via,Bom,Não existe,,Seca,Perfeito estado,Não existe,R-6a,30 km/h,Dupla,Outros,,
202230141,2022-12-16,,SEM VÍTIMA,FINALIZADA,CAMPO GRANDE,AV GOVERNADOR AGAMENON MAGALHAES,,,SOB VIADUTO AV. NORTE,CAMPO GRANDE,,SUBURBIO,,1,0,0,0,0,0,0,1,0,0,0,Longo da via,Bom,Não existe,Não existente,Seca,Perfeito estado,Não existe,Não há placas,,Única,Não existe,,
202230202,2022-12-16,,COM VÍTIMA,FINALIZADA,MADALENA,RUA MENEZES DRUMOND,271,,NA FRENTE DO EDIFICIO PRINCE,MADALENA,,,COLISÃO FRONTAL,1,1,0,0,0,0,0,0,0,1,0,Cruzamento,Bom,Não existe,Perfeito estado,Seca,Perfeito estado,Faixa de pedestre,"Placas ""Pare""",,Dupla,Não existe,,
202230212,2022-12-16,,COM VÍTIMA,CANCELADA,PARNAMIRIM,RUA TITO ROSAS,375,,MC DONALDS,PARNAMIRIM,,,COLISÃO FRONTAL,0,2,0,0,0,0,0,0,0,2,0,,,,,,,,,,,,,
202230216,2022-12-16,,COM VÍTIMA,FINALIZADA,BOA VIAGEM,AV ENGENHEIRO DOMINGOS FERREIRA,,,AO LADO DO CARREFOUR,BOA VIAGEM,,,COLISÃO FRONTAL,1,1,0,0,0,0,0,0,0,1,0,Longo da via,Bom,Não existe,Perfeito estado,Seca,Perfeito estado,Não existe,Não há placas,60 km/h,Dupla,Canteiro central,,
202230222,2022-12-16,,SEM VÍTIMA,FINALIZADA,BOA VISTA,RUA HENRIQUE DIAS,208,,HOTEL DAS FRONTEIRAS,BOA VISTA,,CIDADE,CHOQUE,1,0,0,0,0,0,1,0,0,0,0,Longo da via,Bom,Não existe,Perfeito estado,Seca,Perfeito estado,Não existe,R-6a,,Única,Faixa seccionada,,
202230247,2022-12-17,,COM VÍTIMA,FINALIZADA,ÁGUA FRIA,AV BEBERIBE,,,EM FRENTE AO MERCADO DE AGUA FRIA,ÁGUA FRIA,,,COLISÃO TRANSVERSAL,0,2,0,0,0,0,0,0,0,2,0,Longo da via,Bom,Não existe,Ilegível,Seca,Mal conservada,Não existe,"Placas ""Pare""",30 km/h,Dupla,Outros,,
202230253,2022-12-17,,COM VÍTIMA,FINALIZADA,AFOGADOS,RUA VINTE E UM DE ABRIL,220,,PRÓX. À MASTERBOI,AFOGADOS,,,COLISÃO COM CICLISTA,1,0,0,1,0,0,0,0,0,1,0,Longo da via,Bom,Sem defeito,Perfeito estado,Seca,Perfeito estado,Faixa de pedestre,Não há placas,,Única,Não existe,,
202230254,2022-12-17,,COM VÍTIMA,FINALIZADA,CASA AMARELA,RUA DA HARMONIA,599,,APÓS O MARTELINHO DE OURO / PRÓX. À AD CLINIC,CASA AMARELA,,,COLISÃO FRONTAL,1,1,0,0,0,0,0,0,0,1,0,Cruzamento,Bom,Não existe,Perfeito estado,Seca,Perfeito estado,Não existe,Outras,30 km/h,Dupla,Faixa seccionada,,
202230274,2022-12-17,,COM VÍTIMA,FINALIZADA,DERBY,AV GOVERNADOR AGAMENON MAGALHAES,211,,"EM FRENTE A PRAÇA DO DERBY, EM FRENTE A CLINICA ALTERNATIVA / SENTIDO OLINDA",DERBY,,,QUEDA,0,1,0,0,0,0,0,0,0,2,0,Longo da via,Bom,Não existe,Perfeito estado,Seca,Mal conservada,Não existe,Outras,60 km/h,Única,Faixa seccionada,,
202230280,2022-12-17,,COM VÍTIMA,FINALIZADA,SÃO JOSÉ,RUA IMPERIAL,1217,RUA BOM SUCESSO,COLISAO SOBE  O VIADUTO PAPA JOAO PAULO II (VIA DUTO JOANA BEZERA),SÃO JOSÉ,,SUBURBIO,COLISÃO FRONTAL,1,1,0,0,0,0,0,0,0,1,0,Cruzamento,Bom,Não existe,Incompleta,Seca,Perfeito estado,Não existe,R-6a,60 km/h,Única,Faixa seccionada,,
202230289,2022-12-17,,COM VÍTIMA,FINALIZADA,SAN MARTIN,RUA COMENDADOR JOSE VITA,,RUA MOSSORO,PROX AO BAR SAN BOTEQUIM,SAN MARTIN,,,COLISÃO LATERAL,1,1,0,0,0,0,0,0,0,1,0,Cruzamento,Bom,Não existe,Não existente,Seca,Perfeito estado,Não existe,Não há placas,30 km/h,Dupla,Não existe,,
202230290,2022-12-17,,SEM VÍTIMA,FINALIZADA,ÁGUA FRIA,RUA DR PEREIRA DA SILVA,88,,NA RUA DO ITALIANO BEBEIDAS,ÁGUA FRIA,,,COLISÃO TRASEIRA,1,0,0,0,0,0,1,0,0,0,0,,,,,,,,,,,,,
202230322,2022-12-17,,COM VÍTIMA,FINALIZADA,VASCO DA GAMA,RUA VASCO DA GAMA,1895,,NA SUBIDA DO VASCO DA GAMA PROXIMO A  NOVA DESCOBERTA,VASCO DA GAMA,,,COLISÃO FRONTAL,1,1,0,0,0,0,0,0,0,2,0,,,,,,,,,,,,,
202230326,2022-12-18,,COM VÍTIMA,FINALIZADA,SÃO JOSÉ,RUA IMPERIAL,,,SEMAFORO 511,SÃO JOSÉ,511,SUBURBIO,,1,1,0,0,0,0,0,0,0,1,0,Cruzamento,Bom,Sem defeito,Perfeito estado,Seca,Perfeito estado,Faixa de pedestre,Não há placas,,Única,Faixa seccionada,,
202230340,2022-12-18,,COM VÍTIMA,FINALIZADA,BOA VIAGEM,RUA DES JOAO PAES,66,,EM FRENTE AO MASCOTE PET CENTER,BOA VIAGEM,,,COLISÃO LATERAL,1,1,0,0,0,0,0,0,0,1,0,Cruzamento,Bom,Não existe,Perfeito estado,Seca,Perfeito estado,Faixa de pedestre,"Placas ""Pare""",,Única,Não existe,,
202230391,2022-12-18,,COM VÍTIMA,FINALIZADA,MADALENA,RUA DEMOCRITO DE SOUZA FILHO,477,,NA FRENTE DO EDIFICIO BOSQUE DE BOULOGNE,MADALENA,,,COLISÃO LATERAL,1,1,0,0,0,0,0,0,0,1,0,Cruzamento,Bom,Não existe,Perfeito estado,Seca,Perfeito estado,Não existe,Não há placas,30 km/h,Única,Não existe,,
202230421,2022-12-19,,COM VÍTIMA,FINALIZADA,SANTO AMARO,AV GOVERNADOR AGAMENON MAGALHAES,2615,,"APOS O CIRCULO MILITAR, NA SUBIDA DO VIADUTO SENT. OLINDA",SANTO AMARO,,SUBURBIO,COLISÃO TRASEIRA,1,1,0,0,0,0,0,0,0,2,0,Longo da via,Bom,Não existe,Perfeito estado,Seca,Perfeito estado,Não existe,Não há placas,60 km/h,Dupla,Faixa contínua,,
202230426,2022-12-19,,COM VÍTIMA,FINALIZADA,SANTO ANTÔNIO,RUA IMPERADOR PEDRO SEGUNDO,446,RUA PRIMEIRO DE MARCO,ESQUINA COM A PRIMEIDO DE MARÇO,SANTO ANTÔNIO,18,CIDADE,QUEDA,0,1,0,0,0,0,0,0,0,1,0,Cruzamento,Bom,Sem defeito,Perfeito estado,Oleosa,Perfeito estado,Faixa de pedestre,Não há placas,40 km/h,Única,Faixa seccionada,,
202230428,2022-12-19,,SEM VÍTIMA,FINALIZADA,MADALENA,AV VISCONDE DE ALBUQUERQUE,137,,EM FRENTE AO Nº 137,MADALENA,,CIDADE,COLISÃO TRASEIRA,0,0,0,0,0,1,0,1,0,0,0,Longo da via,Bom,Não existe,Perfeito estado,Seca,Perfeito estado,Não existe,Outras,,Única,Faixa seccionada,,
202230429,2022-12-19,,COM VÍTIMA,FINALIZADA,TORRE,RUA JOSE BONIFACIO,1210,RUA MARCOS ANDRE,EM FRENTE AO CARREFOUR,TORRE,487,SUBURBIO,COLISÃO LATERAL,1,1,0,0,0,0,0,0,0,1,0,Longo da via,Bom,Sem defeito,Perfeito estado,Seca,Perfeito estado,Não existe,R-6a,,Dupla,Faixa seccionada,Canteiro central,
202230431,2022-12-19,,COM VÍTIMA,FINALIZADA,CASA AMARELA,RUA CONS NABUCO,271,RUA ANTONIO DE CASTRO,PRÓXIMO AO BOMPREÇO,CASA AMARELA,,CIDADE,COLISÃO LATERAL,1,1,0,0,0,0,0,0,0,2,0,Longo da via,Bom,Não existe,Perfeito estado,Seca,Perfeito estado,,R-6a,,Dupla,Não existe,,
202230441,2022-12-19,,COM VÍTIMA,FINALIZADA,CASA AMARELA,AV NORTE MIGUEL ARRAES DE ALENCAR,5623,,LADO OPOSTO AO NÚMERO 5623 PRÓXIMO A ASSOCIAÇÃO DAS COSTUREIRAS DE CASA AMARAELA,CASA AMARELA,,CIDADE,COLISÃO LATERAL,1,1,0,0,0,0,0,0,0,1,0,Longo da via,Bom,Não existe,Perfeito estado,Seca,Perfeito estado,Não existe,Não há placas,,Dupla,Canteiro central,,
202230448,2022-11-30,,COM VÍTIMA,FINALIZADA,DERBY,AV GOVERNADOR AGAMENON MAGALHAES,,,SOB O SEMÁFORO,DERBY,75,OLINDA,COLISÃO TRASEIRA,0,2,0,0,0,0,0,0,0,1,0,Longo da via,Chuvoso,Sem defeito,Perfeito estado,Molhada,Perfeito estado,Agente,,60 km/h,Única,Faixa contínua,Faixa seccionada,
202230453,2022-12-02,,COM VÍTIMA,FINALIZADA,BOA VIAGEM,AVENIDA CELSO FURTADO (VIA MANGUE),165,,"DESCIDA DO VIADUTO,  19 BPM",BOA VIAGEM,,CIDADE,ATROPELAMENTO DE PESSOA,1,0,0,0,2,0,0,0,0,2,0,Viaduto,Bom,Não existe,Perfeito estado,Seca,Perfeito estado,Não existe,Não há placas,,Única,Não existe,,
202230454,2022-12-03,,COM VÍTIMA,FINALIZADA,AFOGADOS,RUA SANTOS ARAUJO,,,PADRE CÍCERO AUTOPEÇAS,AFOGADOS,,CIDADE,COLISÃO LATERAL,0,1,0,0,0,0,0,0,0,1,0,Longo da via,Bom,Sem defeito,Perfeito estado,Seca,Perfeito estado,Agente,Outras,,Única,Faixa seccionada,,
202230462,2022-12-19,,COM VÍTIMA,FINALIZADA,CORDEIRO,RUA GOMES TABORDA,869,RUA FREI TEOFILO DE VIRGOLETTA,PROX DESMOTO PEÇAS E ASSESSÓRIO,CORDEIRO,,CIDADE,COLISÃO LATERAL,0,1,0,0,0,0,0,0,1,1,0,Esquina,Bom,Não existe,Não existente,Seca,Mal conservada,Não existe,Não há placas,,Dupla,Não existe,,
202230465,2022-12-19,,COM VÍTIMA,CANCELADA,PRADO,RUA CARLOS GOMES,932,,PROX AO POSTO DE SAUDE ROMERO MARQUES,PRADO,,,COLISÃO LATERAL,1,1,0,0,0,0,0,0,0,1,0,,,,,,,,,,,,,
202230467,2022-12-19,,COM VÍTIMA,FINALIZADA,ILHA DO LEITE,AV LINS PETIT,161,,NA FRENTE DO HOSPITAL HGMI,ILHA DO LEITE,,SUBURBIO,COLISÃO LATERAL,1,1,0,0,0,0,0,0,0,1,0,Longo da via,Bom,Não existe,Não existente,Seca,Perfeito estado,Não existe,Outras,40 km/h,Única,Não existe,,
202230469,2022-12-19,,SEM VÍTIMA,FINALIZADA,IPUTINGA,AV MAURICIO DE NASSAU,156,AV PROFESSOR JOAQUIM CAVALCANTI,,IPUTINGA,,CIDADE,,1,0,0,0,0,0,1,0,0,0,0,Outros,Bom,Não existe,Perfeito estado,Seca,Perfeito estado,Não existe,Outras,,Dupla,,,
202230471,2022-12-19,,SEM VÍTIMA,FINALIZADA,TORRE,RUA REAL DA TORRE,1275,RUA CONDE DE IRAJA,AO LADO DO EXTRA,TORRE,106,SUBURBIO,COLISÃO FRONTAL,1,1,0,0,0,0,0,1,0,0,0,Longo da via,Bom,Sem defeito,Perfeito estado,Seca,Perfeito estado,Faixa de pedestre,,,Única,,,
202230503,2022-12-19,,COM VÍTIMA,FINALIZADA,ILHA JOANA BEZERRA,AV BEIRA RIO,,,PRÓXIMO AO FORUM / ACADEMIA DA CIDADE,ILHA JOANA BEZERRA,,SUBURBIO,COLISÃO LATERAL,1,1,0,0,0,0,0,0,0,1,0,Longo da via,Bom,Não existe,Perfeito estado,Seca,Perfeito estado,Não existe,R-6a,,Dupla,Faixa contínua,,
202230505,2022-12-19,,SEM VÍTIMA,FINALIZADA,BOA VIAGEM,RUA DR GASPAR REGUEIRA COSTA,36,,"RUA ""E 3"", PRÓXIMO A LOJA C&A / ESTACIONAMENTO DO SHOPPING RECIFE",BOA VIAGEM,,,COLISÃO LATERAL,2,0,0,0,0,0,0,0,0,0,0,,,,,,,,,,,,,
202230514,2022-12-19,,COM VÍTIMA,FINALIZADA,SAN MARTIN,AV CONSUL VILARES FRAGOSO,,RUA OUREM,COM A RUA ORÉM,SAN MARTIN,,CIDADE,COLISÃO LATERAL,1,1,0,0,0,0,0,0,0,2,0,Esquina,Bom,Não existe,Perfeito estado,Seca,Perfeito estado,Não existe,Não há placas,,Dupla,Não existe,,
202230517,2022-12-19,,COM VÍTIMA,FINALIZADA,CAMPO GRANDE,RUA ODORICO MENDES,206,RUA VISCONDE DE CAIRU,"COM A RUA VISCONDE DE CAIRÚ, APOIS O CLUBE DAS PAZ",CAMPO GRANDE,,,COLISÃO LATERAL,1,1,0,0,0,0,0,0,0,2,0,Cruzamento,Bom,Não existe,Perfeito estado,Seca,Perfeito estado,Não existe,R-1,,Dupla,Não existe,,
202230520,2022-12-20,,SEM VÍTIMA,CANCELADA,BOA VIAGEM,AV ENGENHEIRO DOMINGOS FERREIRA,844,,EM FRENTE A CARRILHO VEÍCULOS,BOA VIAGEM,,,CHOQUE,1,0,0,0,0,0,0,0,0,0,0,,,,,,,,,,,,,
202230535,2022-12-20,,COM VÍTIMA,FINALIZADA,JARDIM SÃO PAULO,RUA OSORIO BORBA,338,AV SAO PAULO,ENFRENTE AO MERCADINHO RENDE MAIS,JARDIM SÃO PAULO,,CIDADE,ATROPELAMENTO DE PESSOA,1,0,0,0,1,0,0,0,0,1,0,Cruzamento,Bom,Não existe,Incompleta,Seca,Perfeito estado,Não existe,R-6c,30 km/h,Única,Não existe,,
202230542,2022-12-20,,COM VÍTIMA,FINALIZADA,SAN MARTIN,AV ENGENHEIRO ABDIAS DE CARVALHO,,,PROXIMO AO COMPAZ DA ABDIAS DE CARVALHO,SAN MARTIN,668,CIDADE,COLISÃO LATERAL,1,1,0,0,0,0,0,0,0,2,0,Longo da via,Bom,Sem defeito,Perfeito estado,Seca,Perfeito estado,Não existe,Não há placas,60 km/h,Dupla,Faixa contínua,Canteiro central,
202230573,2022-12-20,,COM VÍTIMA,FINALIZADA,CAXANGÁ,AV CAXANGA,,,UNISSAU / HABITACIONAL MARCOS FREIRE,CAXANGÁ,45,SUBURBIO,COLISÃO LATERAL,0,1,0,0,0,0,1,0,0,1,0,Longo da via,Bom,Sem defeito,Ilegível,Seca,Perfeito estado,,Não há placas,,Dupla,Canteiro central,,
202230580,2022-12-20,,COM VÍTIMA,FINALIZADA,CASA AMARELA,RUA CONS PERETTI,115,RUA OSCAR DE BARROS,PRÓX. AO DISTRITO SANITÁRIO III,CASA AMARELA,,SUBURBIO,COLISÃO LATERAL,1,0,0,0,0,0,1,0,0,1,0,Cruzamento,Bom,Não existe,Perfeito estado,Seca,Perfeito estado,Faixa de pedestre,"Placas ""Pare""",,Única,Faixa contínua,,
202230584,2022-12-20,,SEM VÍTIMA,FINALIZADA,COELHOS,RUA DOS COELHOS,186,,EM FRENTE AO Nº 186,COELHOS,,SUBURBIO,,2,0,0,0,0,0,0,0,0,0,0,Longo da via,Bom,Não existe,Perfeito estado,Seca,Perfeito estado,Não existe,Não há placas,,Única,Não existe,,
202230586,2022-12-20,,COM VÍTIMA,FINALIZADA,AREIAS,AV DR JOSE RUFINO,,,EM FRENTE A ESCOLA PRESIDENTE HUMBERTO CASTELO BRANCO,AREIAS,156,CIDADE,COLISÃO LATERAL,1,1,0,0,0,0,0,0,0,1,0,Longo da via,Bom,Sem defeito,Perfeito estado,Seca,Perfeito estado,Faixa de pedestre,Não há placas,40 km/h,Dupla,Faixa contínua,,
202230588,2022-12-20,,COM VÍTIMA,FINALIZADA,BOA VIAGEM,RUA BRUNO VELOSO,,,EM FRENTE ACADEMIA BODY TECH/ NA ENTRADA DO SHOPPING RECIFE,BOA VIAGEM,,SUBURBIO,ATROPELAMENTO DE PESSOA,1,0,0,0,1,0,0,0,0,1,0,Longo da via,Bom,Não existe,Perfeito estado,Seca,Perfeito estado,Faixa de pedestre,R-6a,,Única,Não existe,,
202230593,2022-12-16,,COM VÍTIMA,FINALIZADA,SANTO AMARO,AV CRUZ CABUGA,212,,,SANTO AMARO,523,SUBURBIO,ATROPELAMENTO DE PESSOA,1,0,0,0,1,0,0,0,0,1,0,Longo da via,Bom,Sem defeito,Perfeito estado,Seca,Perfeito estado,Faixa de pedestre,Não há placas,40 km/h,Dupla,,,
202230602,2022-12-20,,SEM VÍTIMA,FINALIZADA,CASA AMARELA,RUA BELA VISTA,,RUA ENGENHEIRO DOMBER,EM FRENTE AO Nº 212,CASA AMARELA,,SUBURBIO,COLISÃO TRANSVERSAL,1,0,0,0,0,1,0,0,0,0,0,Cruzamento,Bom,Não existe,Incompleta,Seca,Perfeito estado,Não existe,Não há placas,,Dupla,Faixa seccionada,,
202230606,2022-12-20,,COM VÍTIMA,FINALIZADA,SÃO JOSÉ,RUA SANTA RITA,,,PROX A TORRE DE GEMEAS,SÃO JOSÉ,76,CIDADE,QUEDA,0,1,0,0,0,0,0,0,0,1,0,Longo da via,Bom,Sem defeito,Perfeito estado,Seca,Perfeito estado,Não existe,,,Dupla,Faixa seccionada,,
202230621,2022-12-20,,COM VÍTIMA,FINALIZADA,ESTÂNCIA,AV ESTANCIA,,RUA MORAIS E SILVA,PROX A ESTAÇAO SANTA LUZIA,ESTÂNCIA,,,COLISÃO LATERAL,1,1,0,0,0,0,0,0,0,1,0,,,,,,,,,,,,,
202230622,2022-12-20,,COM VÍTIMA,FINALIZADA,SANCHO,RUA DO SANCHO,255,RUA APRIGIO GUIMARAES,AO LADO DA IGREJA SALÃO DO REINO DAS TESTEMUNHA DE JEOVA,SANCHO,,,COLISÃO TRASEIRA,2,0,0,0,0,0,0,0,0,1,0,Longo da via,Bom,Não existe,Não existente,Seca,Perfeito estado,Não existe,Não há placas,,Dupla,Não existe,,
202230629,2022-12-20,,SEM VÍTIMA,CANCELADA,PORTO DA MADEIRA,RUA NOVA ESPERANCA,99,RUA DR TRINDADE HENRIQUE,(RUA VILA NOVA ESPERANÇA) PRÓXIMO AO SEST SENAT,PORTO DA MADEIRA,,,COLISÃO FRONTAL,0,0,0,0,0,0,0,0,0,0,0,,,,,,,,,,,,,
202230630,2022-12-20,,COM VÍTIMA,FINALIZADA,VASCO DA GAMA,RUA VASCO DA GAMA,4095,,SUBIDA DO VISGUEIRO,VASCO DA GAMA,,,ATROPELAMENTO DE PESSOA,0,0,0,0,1,1,0,0,0,1,0,Longo da via,Bom,Não existe,Não existente,Seca,Perfeito estado,Não existe,Não há placas,,Dupla,Não existe,,
202230637,2022-12-21,,COM VÍTIMA,FINALIZADA,PRADO,AV ENGENHEIRO ABDIAS DE CARVALHO,1079,RUA JOAO IVO DA SILVA,PRÓXIMO AO HABIBBS,PRADO,132,SUBURBIO,COLISÃO FRONTAL,0,1,0,0,0,0,1,0,0,1,0,Cruzamento,Bom,Sem defeito,Perfeito estado,Seca,Perfeito estado,Faixa de pedestre,Não há placas,,Dupla,Faixa contínua,Canteiro central,
202230660,2022-12-21,,COM VÍTIMA,FINALIZADA,CAMPO GRANDE,EST DE BELEM,1470,RUA TENENTE FORTUNA,,CAMPO GRANDE,,,COLISÃO TRANSVERSAL,1,1,0,0,0,0,0,0,0,1,0,,,,,,,,,,,,,
202230662,2022-12-21,,COM VÍTIMA,FINALIZADA,IPUTINGA,RUA RIBEIRO PESSOA,,AV CAXANGA,AO LADO DA UPA,IPUTINGA,281,CIDADE,COLISÃO FRONTAL,2,1,0,0,0,0,0,0,0,1,0,Cruzamento,Bom,Sem defeito,Perfeito estado,Seca,Perfeito estado,Agente,Outras,60 km/h,Única,Não existe,,
202230671,2022-12-21,,COM VÍTIMA,FINALIZADA,CORDEIRO,RUA SOUZA BANDEIRA,54,,PROX A FARMACIA DROGASIL,CORDEIRO,,CIDADE,COLISÃO COM CICLISTA,1,0,0,1,0,0,0,0,0,1,0,Longo da via,Bom,Não existe,Perfeito estado,Seca,Perfeito estado,Não existe,Outras,,Única,Faixa seccionada,,
202230690,2022-12-21,,COM VÍTIMA,FINALIZADA,SAN MARTIN,AV JOAO CABRAL DE MELO NETO,416,,NA PONTE APÓS A ROTATORIA SENTIDO AV. RECIFE,SAN MARTIN,,CIDADE,ATROPELAMENTO DE PESSOA,1,0,0,0,1,0,0,0,0,1,0,Ponte,Bom,Não existe,Não existente,Seca,Perfeito estado,Não existe,Não há placas,,Dupla,Canteiro central,,
202230693,2022-12-21,,COM VÍTIMA,FINALIZADA,TORRE,RUA JOSE BONIFACIO,1315,,ESTACIONAMENTO DO CARREFOUR,TORRE,,,COLISÃO FRONTAL,1,1,0,0,0,0,0,0,0,1,0,Outros,Bom,,Perfeito estado,Seca,Perfeito estado,Não existe,Não há placas,,Única,Faixa seccionada,,
202230696,2022-12-21,,COM VÍTIMA,FINALIZADA,ESPINHEIRO,RUA MARQUES DO PARANA,,RUA ALFREDO DE CARVALHO,PROXIMO A SIMONE BARROS E AO MARTELINHO DE OURO,ESPINHEIRO,,CIDADE,COLISÃO LATERAL,1,1,0,0,0,0,0,0,0,1,0,Cruzamento,Bom,Não existe,Perfeito estado,Seca,Perfeito estado,Faixa de retenção,"Placas ""Pare""",30 km/h,Única,Não existe,,
202230703,2022-12-21,,COM VÍTIMA,FINALIZADA,BARRO,AV DR JOSE RUFINO,1640,,EM FRENTE A ENTRADA DE JARDIM UCHOA,BARRO,557,CIDADE,COLISÃO LATERAL,1,1,0,0,0,0,0,0,0,2,0,Esquina,Bom,Sem defeito,Incompleta,Seca,Mal conservada,Faixa de pedestre,Não há placas,,Dupla,Não existe,,
202230755,2022-12-22,,COM VÍTIMA,FINALIZADA,CASA AMARELA,AV NORTE MIGUEL ARRAES DE ALENCAR,6607,RUA BONITO DE SANTA FE,"PROX. A MATERNIDADE BARROS LIMA, SENT. CIDADE",CASA AMARELA,256,CIDADE,COLISÃO COM CICLISTA,0,0,0,1,0,1,0,0,0,1,0,Longo da via,Nublado,Sem defeito,Perfeito estado,Seca,,,Outras,,Única,Canteiro central,,